{
  "128269": {
    "list": [
      {
        "item_wx_url": "//weixin.meilishuo.com/wx/detail/1lmifoq",
        "image": "https://s11.mogucdn.com/mlcdn/c45406/171204_6500ka7lk0204i1l937j6380kgaic_640x960.jpg",
        "timeLimitCutPrice": "",
        "item_id": "1lmifoq",
        "itemLikes": "11280",
        "promotionImgExt": "{}",
        "discountPrice": "164.00",
        "title": "毛呢大衣女中长款韩版2018新款冬季加厚加棉森系文艺呢子外套",
        "userId": "144335350",
        "adId": "334793457",
        "itemSale": "249",
        "price": "265.00",
        "item_url": "//shop.mogujie.com/detail/1lmifoq",
        "item_h5_url": "//h5.mogujie.com/detail-normal/index.html?itemId=1lmifoq",
        "acm": "3.mce.1_4_1lmifoq.128269.0-81258-69042.fFBAQr81kXUyU.sd_119_117-t_-pos_0-m_15478005"
      },
      {
        "item_wx_url": "//weixin.meilishuo.com/wx/detail/1llk1ok",
        "image": "https://s11.mogucdn.com/mlcdn/c45406/171124_527j2ei705bgl6e6chj27j49if7ce_640x960.jpg",
        "timeLimitCutPrice": "",
        "item_id": "1llk1ok",
        "itemLikes": "8158",
        "promotionImgExt": "{}",
        "discountPrice": "159.00",
        "title": "2018秋冬上新韩版新款时尚气质中长款过膝毛毛领毛呢外套女粉色宽松显瘦呢子大衣",
        "userId": "63111795",
        "adId": "341574812",
        "itemSale": "750",
        "price": "263.34",
        "item_url": "//shop.mogujie.com/detail/1llk1ok",
        "item_h5_url": "//h5.mogujie.com/detail-normal/index.html?itemId=1llk1ok",
        "acm": "3.mce.1_4_1llk1ok.128269.0-81258-69042.fFBAQr81kXUyU.sd_119_117-t_-pos_1-m_15477970"
      },
      {
        "item_wx_url": "//weixin.meilishuo.com/wx/detail/1kpnsho",
        "image": "https://s11.mogucdn.com/mlcdn/c45406/171105_4ikdh20f9e3j5fb0b7e62dehi7dih_640x960.jpg",
        "timeLimitCutPrice": "",
        "item_id": "1kpnsho",
        "itemLikes": "9377",
        "promotionImgExt": "{}",
        "discountPrice": "148.00",
        "title": "毛呢外套女2018秋冬季新款女装灯笼袖中长款加厚收腰显瘦系带呢子大衣韩版",
        "userId": "131601490",
        "adId": "362150311",
        "itemSale": "538",
        "price": "242.00",
        "item_url": "//shop.mogujie.com/detail/1kpnsho",
        "item_h5_url": "//h5.mogujie.com/detail-normal/index.html?itemId=1kpnsho",
        "acm": "3.mce.1_4_1kpnsho.128269.0-81258-69042.fFBAQr81kXUyU.sd_119_117-t_-pos_2-m_15477982"
      },
      {
        "item_wx_url": "//weixin.meilishuo.com/wx/detail/1m9l2aq",
        "image": "https://s3.mogucdn.com/mlcdn/c45406/181008_6ba6kl5592bk5984li63e1jhlb6ab_1000x1499.jpg",
        "timeLimitCutPrice": "",
        "item_id": "1m9l2aq",
        "itemLikes": "85",
        "promotionImgExt": "{}",
        "discountPrice": "158.00",
        "title": "2018秋冬新款韩版宽松百搭廓形毛呢外套女简约休闲纯色中长款长袖开叉呢子大衣",
        "userId": "157005861",
        "adId": "",
        "itemSale": "1218",
        "price": "158.00",
        "item_url": "//shop.mogujie.com/detail/1m9l2aq",
        "item_h5_url": "//h5.mogujie.com/detail-normal/index.html?itemId=1m9l2aq",
        "acm": "3.mce.1_4_1m9l2aq.128269.0-81258-69042.fFBAQr81kXUyU.sd_119_117-t_-pos_3-m_15477980"
      },
      {
        "item_wx_url": "//weixin.meilishuo.com/wx/detail/1m97ety",
        "image": "https://s3.mogucdn.com/mlcdn/c45406/180929_01eag17bdje8ih4hk78f7b7g8khhe_640x960.jpg",
        "timeLimitCutPrice": "",
        "item_id": "1m97ety",
        "itemLikes": "1174",
        "promotionImgExt": "{}",
        "discountPrice": "135.00",
        "title": "呢子大衣女2018秋冬新款韩版系带收腰加厚加棉毛呢外套中长款千鸟格妮子深色风衣潮",
        "userId": "103962128",
        "adId": "445574292",
        "itemSale": "255",
        "price": "220.00",
        "item_url": "//shop.mogujie.com/detail/1m97ety",
        "item_h5_url": "//h5.mogujie.com/detail-normal/index.html?itemId=1m97ety",
        "acm": "3.mce.1_4_1m97ety.128269.0-81258-69042.fFBAQr81kXUyU.sd_119_117-t_-pos_4-m_15478010"
      },
      {
        "item_wx_url": "//weixin.meilishuo.com/wx/detail/1kkkhkm",
        "image": "https://s11.mogucdn.com/mlcdn/c45406/170916_4k36b1549fjcaed2ka1lal143ll04_640x960.jpg",
        "timeLimitCutPrice": "",
        "item_id": "1kkkhkm",
        "itemLikes": "1933",
        "promotionImgExt": "{}",
        "discountPrice": "109.90",
        "title": "林珊珊秋季新款气质复古英伦风格纹中长款风衣宽松显瘦百搭系带收腰侧开叉夹薄棉呢子大衣外套女",
        "userId": "70438776",
        "adId": "",
        "itemSale": "321",
        "price": "171.00",
        "item_url": "//shop.mogujie.com/detail/1kkkhkm",
        "item_h5_url": "//h5.mogujie.com/detail-normal/index.html?itemId=1kkkhkm",
        "acm": "3.mce.1_4_1kkkhkm.128269.0-81258-69042.fFBAQr81kXUyU.sd_119_117-t_-pos_5-m_15477990"
      },
      {
        "item_wx_url": "//weixin.meilishuo.com/wx/detail/1lml9tu",
        "image": "https://s3.mogucdn.com/mlcdn/c45406/171205_5ig732baa3269b68laj2ak79f22ge_640x960.jpg",
        "timeLimitCutPrice": "",
        "item_id": "1lml9tu",
        "itemLikes": "6988",
        "promotionImgExt": "{}",
        "discountPrice": "158.00",
        "title": "冬季新款韩版宽松呢大衣女翻领双排扣气质显瘦加厚中长款毛呢外套",
        "userId": "93863513",
        "adId": "",
        "itemSale": "269",
        "price": "225.72",
        "item_url": "//shop.mogujie.com/detail/1lml9tu",
        "item_h5_url": "//h5.mogujie.com/detail-normal/index.html?itemId=1lml9tu",
        "acm": "3.mce.1_4_1lml9tu.128269.0-81258-69042.fFBAQr81kXUyU.sd_119_117-t_-pos_6-m_15478001"
      },
      {
        "item_wx_url": "//weixin.meilishuo.com/wx/detail/1m9x8o2",
        "image": "https://s3.mogucdn.com/mlcdn/c45406/181015_40fj991086b47j04iiaf41akjaca5_640x854.jpg",
        "timeLimitCutPrice": "",
        "item_id": "1m9x8o2",
        "itemLikes": "269",
        "promotionImgExt": "{}",
        "discountPrice": "599.00",
        "title": "冬季上新韩版新款宽松气质英伦风仿狐狸毛大毛领呢子大衣学生百搭时尚休闲加绒千鸟格子毛呢外套女",
        "userId": "113618403",
        "adId": "454601443",
        "itemSale": "1069",
        "price": "599.00",
        "item_url": "//shop.mogujie.com/detail/1m9x8o2",
        "item_h5_url": "//h5.mogujie.com/detail-normal/index.html?itemId=1m9x8o2",
        "acm": "3.mce.1_4_1m9x8o2.128269.0-81258-69042.fFBAQr81kXUyU.sd_119_117-t_-pos_7-m_15477965"
      },
      {
        "item_wx_url": "//weixin.meilishuo.com/wx/detail/1kqgywk",
        "image": "https://s3.mogucdn.com/mlcdn/c45406/171118_8gh2gi7i7hkdkcg88531109fhhihd_640x960.jpg",
        "timeLimitCutPrice": "10",
        "item_id": "1kqgywk",
        "itemLikes": "6656",
        "promotionImgExt": "{}",
        "discountPrice": "126.00",
        "title": "2018秋冬新款学生宽松大码韩国呢大衣中长款格子毛呢外套女",
        "userId": "80337405",
        "adId": "425717171",
        "itemSale": "3227",
        "price": "184.29",
        "item_url": "//shop.mogujie.com/detail/1kqgywk",
        "item_h5_url": "//h5.mogujie.com/detail-normal/index.html?itemId=1kqgywk",
        "acm": "3.mce.1_4_1kqgywk.128269.0-81258-69042.fFBAQr81kXUyU.sd_119_117-t_-pos_8-m_15477975"
      },
      {
        "item_wx_url": "//weixin.meilishuo.com/wx/detail/1m90new",
        "image": "https://s3.mogucdn.com/mlcdn/c45406/180925_08b4h61bf4gjh1i81aa60aabjk02b_800x1065.jpg",
        "timeLimitCutPrice": "",
        "item_id": "1m90new",
        "itemLikes": "73",
        "promotionImgExt": "{}",
        "discountPrice": "59.99",
        "title": "10.27 736  毛呢大衣",
        "userId": "273037959",
        "adId": "",
        "itemSale": "950",
        "price": "59.99",
        "item_url": "//shop.mogujie.com/detail/1m90new",
        "item_h5_url": "//h5.mogujie.com/detail-normal/index.html?itemId=1m90new",
        "acm": "3.mce.1_4_1m90new.128269.0-81258-69042.fFBAQr81kXUyU.sd_119_117-t_-pos_9-m_15477979"
      },
      {
        "item_wx_url": "//weixin.meilishuo.com/wx/detail/1m9psv2",
        "image": "https://s11.mogucdn.com/mlcdn/c45406/181011_5gc9g1lib2b2if3b072l82fab0350_640x960.jpg",
        "timeLimitCutPrice": "",
        "item_id": "1m9psv2",
        "itemLikes": "161",
        "promotionImgExt": "{}",
        "discountPrice": "176.00",
        "title": "赫本风毛呢外套女中长韩版ins超火新款秋冬时尚气质收腰显瘦中长款矮个子休闲宽松格纹呢子大衣",
        "userId": "371534111",
        "adId": "452544013",
        "itemSale": "241",
        "price": "299.00",
        "item_url": "//shop.mogujie.com/detail/1m9psv2",
        "item_h5_url": "//h5.mogujie.com/detail-normal/index.html?itemId=1m9psv2",
        "acm": "3.mce.1_4_1m9psv2.128269.0-81258-69042.fFBAQr81kXUyU.sd_119_117-t_-pos_10-m_15477996"
      },
      {
        "item_wx_url": "//weixin.meilishuo.com/wx/detail/1kpvmlg",
        "image": "https://s11.mogucdn.com/mlcdn/c45406/171108_1h9ga9jd2a70d80dgh2hfag16jej4_640x960.jpg",
        "timeLimitCutPrice": "",
        "item_id": "1kpvmlg",
        "itemLikes": "3690",
        "promotionImgExt": "{}",
        "discountPrice": "159.00",
        "title": "2018秋冬季新款韩版灯笼袖呢子大衣女系带收腰显瘦中长款加厚毛呢外套",
        "userId": "233887327",
        "adId": "437973250",
        "itemSale": "297",
        "price": "235.72",
        "item_url": "//shop.mogujie.com/detail/1kpvmlg",
        "item_h5_url": "//h5.mogujie.com/detail-normal/index.html?itemId=1kpvmlg",
        "acm": "3.mce.1_4_1kpvmlg.128269.0-81258-69042.fFBAQr81kXUyU.sd_119_117-t_-pos_11-m_15477994"
      },
      {
        "item_wx_url": "//weixin.meilishuo.com/wx/detail/1m9a672",
        "image": "https://s11.mogucdn.com/mlcdn/c45406/181001_2bkkl7h2kld704jbe1g61fie1691a_640x960.jpg",
        "timeLimitCutPrice": "10",
        "item_id": "1m9a672",
        "itemLikes": "2937",
        "promotionImgExt": "{}",
        "discountPrice": "148.00",
        "title": "2018韩版新款秋冬流行呢子大衣女学生中长款燕麦色西装毛呢外套女",
        "userId": "249994728",
        "adId": "445954097",
        "itemSale": "396",
        "price": "225.72",
        "item_url": "//shop.mogujie.com/detail/1m9a672",
        "item_h5_url": "//h5.mogujie.com/detail-normal/index.html?itemId=1m9a672",
        "acm": "3.mce.1_4_1m9a672.128269.0-81258-69042.fFBAQr81kXUyU.sd_119_117-t_-pos_12-m_15477971"
      },
      {
        "item_wx_url": "//weixin.meilishuo.com/wx/detail/1ma21o0",
        "image": "https://s11.mogucdn.com/mlcdn/c45406/181021_4gfa3lj81af6f304k0il64287gabl_1080x1620.jpg",
        "timeLimitCutPrice": "",
        "item_id": "1ma21o0",
        "itemLikes": "813",
        "promotionImgExt": "{}",
        "discountPrice": "239.90",
        "title": "就是简单的两颗扣呢外套（3-30天发货）",
        "userId": "40814952",
        "adId": "",
        "itemSale": "2450",
        "price": "239.90",
        "item_url": "//shop.mogujie.com/detail/1ma21o0",
        "item_h5_url": "//h5.mogujie.com/detail-normal/index.html?itemId=1ma21o0",
        "acm": "3.mce.1_4_1ma21o0.128269.0-81258-69042.fFBAQr81kXUyU.sd_119_117-t_-pos_13-m_15477964"
      },
      {
        "item_wx_url": "//weixin.meilishuo.com/wx/detail/1m8zrhq",
        "image": "https://s3.mogucdn.com/mlcdn/c45406/180925_8a4gk6j40788jk5ba69fil82fi4a6_640x960.jpg",
        "timeLimitCutPrice": "",
        "item_id": "1m8zrhq",
        "itemLikes": "1316",
        "promotionImgExt": "{}",
        "discountPrice": "105.00",
        "title": "2018秋季韩版气质西装领纯色挺括宽松显瘦插肩长袖保暖百搭毛呢外套",
        "userId": "67484652",
        "adId": "443493744",
        "itemSale": "263",
        "price": "175.00",
        "item_url": "//shop.mogujie.com/detail/1m8zrhq",
        "item_h5_url": "//h5.mogujie.com/detail-normal/index.html?itemId=1m8zrhq",
        "acm": "3.mce.1_4_1m8zrhq.128269.0-81258-69042.fFBAQr81kXUyU.sd_119_117-t_-pos_14-m_15478003"
      },
      {
        "item_wx_url": "//weixin.meilishuo.com/wx/detail/1ma3vzw",
        "image": "https://s11.mogucdn.com/mlcdn/c45406/181019_21h71h1lgef3d7ca2i2cig8e9ck66_640x960.jpg",
        "timeLimitCutPrice": "",
        "item_id": "1ma3vzw",
        "itemLikes": "141",
        "promotionImgExt": "{}",
        "discountPrice": "125.00",
        "title": "2018秋冬新款仿水貂绒短外套加厚港味复古小个子新款翻领单排扣口袋长袖学生显瘦百搭毛绒夹克",
        "userId": "220797516",
        "adId": "",
        "itemSale": "4006",
        "price": "312.00",
        "item_url": "//shop.mogujie.com/detail/1ma3vzw",
        "item_h5_url": "//h5.mogujie.com/detail-normal/index.html?itemId=1ma3vzw",
        "acm": "3.mce.1_4_1ma3vzw.128269.0-81258-69042.fFBAQr81kXUyU.sd_119_117-t_-pos_15-m_15477977"
      },
      {
        "item_wx_url": "//weixin.meilishuo.com/wx/detail/1m9rz3m",
        "image": "https://s3.mogucdn.com/mlcdn/c45406/181012_6j8khedcg5il8i6dj47dlc39kee5h_1080x1620.jpg",
        "timeLimitCutPrice": "",
        "item_id": "1m9rz3m",
        "itemLikes": "717",
        "promotionImgExt": "{}",
        "discountPrice": "219.90",
        "title": "好面料方扣呢大衣（3-30天发货）",
        "userId": "40814952",
        "adId": "",
        "itemSale": "2896",
        "price": "219.90",
        "item_url": "//shop.mogujie.com/detail/1m9rz3m",
        "item_h5_url": "//h5.mogujie.com/detail-normal/index.html?itemId=1m9rz3m",
        "acm": "3.mce.1_4_1m9rz3m.128269.0-81258-69042.fFBAQr81kXUyU.sd_119_117-t_-pos_16-m_15477963"
      },
      {
        "item_wx_url": "//weixin.meilishuo.com/wx/detail/1m8roe2",
        "image": "https://s3.mogucdn.com/mlcdn/c45406/180919_5adfdikk4aj85kllbdlcj78016g5e_640x960.jpg",
        "timeLimitCutPrice": "",
        "item_id": "1m8roe2",
        "itemLikes": "55",
        "promotionImgExt": "{}",
        "discountPrice": "119.00",
        "title": "2018秋冬新款韩国chic中长款宽松茧型毛呢大衣女加厚学生羊毛妮子外套显瘦潮",
        "userId": "111319029",
        "adId": "440692696",
        "itemSale": "1349",
        "price": "199.00",
        "item_url": "//shop.mogujie.com/detail/1m8roe2",
        "item_h5_url": "//h5.mogujie.com/detail-normal/index.html?itemId=1m8roe2",
        "acm": "3.mce.1_4_1m8roe2.128269.0-81258-69042.fFBAQr81kXUyU.sd_119_117-t_-pos_17-m_15477978"
      },
      {
        "item_wx_url": "//weixin.meilishuo.com/wx/detail/1m7bk0s",
        "image": "https://s11.mogucdn.com/mlcdn/c45406/180816_0bl6kfj25g8b44k097cd64g54klci_640x960.jpg",
        "timeLimitCutPrice": "",
        "item_id": "1m7bk0s",
        "itemLikes": "3407",
        "promotionImgExt": "{}",
        "discountPrice": "129.90",
        "title": "秋季女装新款韩版小清新复古格子休闲西装领加厚中长款毛呢外套女宽松百搭呢子大衣女学生气质上衣",
        "userId": "166206566",
        "adId": "427090649",
        "itemSale": "269",
        "price": "215.00",
        "item_url": "//shop.mogujie.com/detail/1m7bk0s",
        "item_h5_url": "//h5.mogujie.com/detail-normal/index.html?itemId=1m7bk0s",
        "acm": "3.mce.1_4_1m7bk0s.128269.0-81258-69042.fFBAQr81kXUyU.sd_119_117-t_-pos_18-m_15478002"
      },
      {
        "item_wx_url": "//weixin.meilishuo.com/wx/detail/1m9s70k",
        "image": "https://s11.mogucdn.com/mlcdn/c45406/181012_0kbf1309kk7a8c68a2aiaal415e7k_640x959.jpg",
        "timeLimitCutPrice": "",
        "item_id": "1m9s70k",
        "itemLikes": "89",
        "promotionImgExt": "{}",
        "discountPrice": "159.00",
        "title": "秋冬新款毛呢外套女韩板格子女宽松呢大衣",
        "userId": "222318236",
        "adId": "",
        "itemSale": "22235",
        "price": "159.00",
        "item_url": "//shop.mogujie.com/detail/1m9s70k",
        "item_h5_url": "//h5.mogujie.com/detail-normal/index.html?itemId=1m9s70k",
        "acm": "3.mce.1_4_1m9s70k.128269.0-81258-69042.fFBAQr81kXUyU.sd_119_117-t_-pos_19-m_15477976"
      },
      {
        "item_wx_url": "//weixin.meilishuo.com/wx/detail/1m8uvjm",
        "image": "https://s11.mogucdn.com/mlcdn/c45406/180921_7jg2g0bhj90k24f46g2g1bldi9d39_640x960.jpg",
        "timeLimitCutPrice": "10",
        "item_id": "1m8uvjm",
        "itemLikes": "1333",
        "promotionImgExt": "{}",
        "discountPrice": "99.90",
        "title": "2018秋冬装新款韩版气质简约宽松休闲中长款过膝矮个子双面呢子大衣驼色毛呢外套女",
        "userId": "337005296",
        "adId": "442897814",
        "itemSale": "431",
        "price": "169.00",
        "item_url": "//shop.mogujie.com/detail/1m8uvjm",
        "item_h5_url": "//h5.mogujie.com/detail-normal/index.html?itemId=1m8uvjm",
        "acm": "3.mce.1_4_1m8uvjm.128269.0-81258-69042.fFBAQr81kXUyU.sd_119_117-t_-pos_20-m_15477985"
      },
      {
        "item_wx_url": "//weixin.meilishuo.com/wx/detail/1m7cuss",
        "image": "https://s11.mogucdn.com/mlcdn/c45406/180817_640288g5gd6l12ejb993fbf6a5b3i_640x960.jpg",
        "timeLimitCutPrice": "",
        "item_id": "1m7cuss",
        "itemLikes": "2306",
        "promotionImgExt": "{}",
        "discountPrice": "168.00",
        "title": "2018秋冬新款阿尔卡巴双面呢大衣小清新宽松显瘦学生中长款毛呢外套韩版百搭小个子上衣网红款",
        "userId": "63665909",
        "adId": "",
        "itemSale": "299",
        "price": "240.00",
        "item_url": "//shop.mogujie.com/detail/1m7cuss",
        "item_h5_url": "//h5.mogujie.com/detail-normal/index.html?itemId=1m7cuss",
        "acm": "3.mce.1_4_1m7cuss.128269.0-81258-69042.fFBAQr81kXUyU.sd_119_117-t_-pos_21-m_15477997"
      },
      {
        "item_wx_url": "//weixin.meilishuo.com/wx/detail/1m8ra02",
        "image": "https://s3.mogucdn.com/mlcdn/c45406/180919_2hj091l5chg71b2jl1hh4dd7f5gae_640x960.jpg",
        "timeLimitCutPrice": "",
        "item_id": "1m8ra02",
        "itemLikes": "966",
        "promotionImgExt": "{}",
        "discountPrice": "139.90",
        "title": "韩版秋装气质新款西装领双排扣袖拌长袖宽松显瘦千鸟格子毛呢大衣呢子外套",
        "userId": "67484652",
        "adId": "443081396",
        "itemSale": "363",
        "price": "233.00",
        "item_url": "//shop.mogujie.com/detail/1m8ra02",
        "item_h5_url": "//h5.mogujie.com/detail-normal/index.html?itemId=1m8ra02",
        "acm": "3.mce.1_4_1m8ra02.128269.0-81258-69042.fFBAQr81kXUyU.sd_119_117-t_-pos_22-m_15477987"
      },
      {
        "item_wx_url": "//weixin.meilishuo.com/wx/detail/1kn1o22",
        "image": "https://s3.mogucdn.com/mlcdn/c45406/171010_55e4c25h37i68e5g6clkf007kfdkb_640x960.jpg",
        "timeLimitCutPrice": "",
        "item_id": "1kn1o22",
        "itemLikes": "7350",
        "promotionImgExt": "{}",
        "discountPrice": "161.00",
        "title": "毛呢外套女秋冬装新款韩版时尚休闲抽绳修身连帽中长款毛呢外套呢子大衣上衣",
        "userId": "63949272",
        "adId": "436154297",
        "itemSale": "279",
        "price": "230.00",
        "item_url": "//shop.mogujie.com/detail/1kn1o22",
        "item_h5_url": "//h5.mogujie.com/detail-normal/index.html?itemId=1kn1o22",
        "acm": "3.mce.1_4_1kn1o22.128269.0-81258-69042.fFBAQr81kXUyU.sd_119_117-t_-pos_23-m_15477995"
      },
      {
        "item_wx_url": "//weixin.meilishuo.com/wx/detail/1knbbmq",
        "image": "https://s3.mogucdn.com/mlcdn/c45406/171012_4hj31f22ifh632e3ij91blel9960c_640x960.jpg",
        "timeLimitCutPrice": "",
        "item_id": "1knbbmq",
        "itemLikes": "10452",
        "promotionImgExt": "{}",
        "discountPrice": "125.00",
        "title": "2018新款秋冬加厚夹棉季韩版毛呢外套女中长款宽宽松显瘦修身羊毛大衣呢子大衣",
        "userId": "63588466",
        "adId": "340827410",
        "itemSale": "498",
        "price": "212.00",
        "item_url": "//shop.mogujie.com/detail/1knbbmq",
        "item_h5_url": "//h5.mogujie.com/detail-normal/index.html?itemId=1knbbmq",
        "acm": "3.mce.1_4_1knbbmq.128269.0-81258-69042.fFBAQr81kXUyU.sd_119_117-t_-pos_24-m_15477986"
      },
      {
        "item_wx_url": "//weixin.meilishuo.com/wx/detail/1m91ax2",
        "image": "https://s11.mogucdn.com/mlcdn/c45406/180926_35b9gke68jb25kb4eec651ia10d75_640x960.jpg",
        "timeLimitCutPrice": "",
        "item_id": "1m91ax2",
        "itemLikes": "801",
        "promotionImgExt": "{}",
        "discountPrice": "186.00",
        "title": "名媛气质新款翻领单排扣系带长袖挺括显瘦大衣长款毛呢外套女",
        "userId": "67484652",
        "adId": "443763163",
        "itemSale": "195",
        "price": "310.00",
        "item_url": "//shop.mogujie.com/detail/1m91ax2",
        "item_h5_url": "//h5.mogujie.com/detail-normal/index.html?itemId=1m91ax2",
        "acm": "3.mce.1_4_1m91ax2.128269.0-81258-69042.fFBAQr81kXUyU.sd_119_117-t_-pos_25-m_15478007"
      },
      {
        "item_wx_url": "//weixin.meilishuo.com/wx/detail/1m8uhjy",
        "image": "https://s11.mogucdn.com/mlcdn/c45406/180921_0f24g9kd27i0j03glc09l4g03f2h3_640x960.jpg",
        "timeLimitCutPrice": "15",
        "item_id": "1m8uhjy",
        "itemLikes": "478",
        "promotionImgExt": "{}",
        "discountPrice": "129.90",
        "title": "韩版气质新款大翻领无扣口袋长袖下摆开叉纯色茧型显瘦呢大衣长款毛呢外套",
        "userId": "67484652",
        "adId": "443081399",
        "itemSale": "224",
        "price": "228.00",
        "item_url": "//shop.mogujie.com/detail/1m8uhjy",
        "item_h5_url": "//h5.mogujie.com/detail-normal/index.html?itemId=1m8uhjy",
        "acm": "3.mce.1_4_1m8uhjy.128269.0-81258-69042.fFBAQr81kXUyU.sd_119_117-t_-pos_26-m_15478006"
      },
      {
        "item_wx_url": "//weixin.meilishuo.com/wx/detail/1m69y0s",
        "image": "https://s3.mogucdn.com/mlcdn/c45406/180722_5lja804608d7ld91jedc3jj6hge11_640x960.jpg",
        "timeLimitCutPrice": "",
        "item_id": "1m69y0s",
        "itemLikes": "888",
        "promotionImgExt": "{}",
        "discountPrice": "159.00",
        "title": "2018冬新款小个子毛呢外套中长款女款港味大衣赫本风百搭小西装灯笼袖休闲学生显瘦西装领上衣",
        "userId": "129384570",
        "adId": "442891538",
        "itemSale": "244",
        "price": "315.00",
        "item_url": "//shop.mogujie.com/detail/1m69y0s",
        "item_h5_url": "//h5.mogujie.com/detail-normal/index.html?itemId=1m69y0s",
        "acm": "3.mce.1_4_1m69y0s.128269.0-81258-69042.fFBAQr81kXUyU.sd_119_117-t_-pos_27-m_15478004"
      },
      {
        "item_wx_url": "//weixin.meilishuo.com/wx/detail/1m93bn6",
        "image": "https://s3.mogucdn.com/mlcdn/c45406/180927_13c4hck72i376f8l5aj0dafd0f30c_640x960.jpg",
        "timeLimitCutPrice": "",
        "item_id": "1m93bn6",
        "itemLikes": "748",
        "promotionImgExt": "{}",
        "discountPrice": "79.00",
        "title": "小个子毛呢外套女秋冬季新款韩国学生中长款bf大码宽松显瘦百搭翻领茧型呢子大衣加厚冬装闺蜜装",
        "userId": "176668953",
        "adId": "447510865",
        "itemSale": "199",
        "price": "158.00",
        "item_url": "//shop.mogujie.com/detail/1m93bn6",
        "item_h5_url": "//h5.mogujie.com/detail-normal/index.html?itemId=1m93bn6",
        "acm": "3.mce.1_4_1m93bn6.128269.0-81258-69042.fFBAQr81kXUyU.sd_119_117-t_-pos_28-m_15478008"
      },
      {
        "item_wx_url": "//weixin.meilishuo.com/wx/detail/1m9lthq",
        "image": "https://s11.mogucdn.com/mlcdn/c45406/181009_0j27cc2091g92lc78ikk8ff5gicg6_640x940.jpg",
        "timeLimitCutPrice": "",
        "item_id": "1m9lthq",
        "itemLikes": "288",
        "promotionImgExt": "{}",
        "discountPrice": "189.90",
        "title": "梨、新款韩版超高品质毛呢大衣外套",
        "userId": "333776804",
        "adId": "",
        "itemSale": "1334",
        "price": "189.90",
        "item_url": "//shop.mogujie.com/detail/1m9lthq",
        "item_h5_url": "//h5.mogujie.com/detail-normal/index.html?itemId=1m9lthq",
        "acm": "3.mce.1_4_1m9lthq.128269.0-81258-69042.fFBAQr81kXUyU.sd_119_117-t_-pos_29-m_15477966"
      },
      {
        "item_wx_url": "//weixin.meilishuo.com/wx/detail/1m8wclc",
        "image": "https://s11.mogucdn.com/mlcdn/c45406/180922_7b4h5bij2eii6aacjd1fde5f77fh0_640x960.jpg",
        "timeLimitCutPrice": "",
        "item_id": "1m8wclc",
        "itemLikes": "1807",
        "promotionImgExt": "{}",
        "discountPrice": "126.00",
        "title": "秋冬新款赫本风小个子黑色西装领系带收腰毛呢外套女中长款显廋呢子大衣潮",
        "userId": "116562143",
        "adId": "442486622",
        "itemSale": "462",
        "price": "210.00",
        "item_url": "//shop.mogujie.com/detail/1m8wclc",
        "item_h5_url": "//h5.mogujie.com/detail-normal/index.html?itemId=1m8wclc",
        "acm": "3.mce.1_4_1m8wclc.128269.0-81258-69042.fFBAQr81kXUyU.sd_119_117-t_-pos_30-m_15477974"
      },
      {
        "item_wx_url": "//weixin.meilishuo.com/wx/detail/1ma0rou",
        "image": "https://s3.mogucdn.com/mlcdn/c45406/181017_1j2lg7a65c4886j03h5fg137i0410_640x960.jpg",
        "timeLimitCutPrice": "",
        "item_id": "1ma0rou",
        "itemLikes": "96",
        "promotionImgExt": "{}",
        "discountPrice": "999.00",
        "title": "绑带翻领毛呢大衣",
        "userId": "88537683",
        "adId": "",
        "itemSale": "841",
        "price": "999.00",
        "item_url": "//shop.mogujie.com/detail/1ma0rou",
        "item_h5_url": "//h5.mogujie.com/detail-normal/index.html?itemId=1ma0rou",
        "acm": "3.mce.1_4_1ma0rou.128269.0-81258-69042.fFBAQr81kXUyU.sd_119_117-t_-pos_31-m_15477989"
      },
      {
        "item_wx_url": "//weixin.meilishuo.com/wx/detail/1m8yy5g",
        "image": "https://s3.mogucdn.com/mlcdn/55cf19/180922_1j3b4jhdak9jihifh54bj4kf6f17e_640x960.jpg",
        "timeLimitCutPrice": "",
        "item_id": "1m8yy5g",
        "itemLikes": "223",
        "promotionImgExt": "{}",
        "discountPrice": "109.00",
        "title": "韩版新款2018加厚厚款百搭小个子宽松加大休闲学院风妮子格子棒球服毛呢外套上衣女秋冬装",
        "userId": "215246377",
        "adId": "",
        "itemSale": "428",
        "price": "155.72",
        "item_url": "//shop.mogujie.com/detail/1m8yy5g",
        "item_h5_url": "//h5.mogujie.com/detail-normal/index.html?itemId=1m8yy5g",
        "acm": "3.mce.1_4_1m8yy5g.128269.0-81258-69042.fFBAQr81kXUyU.sd_119_117-t_-pos_32-m_15477988"
      },
      {
        "item_wx_url": "//weixin.meilishuo.com/wx/detail/1m9zfkq",
        "image": "https://s11.mogucdn.com/mlcdn/55cf19/181017_5h3gd0489gbbcfkdj5ake38d1lbdh_661x674.jpg",
        "timeLimitCutPrice": "",
        "item_id": "1m9zfkq",
        "itemLikes": "121",
        "promotionImgExt": "{}",
        "discountPrice": "399.00",
        "title": "赫本风毛呢外套女中长款宽松森系小个子呢子大衣",
        "userId": "111251794",
        "adId": "",
        "itemSale": "363",
        "price": "399.00",
        "item_url": "//shop.mogujie.com/detail/1m9zfkq",
        "item_h5_url": "//h5.mogujie.com/detail-normal/index.html?itemId=1m9zfkq",
        "acm": "3.mce.1_4_1m9zfkq.128269.0-81258-69042.fFBAQr81kXUyU.sd_119_117-t_-pos_33-m_15477968"
      },
      {
        "item_wx_url": "//weixin.meilishuo.com/wx/detail/1m9mg4w",
        "image": "https://s11.mogucdn.com/mlcdn/c45406/181009_16aa2ii4h36a9cg02219kdb6dc9ib_1080x1438.jpg",
        "timeLimitCutPrice": "",
        "item_id": "1m9mg4w",
        "itemLikes": "180",
        "promotionImgExt": "{}",
        "discountPrice": "229.00",
        "title": "8109提花黄金貂扣子短款外套1110（3-15天发货）",
        "userId": "166354271",
        "adId": "",
        "itemSale": "599",
        "price": "229.00",
        "item_url": "//shop.mogujie.com/detail/1m9mg4w",
        "item_h5_url": "//h5.mogujie.com/detail-normal/index.html?itemId=1m9mg4w",
        "acm": "3.mce.1_4_1m9mg4w.128269.0-81258-69042.fFBAQr81kXUyU.sd_119_117-t_-pos_34-m_15477981"
      },
      {
        "item_wx_url": "//weixin.meilishuo.com/wx/detail/1lqeeoq",
        "image": "https://s11.mogucdn.com/mlcdn/c45406/180119_48da7144bejl6i1c61i05jlf0fd89_640x960.jpg",
        "timeLimitCutPrice": "",
        "item_id": "1lqeeoq",
        "itemLikes": "8074",
        "promotionImgExt": "{}",
        "discountPrice": "89.00",
        "title": "秋冬季新款韩版短款棒球服呢子大衣学生宽松拼色外套女潮",
        "userId": "297778502",
        "adId": "372333691",
        "itemSale": "361",
        "price": "127.15",
        "item_url": "//shop.mogujie.com/detail/1lqeeoq",
        "item_h5_url": "//h5.mogujie.com/detail-normal/index.html?itemId=1lqeeoq",
        "acm": "3.mce.1_4_1lqeeoq.128269.0-81258-69042.fFBAQr81kXUyU.sd_119_117-t_-pos_35-m_15477993"
      },
      {
        "item_wx_url": "//weixin.meilishuo.com/wx/detail/1m8heqq",
        "image": "https://s3.mogucdn.com/mlcdn/c45406/180922_63d9hfdl5icejcjdj26eg7bjh6c98_640x960.jpg",
        "timeLimitCutPrice": "",
        "item_id": "1m8heqq",
        "itemLikes": "1224",
        "promotionImgExt": "{}",
        "discountPrice": "169.00",
        "title": "双面呢子大衣毛呢外套女中长款韩版2018新款森系赫本风大衣小个子",
        "userId": "228056451",
        "adId": "442623489",
        "itemSale": "226",
        "price": "299.00",
        "item_url": "//shop.mogujie.com/detail/1m8heqq",
        "item_h5_url": "//h5.mogujie.com/detail-normal/index.html?itemId=1m8heqq",
        "acm": "3.mce.1_4_1m8heqq.128269.0-81258-69042.fFBAQr81kXUyU.sd_119_117-t_-pos_36-m_15478009"
      },
      {
        "item_wx_url": "//weixin.meilishuo.com/wx/detail/1llsl3i",
        "image": "https://s3.mogucdn.com/mlcdn/c45406/171127_4db06dk54fgg0h45j2le91jc60fhl_640x960.jpg",
        "timeLimitCutPrice": "",
        "item_id": "1llsl3i",
        "itemLikes": "18566",
        "promotionImgExt": "{}",
        "discountPrice": "124.00",
        "title": "2018新款格子毛呢外套女冬中长款加厚韩国复古千鸟格呢子大衣",
        "userId": "63588466",
        "adId": "340827259",
        "itemSale": "1067",
        "price": "192.00",
        "item_url": "//shop.mogujie.com/detail/1llsl3i",
        "item_h5_url": "//h5.mogujie.com/detail-normal/index.html?itemId=1llsl3i",
        "acm": "3.mce.1_4_1llsl3i.128269.0-81258-69042.fFBAQr81kXUyU.sd_119_117-t_-pos_37-m_15477972"
      },
      {
        "item_wx_url": "//weixin.meilishuo.com/wx/detail/1m99esg",
        "image": "https://s11.mogucdn.com/mlcdn/c45406/180930_064bigc4jbb8jei28i4hlf2803146_640x960.jpg",
        "timeLimitCutPrice": "",
        "item_id": "1m99esg",
        "itemLikes": "168",
        "promotionImgExt": "{}",
        "discountPrice": "138.00",
        "title": "复古赫本千鸟格纹毛呢外套女中长款秋冬2018新款韩版气质百搭显瘦呢子大衣女休闲外套潮",
        "userId": "336625540",
        "adId": "447354709",
        "itemSale": "277",
        "price": "230.00",
        "item_url": "//shop.mogujie.com/detail/1m99esg",
        "item_h5_url": "//h5.mogujie.com/detail-normal/index.html?itemId=1m99esg",
        "acm": "3.mce.1_4_1m99esg.128269.0-81258-69042.fFBAQr81kXUyU.sd_119_117-t_-pos_38-m_15477991"
      },
      {
        "item_wx_url": "//weixin.meilishuo.com/wx/detail/1m9x58c",
        "image": "https://s3.mogucdn.com/mlcdn/c45406/181015_6f2l85ijk88h32i73fc5970f27j87_750x1000.jpg",
        "timeLimitCutPrice": "",
        "item_id": "1m9x58c",
        "itemLikes": "202",
        "promotionImgExt": "{}",
        "discountPrice": "169.99",
        "title": "气质短款毛呢外套秋季长袖百搭外套女（2-10天发）",
        "userId": "238972352",
        "adId": "",
        "itemSale": "540",
        "price": "169.99",
        "item_url": "//shop.mogujie.com/detail/1m9x58c",
        "item_h5_url": "//h5.mogujie.com/detail-normal/index.html?itemId=1m9x58c",
        "acm": "3.mce.1_4_1m9x58c.128269.0-81258-69042.fFBAQr81kXUyU.sd_119_117-t_-pos_39-m_15477967"
      }
    ],
    "isEnd": true,
    "nextPage": 1,
    "context": {
      "currentTime": 1540955196
    }
  }
}