{
  "128267": {
    "list": [
      {
        "item_wx_url": "//weixin.meilishuo.com/wx/detail/1m8d3hw",
        "image": "https://s3.mogucdn.com/mlcdn/c45406/180909_4gh74i983d7l8jjajk78k7gjhdh8c_640x960.jpg",
        "item_id": "1m8d3hw",
        "yy_originId": "0",
        "discountPrice": "69.00",
        "description": "复古格子宽松显瘦半高领呢子套头卫衣女冬季韩版学生大码chic毛呢外套潮",
        "yy_title": "复古格子毛呢短外套",
        "acm": "3.mce.1_4_1m8d3hw.128267.0-81258-69042.sdMyar7QLNhKG.sd_119_117-t_-pos_0-m_15477875",
        "title": "复古格子毛呢短外套",
        "originId": "0",
        "price": "98.58",
        "item_url": "//shop.mogujie.com/detail/1m8d3hw",
        "item_h5_url": "//h5.mogujie.com/detail-normal/index.html?itemId=1m8d3hw"
      },
      {
        "item_wx_url": "//weixin.meilishuo.com/wx/detail/1m9vppk",
        "image": "https://s3.mogucdn.com/mlcdn/c45406/181015_1f731del8d3aj1ghdef71a72la9id_640x864.png",
        "item_id": "1m9vppk",
        "yy_originId": "0",
        "discountPrice": "169.00",
        "description": "网红新款2018秋冬流行赫本风毛呢大衣中长款双面毛呢外套女",
        "yy_title": "赫本风双面毛呢",
        "acm": "3.mce.1_4_1m9vppk.128267.0-81258-69042.sdMyar7QLNhKG.sd_119_117-t_-pos_1-m_15477867",
        "title": "赫本风双面毛呢",
        "originId": "0",
        "price": "599.00",
        "item_url": "//shop.mogujie.com/detail/1m9vppk",
        "yy_description": "网红新款2018秋冬流行赫本风毛呢大衣中长款双面毛呢外套女",
        "item_h5_url": "//h5.mogujie.com/detail-normal/index.html?itemId=1m9vppk"
      },
      {
        "item_wx_url": "//weixin.meilishuo.com/wx/detail/1m9ag0a",
        "image": "https://s3.mogucdn.com/mlcdn/c45406/181001_0j5ie84663k52da8642e591b462lg_640x960.jpg",
        "item_id": "1m9ag0a",
        "yy_originId": "0",
        "discountPrice": "165.00",
        "description": "韩版2018冬季新款学生宽松显瘦加厚夹棉复古流行女小清新大衣",
        "yy_title": "复古格纹加厚夹棉",
        "acm": "3.mce.1_4_1m9ag0a.128267.0-81258-69042.sdMyar7QLNhKG.sd_119_117-t_-pos_2-m_15477877",
        "title": "复古格纹加厚夹棉",
        "shopTag": "2,113,760,780,800,805,823,900,901,903,905,912,1132,1759,2000,30001,80304,80305",
        "originId": "0",
        "price": "254.29",
        "item_url": "//shop.mogujie.com/detail/1m9ag0a",
        "yy_description": "韩版2018冬季新款学生宽松显瘦加厚夹棉复古流行女小清新大衣",
        "qualityCouponDesc": "",
        "item_h5_url": "//h5.mogujie.com/detail-normal/index.html?itemId=1m9ag0a"
      },
      {
        "item_wx_url": "//weixin.meilishuo.com/wx/detail/1kp1fjc",
        "image": "https://s3.mogucdn.com/mlcdn/c45406/171029_897a8f371l3egch6l1l1cj2i8gjl2_640x960.jpg",
        "item_id": "1kp1fjc",
        "yy_originId": "0",
        "discountPrice": "148.00",
        "description": "冬季2018新款赫本风毛呢大衣女中长款茧型小个子宽松加厚呢子外套",
        "yy_title": "中长款茧型加厚呢子外套",
        "acm": "3.mce.1_4_1kp1fjc.128267.0-81258-69042.sdMyar7QLNhKG.sd_119_117-t_-pos_3-m_15477870",
        "title": "中长款茧型加厚呢子外套",
        "originId": "0",
        "price": "217.00",
        "item_url": "//shop.mogujie.com/detail/1kp1fjc",
        "item_h5_url": "//h5.mogujie.com/detail-normal/index.html?itemId=1kp1fjc"
      },
      {
        "item_wx_url": "//weixin.meilishuo.com/wx/detail/1m9q2se",
        "image": "https://s3.mogucdn.com/mlcdn/c45406/181011_0cifajjg946l836g7bg03d5d5e19i_800x1200.jpg",
        "item_id": "1m9q2se",
        "yy_originId": "0",
        "discountPrice": "158.00",
        "description": "毛呢外套女中长款韩版2018新款 宽松阿尔巴卡羊驼绒呢子大衣秋冬",
        "yy_title": "阿尔巴卡羊驼绒呢子大衣",
        "acm": "3.mce.1_4_1m9q2se.128267.0-81258-69042.sdMyar7QLNhKG.sd_119_117-t_-pos_4-m_15477880",
        "title": "阿尔巴卡羊驼绒呢子大衣",
        "originId": "0",
        "price": "225.72",
        "item_url": "//shop.mogujie.com/detail/1m9q2se",
        "yy_description": "毛呢外套女中长款韩版2018新款 宽松阿尔巴卡羊驼绒呢子大衣秋冬",
        "item_h5_url": "//h5.mogujie.com/detail-normal/index.html?itemId=1m9q2se"
      },
      {
        "item_wx_url": "//weixin.meilishuo.com/wx/detail/1m9rbcm",
        "image": "https://s3.mogucdn.com/mlcdn/c45406/181012_350kck0lg84e1ae1ka1k62413e595_640x990.jpg",
        "item_id": "1m9rbcm",
        "yy_originId": "0",
        "discountPrice": "168.00",
        "description": "2018冬季新款复古学院风大格子中长款毛呢外套",
        "yy_title": "复古学院大格子毛呢",
        "acm": "3.mce.1_4_1m9rbcm.128267.0-81258-69042.sdMyar7QLNhKG.sd_119_117-t_-pos_5-m_15477869",
        "title": "复古学院大格子毛呢",
        "originId": "0",
        "price": "240.00",
        "item_url": "//shop.mogujie.com/detail/1m9rbcm",
        "yy_description": "2018冬季新款复古学院风大格子中长款毛呢外套",
        "item_h5_url": "//h5.mogujie.com/detail-normal/index.html?itemId=1m9rbcm"
      },
      {
        "item_wx_url": "//weixin.meilishuo.com/wx/detail/1m9puo4",
        "image": "https://s11.mogucdn.com/mlcdn/c45406/181011_6fbkfjg3ilf46ekj3i9ig23f0bk85_640x961.jpg",
        "item_id": "1m9puo4",
        "yy_originId": "0",
        "discountPrice": "158.00",
        "description": "2018秋冬新品 复古小翻领 乖乖人字纹双面呢大衣",
        "yy_title": "复古小翻领双面呢大衣",
        "acm": "3.mce.1_4_1m9puo4.128267.0-81258-69042.sdMyar7QLNhKG.sd_119_117-t_-pos_6-m_15477873",
        "title": "复古小翻领双面呢大衣",
        "originId": "0",
        "price": "225.72",
        "item_url": "//shop.mogujie.com/detail/1m9puo4",
        "yy_description": "2018秋冬新品 复古小翻领 乖乖人字纹双面呢大衣",
        "item_h5_url": "//h5.mogujie.com/detail-normal/index.html?itemId=1m9puo4"
      },
      {
        "item_wx_url": "//weixin.meilishuo.com/wx/detail/1m8ckk0",
        "image": "https://s3.mogucdn.com/mlcdn/c45406/180909_8586j08hhi2k7dgkdd5g4321a221h_640x960.jpg",
        "item_id": "1m8ckk0",
        "yy_originId": "0",
        "discountPrice": "109.00",
        "description": "2018秋冬新款呢子大衣女中长款韩版纯色简约慵懒风休闲宽松学生显瘦毛呢外套",
        "yy_title": "纯色简约慵懒风显瘦毛呢",
        "acm": "3.mce.1_4_1m8ckk0.128267.0-81258-69042.sdMyar7QLNhKG.sd_119_117-t_-pos_7-m_15477881",
        "title": "纯色简约慵懒风显瘦毛呢",
        "originId": "0",
        "price": "157.00",
        "item_url": "//shop.mogujie.com/detail/1m8ckk0",
        "item_h5_url": "//h5.mogujie.com/detail-normal/index.html?itemId=1m8ckk0"
      },
      {
        "item_wx_url": "//weixin.meilishuo.com/wx/detail/1kkx5fg",
        "image": "https://s3.mogucdn.com/mlcdn/c45406/170919_5lg6df00d65k92lf8f1jbigkh0fig_640x960.jpg",
        "item_id": "1kkx5fg",
        "yy_originId": "0",
        "discountPrice": "118.60",
        "description": "秋冬新款韩版廓形毛呢外套女中长款加厚黑白格子呢子大衣学生外套",
        "yy_title": "廓形黑白格呢子大衣",
        "acm": "3.mce.1_4_1kkx5fg.128267.0-81258-69042.sdMyar7QLNhKG.sd_119_117-t_-pos_8-m_15477868",
        "title": "廓形黑白格呢子大衣",
        "originId": "0",
        "price": "200.00",
        "item_url": "//shop.mogujie.com/detail/1kkx5fg",
        "item_h5_url": "//h5.mogujie.com/detail-normal/index.html?itemId=1kkx5fg"
      },
      {
        "item_wx_url": "//weixin.meilishuo.com/wx/detail/1m87cmm",
        "image": "https://s3.mogucdn.com/mlcdn/c45406/180905_0d659eg6fied7ji6c2g4gica63afe_640x854.jpg",
        "item_id": "1m87cmm",
        "yy_originId": "0",
        "discountPrice": "108.00",
        "description": "秋冬季上新毛呢外套女韩版气质港味网红同款翻领毛呢大衣冬季宽松百搭小个子显瘦中长款毛呢子上衣",
        "yy_title": "港味翻领毛呢大衣",
        "acm": "3.mce.1_4_1m87cmm.128267.0-81258-69042.sdMyar7QLNhKG.sd_119_117-t_-pos_9-m_15477879",
        "title": "港味翻领毛呢大衣",
        "originId": "0",
        "price": "182.85",
        "item_url": "//shop.mogujie.com/detail/1m87cmm",
        "item_h5_url": "//h5.mogujie.com/detail-normal/index.html?itemId=1m87cmm"
      },
      {
        "item_wx_url": "//weixin.meilishuo.com/wx/detail/1m72cz4",
        "image": "https://s11.mogucdn.com/mlcdn/c45406/180809_118a5875168ba9g0i34b0eea6jjlk_1932x2576.jpg",
        "item_id": "1m72cz4",
        "yy_originId": "0",
        "discountPrice": "299.00",
        "description": "温柔的雾霾蓝，腰带设计很好看，随便一系就是优雅迷人的feel~翻领设计很显精神，版型简直就是气质升华一般。",
        "yy_title": "小番茄定制 雾霾蓝立绒加厚宽松",
        "acm": "3.mce.1_4_1m72cz4.128267.0-81258-69042.sdMyar7QLNhKG.sd_119_117-t_-pos_10-m_15477872",
        "title": "小番茄定制 雾霾蓝立绒加厚宽松",
        "originId": "0",
        "price": "399.00",
        "item_url": "//shop.mogujie.com/detail/1m72cz4",
        "yy_description": "温柔的雾霾蓝，腰带设计很好看，随便一系就是优雅迷人的feel~翻领设计很显精神，版型简直就是气质升华一般。",
        "item_h5_url": "//h5.mogujie.com/detail-normal/index.html?itemId=1m72cz4"
      },
      {
        "item_wx_url": "//weixin.meilishuo.com/wx/detail/1kqgywk",
        "image": "https://s3.mogucdn.com/mlcdn/c45406/171118_8gh2gi7i7hkdkcg88531109fhhihd_640x960.jpg",
        "item_id": "1kqgywk",
        "yy_originId": "0",
        "discountPrice": "126.00",
        "description": "宽大、慵懒、超有型！还有，抗风又扮酷！\n\n清新复古感，大口袋方便实用，袖口还有收口系带设计，\n\n茧型的廓形大衣才风头正火，宽大不臃肿，\n\n在复古风盛行的冬季，不妨大胆尝款格子呢大衣吧！\n\n穿出复古的文艺腔调，更有造型感~",
        "yy_title": "韩国中长款格子毛呢外套",
        "acm": "3.mce.1_4_1kqgywk.128267.0-81258-69042.sdMyar7QLNhKG.sd_119_117-t_-pos_11-m_15477876",
        "title": "韩国中长款格子毛呢外套",
        "originId": "0",
        "price": "184.29",
        "item_url": "//shop.mogujie.com/detail/1kqgywk",
        "item_h5_url": "//h5.mogujie.com/detail-normal/index.html?itemId=1kqgywk"
      }
    ],
    "isEnd": true,
    "nextPage": 1,
    "context": {
      "currentTime": 1540799053
    }
  }
}