{
  "isEnd": false,
  "nextPage": 1,
  "list": [
    {
      "modelType": "square_lookDetail",
     
          "acm": "3.mce.1_19_1z1w21o.129319..ozgrnr88mZ4tw.sd_130-gi_ozgrnr88mZ4tv-pri_9_15g95v4-cid_1059745682",
          "feedId": "11z5464",
          "userId": "15g95v4",
          "content": "没进群的宝贝，自己扫码哦。",
          "brandInfo": [],
          "commentListInfo": {
            "list": [
              {
                "name": "云知道666666",
                "contentText": "我也识别不了"
              },
              {
                "name": "A__明媚的小女人",
                "contentText": "识别不了"
              },
              {
                "name": "不倾国不倾城只为你",
                "contentText": "通过一下"
              }
            ],
            "total": 34
          },
          "objectType": 20,
          "canModify": true,
          "isCollected": false,
          "created": 1540151467,
          "formatCreated": "10天前",
          "cFav": 2396,
          "isFaved": false,
            "images": [
              {
                "originW": 858,
                "originH": 1091,
                "path": "https://s11.mogucdn.com/mlcdn/c45406/181022_32de2hg898325aa8lej39f1j0akdb_858x1091.png",
                "tags": []
              }
            ],
          "brandIds": [],
          "feedUserInfo": {
            "name": "Alin林MM",
            "userId": "15g95v4",
            "avatar": "https://s5.mogucdn.com/mlcdn/5abf39/170509_56914ja54lajej5jea177d7aej0gf_400x400.jpg",
            "height": 166,
            "weight": 45,
            "lookNumbers": 21,
            "location": "杭州",
            "career": "时尚店主",
            "acm": "3.mce.1_9_15g95v4.129319..ozgrnr88mZ4tY.sd_130-gi_ozgrnr88mZ4tW",
            "avatarLink": "https://h5.mogujie.com/brand-content/personal-homepage.html?uid=15g95v4&acm=3.mce.1_9_15g95v4.129319..ozgrnr88mZ4tY.sd_130-gi_ozgrnr88mZ4tW",
            "identityIcon": "",
            "rankPos": 0,
            "neerWeekNum": 0
          },
          "cCollected": 228,
          "cScan": 78024,
          "scanIcon": "https://s10.mogucdn.com/mlcdn/c45406/180810_0a02124e70hcl6hd13d597idalb7e_28x28.png",
          "scanType": 1,
          "cover": "https://s11.mogucdn.com/mlcdn/c45406/181022_32de2hg898325aa8lej39f1j0akdb_858x1091.png",
          "coverLink": "https://h5.mogujie.com/brand-content/personal-homepage.html?uid=15g95v4&acm=3.mce.1_19_1z1w21o.129319..ozgrnr88mZ4tw.sd_130-gi_ozgrnr88mZ4tv-pri_9_15g95v4-cid_1059745682",
          "feedObjectType": 20
      
    },
   
    {
      "modelType": "square_lookDetail",
     
          "acm": "3.mce.1_19_1yy8j12.129319..ozgrnr88mZ4tF.sd_130-gi_ozgrnr88mZ4tE-pri_9_15g95v4-cid_1056677391",
          "feedId": "11vhl5i",
          "userId": "15g95v4",
          "content": "今天正式开工啦！",
          "brandInfo": [],
          "commentListInfo": {
            "list": [
              {
                "name": "洛逸的豆芽菜",
                "contentText": "5"
              },
              {
                "name": "洛逸的豆芽菜",
                "contentText": "4"
              },
              {
                "name": "洛逸的豆芽菜",
                "contentText": "3"
              }
            ],
            "total": 27
          },
          "objectType": 4,
          "canModify": false,
          "isCollected": false,
          "created": 1519379589,
          "formatCreated": "2018.02.23 17:53",
          "cFav": 1078,
          "isFaved": false,
            "images": [
              {
                "originW": 720,
                "originH": 720,
                "path": "https://s11.mogucdn.com/mlcdn/c45406/180223_42698i7kddedg39f7703fgfl7lc56_720x720.jpg",
                "tags": []
              },
              {
                "originW": 1080,
                "originH": 1080,
                "path": "https://s11.mogucdn.com/mlcdn/c45406/180223_5bkdiebdh6iaa72aaa8fgica485b1_1080x1080.jpg",
                "tags": []
              },
              {
                "originW": 1080,
                "originH": 1080,
                "path": "https://s5.mogucdn.com/mlcdn/c45406/180223_7a62ldbj574040916lek0ffdb2gl5_1080x1080.jpg",
                "tags": []
              },
              {
                "originW": 1280,
                "originH": 960,
                "path": "https://s11.mogucdn.com/mlcdn/c45406/180223_155779gg0bgeehdke4gbfk1g95j9e_1280x960.jpg",
                "tags": []
              },
              {
                "originW": 750,
                "originH": 750,
                "path": "https://s11.mogucdn.com/mlcdn/c45406/180223_2dl4f2kk2a85f7kfd8g9hcceh1kf4_750x750.jpg",
                "tags": []
              },
              {
                "originW": 1440,
                "originH": 1080,
                "path": "https://s5.mogucdn.com/mlcdn/c45406/180223_73gdl516lchk3ckl99jhillfhh351_1440x1080.jpg",
                "tags": []
              },
              {
                "originW": 1080,
                "originH": 1080,
                "path": "https://s3.mogucdn.com/mlcdn/c45406/180223_3187986g86500647jkg4ablailb4l_1080x1080.jpg",
                "tags": []
              },
              {
                "originW": 1080,
                "originH": 1080,
                "path": "https://s5.mogucdn.com/mlcdn/c45406/180223_3aj4b6fe02c511ijj06ecldgai028_1080x1080.jpg",
                "tags": []
              },
              {
                "originW": 1080,
                "originH": 1080,
                "path": "https://s11.mogucdn.com/mlcdn/c45406/180223_14g716dhka497c16jc389bb5f6k55_1080x1080.jpg",
                "tags": []
              }
            ],
          "brandIds": [],
          "feedUserInfo": {
            "name": "Alin林MM",
            "userId": "15g95v4",
            "avatar": "https://s5.mogucdn.com/mlcdn/5abf39/170509_56914ja54lajej5jea177d7aej0gf_400x400.jpg",
            "height": 166,
            "weight": 45,
            "lookNumbers": 21,
            "location": "杭州",
            "career": "时尚店主",
            "acm": "3.mce.1_9_15g95v4.129319..ozgrnr88mZ4tY.sd_130-gi_ozgrnr88mZ4tW",
            "avatarLink": "https://h5.mogujie.com/brand-content/personal-homepage.html?uid=15g95v4&acm=3.mce.1_9_15g95v4.129319..ozgrnr88mZ4tY.sd_130-gi_ozgrnr88mZ4tW",
            "identityIcon": "",
            "rankPos": 0,
            "neerWeekNum": 0
          },
          "cCollected": 158,
          "cScan": 41693,
          "scanIcon": "https://s10.mogucdn.com/mlcdn/c45406/180810_0a02124e70hcl6hd13d597idalb7e_28x28.png",
          "scanType": 1,
          "cover": "https://s11.mogucdn.com/mlcdn/c45406/180223_42698i7kddedg39f7703fgfl7lc56_720x720.jpg",
          "coverLink": "https://h5.mogujie.com/brand-content/personal-homepage.html?uid=15g95v4&acm=3.mce.1_19_1yy8j12.129319..ozgrnr88mZ4tF.sd_130-gi_ozgrnr88mZ4tE-pri_9_15g95v4-cid_1056677391",
          "feedObjectType": 4
     
    },
    {
      "modelType": "square_lookDetail",
     
          "acm": "3.mce.1_19_1yy1sw0.129319..ozgrnr88mZ4tI.sd_130-gi_ozgrnr88mZ4tH-pri_9_15g95v4-cid_1056520484",
          "feedId": "11vav0g",
          "userId": "15g95v4",
          "content": "宝宝们，今天晚上不播哦，员工聚餐，哈哈哈哈，明天下午3点开始，大量给你们上新！分享几张杭州西湖雪景给你们！评论中抽两个宝宝送礼物！😏😏",
          "brandInfo": [],
          "commentListInfo": {
            "list": [
              {
                "name": "永梅Mary",
                "contentText": "美"
              },
              {
                "name": "晚晚123baby",
                "contentText": "拍照技术好。随便一拍就可以当手机主题"
              },
              {
                "name": "花花花fh",
                "contentText": "杭州就是好看"
              }
            ],
            "total": 42
          },
          "objectType": 4,
          "canModify": false,
          "isCollected": false,
          "created": 1517133181,
          "formatCreated": "2018.01.28 17:53",
          "cFav": 168,
          "isFaved": false,
            "images": [
              {
                "originW": 1242,
                "originH": 936,
                "path": "https://s3.mogucdn.com/mlcdn/c45406/180128_883fei78579cbi696j6f4hd7b12a5_1242x936.png",
                "tags": []
              },
              {
                "originW": 1242,
                "originH": 932,
                "path": "https://s5.mogucdn.com/mlcdn/c45406/180128_8e23109igg66al4c5i6c7688fjd3j_1242x932.png",
                "tags": []
              },
              {
                "originW": 1242,
                "originH": 932,
                "path": "https://s3.mogucdn.com/mlcdn/c45406/180128_788k0aafgbb90ld07hflb6cgj8d7k_1242x932.png",
                "tags": []
              },
              {
                "originW": 1242,
                "originH": 932,
                "path": "https://s11.mogucdn.com/mlcdn/c45406/180128_658ki1ba167d744j38k3hb230fc4a_1242x932.png",
                "tags": []
              },
              {
                "originW": 1242,
                "originH": 932,
                "path": "https://s3.mogucdn.com/mlcdn/c45406/180128_4l29l94ajah55g141h58111bg6a4b_1242x932.png",
                "tags": []
              },
              {
                "originW": 1242,
                "originH": 932,
                "path": "https://s11.mogucdn.com/mlcdn/c45406/180128_57bhh2a97hj0h7589666163909d8f_1242x932.png",
                "tags": []
              }
            ],
          "brandIds": [],
          "feedUserInfo": {
            "name": "Alin林MM",
            "userId": "15g95v4",
            "avatar": "https://s5.mogucdn.com/mlcdn/5abf39/170509_56914ja54lajej5jea177d7aej0gf_400x400.jpg",
            "height": 166,
            "weight": 45,
            "lookNumbers": 21,
            "location": "杭州",
            "career": "时尚店主",
            "acm": "3.mce.1_9_15g95v4.129319..ozgrnr88mZ4tY.sd_130-gi_ozgrnr88mZ4tW",
            "avatarLink": "https://h5.mogujie.com/brand-content/personal-homepage.html?uid=15g95v4&acm=3.mce.1_9_15g95v4.129319..ozgrnr88mZ4tY.sd_130-gi_ozgrnr88mZ4tW",
            "identityIcon": "",
            "rankPos": 0,
            "neerWeekNum": 0
          },
          "cCollected": 83,
          "cScan": 16299,
          "scanIcon": "https://s10.mogucdn.com/mlcdn/c45406/180810_0a02124e70hcl6hd13d597idalb7e_28x28.png",
          "scanType": 1,
          "cover": "https://s3.mogucdn.com/mlcdn/c45406/180128_883fei78579cbi696j6f4hd7b12a5_1242x936.png",
          "coverLink": "https://h5.mogujie.com/brand-content/personal-homepage.html?uid=15g95v4&acm=3.mce.1_19_1yy1sw0.129319..ozgrnr88mZ4tI.sd_130-gi_ozgrnr88mZ4tH-pri_9_15g95v4-cid_1056520484",
          "feedObjectType": 4
    
    },
    {
      "modelType": "square_lookDetail",
    
          "acm": "3.mce.1_19_1yxj7na.129319..ozgrnr88mZ4tL.sd_130-gi_ozgrnr88mZ4tK-pri_9_15g95v4-cid_1056086815",
          "feedId": "11us9rq",
          "userId": "15g95v4",
          "content": "明天就回来啦，有没有想我的呐？😏",
          "brandInfo": [],
          "commentListInfo": {
            "list": [
              {
                "name": "阁楼上的大花猫im",
                "contentText": "只有我觉得你本人比较好看吗，，"
              },
              {
                "name": "倩倩的小狮子",
                "contentText": "一直都在等你直播，林林[心]"
              },
              {
                "name": "老公说俺家有三宝",
                "contentText": "😃 "
              }
            ],
            "total": 13
          },
          "objectType": 4,
          "canModify": false,
          "isCollected": false,
          "created": 1515000821,
          "formatCreated": "2018.01.04 01:33",
          "cFav": 607,
          "isFaved": false,
            "images": [
              {
                "originW": 1242,
                "originH": 1242,
                "path": "https://s11.mogucdn.com/mlcdn/c45406/180104_04f28g0if7if4jl1d313fieb13il5_1242x1242.png",
                "tags": []
              },
              {
                "originW": 1242,
                "originH": 1242,
                "path": "https://s11.mogucdn.com/mlcdn/c45406/180104_5aah32648cfb5agegh086ek4di23j_1242x1242.png",
                "tags": []
              },
              {
                "originW": 640,
                "originH": 853,
                "path": "https://s5.mogucdn.com/mlcdn/c45406/180104_1c3d314c7l2hf204jk3686jce58c7_640x853.png",
                "tags": []
              },
              {
                "originW": 640,
                "originH": 853,
                "path": "https://s3.mogucdn.com/mlcdn/c45406/180104_76jef3a1748729a7067b42c5b4k72_640x853.png",
                "tags": []
              }
            ],
          "brandIds": [],
          "feedUserInfo": {
            "name": "Alin林MM",
            "userId": "15g95v4",
            "avatar": "https://s5.mogucdn.com/mlcdn/5abf39/170509_56914ja54lajej5jea177d7aej0gf_400x400.jpg",
            "height": 166,
            "weight": 45,
            "lookNumbers": 21,
            "location": "杭州",
            "career": "时尚店主",
            "acm": "3.mce.1_9_15g95v4.129319..ozgrnr88mZ4tY.sd_130-gi_ozgrnr88mZ4tW",
            "avatarLink": "https://h5.mogujie.com/brand-content/personal-homepage.html?uid=15g95v4&acm=3.mce.1_9_15g95v4.129319..ozgrnr88mZ4tY.sd_130-gi_ozgrnr88mZ4tW",
            "identityIcon": "",
            "rankPos": 0,
            "neerWeekNum": 0
          },
          "cCollected": 84,
          "cScan": 22894,
          "scanIcon": "https://s10.mogucdn.com/mlcdn/c45406/180810_0a02124e70hcl6hd13d597idalb7e_28x28.png",
          "scanType": 1,
          "cover": "https://s11.mogucdn.com/mlcdn/c45406/180104_04f28g0if7if4jl1d313fieb13il5_1242x1242.png",
          "coverLink": "https://h5.mogujie.com/brand-content/personal-homepage.html?uid=15g95v4&acm=3.mce.1_19_1yxj7na.129319..ozgrnr88mZ4tL.sd_130-gi_ozgrnr88mZ4tK-pri_9_15g95v4-cid_1056086815",
          "feedObjectType": 4
     
    },
    {
      "modelType": "square_lookDetail",
     
          "acm": "3.mce.1_19_1you8le.129319..ozgrnr88mZ4tO.sd_130-gi_ozgrnr88mZ4tN-pri_9_15g95v4-cid_1048785765",
          "feedId": "11m3apu",
          "userId": "15g95v4",
          "content": "🙃🙃",
          "brandInfo": [],
          "commentListInfo": {
            "list": [
              {
                "name": "老公说俺家有三宝",
                "contentText": "😃 "
              },
              {
                "name": "我是moli呀",
                "contentText": "😀 "
              },
              {
                "name": "永梅Mary",
                "contentText": "，"
              }
            ],
            "total": 7
          },
          "objectType": 4,
          "canModify": false,
          "isCollected": false,
          "created": 1494121575,
          "formatCreated": "2017.05.07 09:46",
          "cFav": 1014,
          "isFaved": false,
            "images": [
              {
                "originW": 1242,
                "originH": 1656,
                "path": "https://s5.mogucdn.com/mlcdn/c45406/170507_3hk8abd3l6j2dgeli173ah86a955h_1242x1656.png",
                "tags": []
              },
              {
                "originW": 1080,
                "originH": 1440,
                "path": "https://s11.mogucdn.com/mlcdn/c45406/170507_3gde3dl9a1f3bah6cbfghj8fb34h2_1080x1440.png",
                "tags": []
              }
            ],
          "brandIds": [],
          "feedUserInfo": {
            "name": "Alin林MM",
            "userId": "15g95v4",
            "avatar": "https://s5.mogucdn.com/mlcdn/5abf39/170509_56914ja54lajej5jea177d7aej0gf_400x400.jpg",
            "height": 166,
            "weight": 45,
            "lookNumbers": 21,
            "location": "杭州",
            "career": "时尚店主",
            "acm": "3.mce.1_9_15g95v4.129319..ozgrnr88mZ4tY.sd_130-gi_ozgrnr88mZ4tW",
            "avatarLink": "https://h5.mogujie.com/brand-content/personal-homepage.html?uid=15g95v4&acm=3.mce.1_9_15g95v4.129319..ozgrnr88mZ4tY.sd_130-gi_ozgrnr88mZ4tW",
            "identityIcon": "",
            "rankPos": 0,
            "neerWeekNum": 0
          },
          "cCollected": 59,
          "cScan": 3957,
          "scanIcon": "https://s10.mogucdn.com/mlcdn/c45406/180810_0a02124e70hcl6hd13d597idalb7e_28x28.png",
          "scanType": 1,
          "cover": "https://s5.mogucdn.com/mlcdn/c45406/170507_3hk8abd3l6j2dgeli173ah86a955h_1242x1656.png",
          "coverLink": "https://h5.mogujie.com/brand-content/personal-homepage.html?uid=15g95v4&acm=3.mce.1_19_1you8le.129319..ozgrnr88mZ4tO.sd_130-gi_ozgrnr88mZ4tN-pri_9_15g95v4-cid_1048785765",
          "feedObjectType": 4
     
    },
    {
      "modelType": "square_lookDetail",
     
          "acm": "3.mce.1_19_1yi5ju0.129319..ozgrnr88mZ4tR.sd_130-gi_ozgrnr88mZ4tQ-pri_9_15g95v4-cid_1043171000",
          "feedId": "11felyg",
          "userId": "15g95v4",
          "content": "很快就要和大家见面啦！",
          "brandInfo": [],
          "commentListInfo": {
            "list": [
              {
                "name": "心上人8023",
                "contentText": "很快是多久啊，好久没见了[泪][泪][泪]"
              },
              {
                "name": "小小柒anne",
                "contentText": "2"
              },
              {
                "name": "永梅Mary",
                "contentText": "1"
              }
            ],
            "total": 9
          },
          "objectType": 4,
          "canModify": false,
          "isCollected": false,
          "created": 1486572744,
          "formatCreated": "2017.02.09 00:52",
          "cFav": 1467,
          "isFaved": false,
            "images": [
              {
                "originW": 1242,
                "originH": 1659,
                "path": "https://s5.mogucdn.com/p2/170209/2q4kws_73hg4llf5h9c5cij1jl33k58dgb7d_1242x1659.png",
                "tags": []
              }
            ],
          "brandIds": [],
          "feedUserInfo": {
            "name": "Alin林MM",
            "userId": "15g95v4",
            "avatar": "https://s5.mogucdn.com/mlcdn/5abf39/170509_56914ja54lajej5jea177d7aej0gf_400x400.jpg",
            "height": 166,
            "weight": 45,
            "lookNumbers": 21,
            "location": "杭州",
            "career": "时尚店主",
            "acm": "3.mce.1_9_15g95v4.129319..ozgrnr88mZ4tY.sd_130-gi_ozgrnr88mZ4tW",
            "avatarLink": "https://h5.mogujie.com/brand-content/personal-homepage.html?uid=15g95v4&acm=3.mce.1_9_15g95v4.129319..ozgrnr88mZ4tY.sd_130-gi_ozgrnr88mZ4tW",
            "identityIcon": "",
            "rankPos": 0,
            "neerWeekNum": 0
          },
          "cCollected": 23,
          "cScan": 5360,
          "scanIcon": "https://s10.mogucdn.com/mlcdn/c45406/180810_0a02124e70hcl6hd13d597idalb7e_28x28.png",
          "scanType": 1,
          "cover": "https://s5.mogucdn.com/p2/170209/2q4kws_73hg4llf5h9c5cij1jl33k58dgb7d_1242x1659.png",
          "coverLink": "https://h5.mogujie.com/brand-content/personal-homepage.html?uid=15g95v4&acm=3.mce.1_19_1yi5ju0.129319..ozgrnr88mZ4tR.sd_130-gi_ozgrnr88mZ4tQ-pri_9_15g95v4-cid_1043171000",
          "feedObjectType": 4
    
    },
    {
      "modelType": "square_lookDetail",
     
          "acm": "3.mce.1_19_1xh9k2e.129319..ozgrnr88mZ4tU.sd_130-gi_ozgrnr88mZ4tT-pri_9_15g95v4-cid_1012191567",
          "feedId": "1eim6u",
          "userId": "15g95v4",
          "content": "这个冬天不单调😝",
          "brandInfo": [],
          "commentListInfo": {
            "list": [
              {
                "name": "小小柒anne",
                "contentText": "1"
              },
              {
                "name": "永梅Mary",
                "contentText": "1"
              },
              {
                "name": "永梅Mary",
                "contentText": "好"
              }
            ],
            "total": 7
          },
          "objectType": 4,
          "canModify": false,
          "isCollected": false,
          "created": 1479728498,
          "formatCreated": "2016.11.21 19:41",
          "cFav": 1759,
          "isFaved": false,
            "images": [
              {
                "originW": 1242,
                "originH": 1281,
                "path": "https://s11.mogucdn.com/p2/161121/2q4kws_2b4cg47a356ihlhcbe79cggca6lc2_1242x1281.png",
                "tags": []
              },
              {
                "originW": 1158,
                "originH": 1280,
                "path": "https://s11.mogucdn.com/p2/161121/2q4kws_36e3007gc9g6l054hig95c08lki4g_1158x1280.png",
                "tags": []
              },
              {
                "originW": 1222,
                "originH": 1280,
                "path": "https://s5.mogucdn.com/p2/161121/2q4kws_4466cbjb3c2cehhaa21fk8dal6la2_1222x1280.png",
                "tags": []
              },
              {
                "originW": 1242,
                "originH": 1244,
                "path": "https://s11.mogucdn.com/p2/161121/2q4kws_07f3lbl1hfiaijc2d62k7h45ahb3a_1242x1244.png",
                "tags": []
              },
              {
                "originW": 1242,
                "originH": 1240,
                "path": "https://s5.mogucdn.com/p2/161121/2q4kws_7ah8dhgl671g3027jcc2048g9hl4l_1242x1240.png",
                "tags": []
              },
              {
                "originW": 1242,
                "originH": 1253,
                "path": "https://s5.mogucdn.com/p2/161121/2q4kws_2a6k2icfi238d313hc1d83iaek8a0_1242x1253.png",
                "tags": []
              },
              {
                "originW": 1202,
                "originH": 1280,
                "path": "https://s3.mogucdn.com/p2/161121/2q4kws_1jg6d902jeea06gkeb7g2b66k25h7_1202x1280.png",
                "tags": []
              },
              {
                "originW": 1233,
                "originH": 1255,
                "path": "https://s11.mogucdn.com/p2/161121/2q4kws_179cgcf1ggil5441eh4jb7gi5iake_1233x1255.png",
                "tags": []
              },
              {
                "originW": 1242,
                "originH": 1245,
                "path": "https://s11.mogucdn.com/p2/161121/2q4kws_5fdc9kglifhf03h5l8ac9598jd95h_1242x1245.png",
                "tags": []
              }
            ],
          "brandIds": [],
          "feedUserInfo": {
            "name": "Alin林MM",
            "userId": "15g95v4",
            "avatar": "https://s5.mogucdn.com/mlcdn/5abf39/170509_56914ja54lajej5jea177d7aej0gf_400x400.jpg",
            "height": 166,
            "weight": 45,
            "lookNumbers": 21,
            "location": "杭州",
            "career": "时尚店主",
            "acm": "3.mce.1_9_15g95v4.129319..ozgrnr88mZ4tY.sd_130-gi_ozgrnr88mZ4tW",
            "avatarLink": "https://h5.mogujie.com/brand-content/personal-homepage.html?uid=15g95v4&acm=3.mce.1_9_15g95v4.129319..ozgrnr88mZ4tY.sd_130-gi_ozgrnr88mZ4tW",
            "identityIcon": "",
            "rankPos": 0,
            "neerWeekNum": 0
          },
          "cCollected": 108,
          "cScan": 5419,
          "scanIcon": "https://s10.mogucdn.com/mlcdn/c45406/180810_0a02124e70hcl6hd13d597idalb7e_28x28.png",
          "scanType": 1,
          "cover": "https://s11.mogucdn.com/p2/161121/2q4kws_2b4cg47a356ihlhcbe79cggca6lc2_1242x1281.png",
          "coverLink": "https://h5.mogujie.com/brand-content/personal-homepage.html?uid=15g95v4&acm=3.mce.1_19_1xh9k2e.129319..ozgrnr88mZ4tU.sd_130-gi_ozgrnr88mZ4tT-pri_9_15g95v4-cid_1012191567",
          "feedObjectType": 4
    
    },
    {
      "modelType": "square_lookDetail",
     
          "acm": "3.mce.1_19_1xh91y2.129319..ozgrnr88mZ4tX.sd_130-gi_ozgrnr88mZ4tW-pri_9_15g95v4-cid_1012179825",
          "feedId": "1ei42i",
          "userId": "15g95v4",
          "content": "今天太忙啦，晚点见哦！😝",
          "brandInfo": [],
          "commentListInfo": {
            "list": [
              {
                "name": "小小柒anne",
                "contentText": "1"
              },
              {
                "name": "永梅Mary",
                "contentText": "😄"
              }
            ],
            "total": 3
          },
          "objectType": 4,
          "canModify": false,
          "isCollected": false,
          "created": 1479032599,
          "formatCreated": "2016.11.13 18:23",
          "cFav": 1299,
          "isFaved": false,
            "images": [
              {
                "originW": 1242,
                "originH": 1659,
                "path": "https://s5.mogucdn.com/p2/161113/2q4kws_8ggb8cedg0c0k8124906l61gaghjj_1242x1659.png",
                "tags": []
              }
            ],
          "brandIds": [],
          "feedUserInfo": {
            "name": "Alin林MM",
            "userId": "15g95v4",
            "avatar": "https://s5.mogucdn.com/mlcdn/5abf39/170509_56914ja54lajej5jea177d7aej0gf_400x400.jpg",
            "height": 166,
            "weight": 45,
            "lookNumbers": 21,
            "location": "杭州",
            "career": "时尚店主",
            "acm": "3.mce.1_9_15g95v4.129319..ozgrnr88mZ4tY.sd_130-gi_ozgrnr88mZ4tW",
            "avatarLink": "https://h5.mogujie.com/brand-content/personal-homepage.html?uid=15g95v4&acm=3.mce.1_9_15g95v4.129319..ozgrnr88mZ4tY.sd_130-gi_ozgrnr88mZ4tW",
            "identityIcon": "",
            "rankPos": 0,
            "neerWeekNum": 0
          },
          "cCollected": 24,
          "cScan": 4224,
          "scanIcon": "https://s10.mogucdn.com/mlcdn/c45406/180810_0a02124e70hcl6hd13d597idalb7e_28x28.png",
          "scanType": 1,
          "cover": "https://s5.mogucdn.com/p2/161113/2q4kws_8ggb8cedg0c0k8124906l61gaghjj_1242x1659.png",
          "coverLink": "https://h5.mogujie.com/brand-content/personal-homepage.html?uid=15g95v4&acm=3.mce.1_19_1xh91y2.129319..ozgrnr88mZ4tX.sd_130-gi_ozgrnr88mZ4tW-pri_9_15g95v4-cid_1012179825",
          "feedObjectType": 4
    }
  ],
  "lastTime": 1479032598
}