{
  "param": {
    "eventId": "0x00000000",
    "fieldBenchmark": false,
    "cKey": "h5-shopping",
    "fcid": "52014",
    "cpcEventId": "70005",
    "section": "0",
    "_mgjuuid": "e089f205-b872-4e67-bb34-d58b268b9617",
    "page": "1",
    "sort": "pop",
    "duplicate": false
  },
  "wall": {
    "total": 7500,
    "docs": [
      {
        "tradeItemId": "1m9tl3s",
        "img": "https://s11.mogucdn.com/mlcdn/c45406/181013_5b1f0k60e1kei3gj5a915gk6d1f2a_700x1000.jpg",
        "iid": "1m9tl3s",
        "clientUrl": "//h5.mogujie.com/detail-normal/index.html?itemId=1m9tl3s&acm=3.mce.1_4_1m9tl3s.9750.36422-69778.icRakr7z8E8Je.sd_115-swt_69-imt_6-lc_201-fcid_52014-mid_9750-pm_003-dit_",
        "link": "//h5.mogujie.com/detail-normal/index.html?itemId=1m9tl3s&acm=3.mce.1_4_1m9tl3s.9750.36422-69778.icRakr7z8E8Je.sd_115-swt_69-imt_6-lc_201-fcid_52014-mid_9750-pm_003-dit_",
        "itemMarks": "1525",
        "acm": "3.mce.1_4_1m9tl3s.9750.36422-69778.icRakr7z8E8Je.sd_115-swt_69-imt_6-lc_201-fcid_52014-mid_9750-pm_003-dit_",
        "price_taglist": [],
        "title": "冬上新2018新款网红同款棉袄超火ins面包服韩版时尚连帽加厚保暖中长款棉服",
        "type": 2,
        "orgPrice": 269,
        "props": [
          "面包服",
          "连帽",
          "加厚",
          "时尚",
          "同款",
          "韩版",
          "新款"
        ],
        "hasSimilarity": true,
        "lefttop_taglist": [],
        "sale": 1142,
        "cfav": 100,
        "price": 143,
        "leftbottom_taglist": [],
        "similarityUrl": "//m.mogujie.com/wall/relative?pid=8872&iid=1m9tl3s&acm=3.mce.1_4_1m9tl3s.9750.36422-69778.icRakr7z8E8Je.sd_115-swt_69-imt_6-lc_201-fcid_52014-mid_9750-pm_003-dit_&itemType=6",
        "tagImage": ""
      },
      {
        "tradeItemId": "1m6ue5w",
        "img": "https://s11.mogucdn.com/mlcdn/c45406/180809_7cece1hc4kldh83lei8che24dk1d8_640x853.jpg",
        "iid": "1m6ue5w",
        "clientUrl": "//h5.mogujie.com/detail-normal/index.html?itemId=1m6ue5w&acm=3.mce.1_4_1m6ue5w.9750.36422-69778.icRakr7z8E8Je.sd_115-swt_69-imt_6-lc_201-fcid_52014-mid_9750-pm_003-dit_",
        "link": "//h5.mogujie.com/detail-normal/index.html?itemId=1m6ue5w&acm=3.mce.1_4_1m6ue5w.9750.36422-69778.icRakr7z8E8Je.sd_115-swt_69-imt_6-lc_201-fcid_52014-mid_9750-pm_003-dit_",
        "itemMarks": "-1",
        "acm": "3.mce.1_4_1m6ue5w.9750.36422-69778.icRakr7z8E8Je.sd_115-swt_69-imt_6-lc_201-fcid_52014-mid_9750-pm_003-dit_",
        "price_taglist": [],
        "title": "魏好涵 2018秋冬新款时尚休闲开叉针织高腰三色阔腿裤女CND74009",
        "type": 2,
        "orgPrice": 298,
        "props": [
          "魏好涵",
          "阔腿裤",
          "高腰",
          "开叉",
          "休闲",
          "针织",
          "三色",
          "新款时尚",
          "秋冬"
        ],
        "hasSimilarity": true,
        "lefttop_taglist": [],
        "sale": 4,
        "cfav": 73,
        "price": 149,
        "leftbottom_taglist": [],
        "similarityUrl": "//m.mogujie.com/wall/relative?pid=8872&iid=1m6ue5w&acm=3.mce.1_4_1m6ue5w.9750.36422-69778.icRakr7z8E8Je.sd_115-swt_69-imt_6-lc_201-fcid_52014-mid_9750-pm_003-dit_&itemType=6",
        "tagImage": ""
      },
      {
        "tradeItemId": "1m8pwp4",
        "img": "https://s11.mogucdn.com/mlcdn/c45406/180918_0d3fi0aj6i41dcl31la0j2hj93c8c_640x960.jpg",
        "iid": "1m8pwp4",
        "clientUrl": "//h5.mogujie.com/detail-normal/index.html?itemId=1m8pwp4&acm=3.mce.1_4_1m8pwp4.9750.36422-69778.icRakr7z8E8Je.sd_115-swt_69-imt_6-c_1_11_443115552_0_0_3-lc_201-fcid_52014-mid_9750-pm_003-dit_&cparam=MTU0MDUzODUyM18xMWtfZDNlNzM1ZTZlYzYyN2MzZWQ5NjczMmU1ZDZiNzQwNTNfMTFfMF80NDMxMTU1NTJfNGY4Zl8wXzBfMF8wXzFfM19sb2MtMA==",
        "link": "//h5.mogujie.com/detail-normal/index.html?itemId=1m8pwp4&acm=3.mce.1_4_1m8pwp4.9750.36422-69778.icRakr7z8E8Je.sd_115-swt_69-imt_6-c_1_11_443115552_0_0_3-lc_201-fcid_52014-mid_9750-pm_003-dit_&cparam=MTU0MDUzODUyM18xMWtfZDNlNzM1ZTZlYzYyN2MzZWQ5NjczMmU1ZDZiNzQwNTNfMTFfMF80NDMxMTU1NTJfNGY4Zl8wXzBfMF8wXzFfM19sb2MtMA==",
        "itemMarks": "1525",
        "acm": "3.mce.1_4_1m8pwp4.9750.36422-69778.icRakr7z8E8Je.sd_115-swt_69-imt_6-c_1_11_443115552_0_0_3-lc_201-fcid_52014-mid_9750-pm_003-dit_",
        "price_taglist": [],
        "title": "2018秋冬新款纯色麂皮绒加厚夹克外套男士韩版潮流鹿皮绒棉衣保暖棉服上衣男装",
        "type": 2,
        "orgPrice": 298,
        "props": [
          "保暖棉服",
          "加厚",
          "潮流",
          "麂皮绒",
          "纯色",
          "秋冬新款",
          "男士",
          "韩版"
        ],
        "hasSimilarity": true,
        "lefttop_taglist": [],
        "sale": 49,
        "cfav": 249,
        "price": 158,
        "leftbottom_taglist": [],
        "similarityUrl": "//m.mogujie.com/wall/relative?pid=8872&iid=1m8pwp4&acm=3.mce.1_4_1m8pwp4.9750.36422-69778.icRakr7z8E8Je.sd_115-swt_69-imt_6-c_1_11_443115552_0_0_3-lc_201-fcid_52014-mid_9750-pm_003-dit_&itemType=6",
        "tagImage": ""
      },
      {
        "tradeItemId": "1ma0i6w",
        "img": "https://s11.mogucdn.com/mlcdn/c45406/181019_0l15i95e0bihcg0jhj7ggg3haiagd_700x1000.jpg",
        "iid": "1ma0i6w",
        "clientUrl": "//h5.mogujie.com/detail-normal/index.html?itemId=1ma0i6w&acm=3.mce.1_4_1ma0i6w.9750.36422-69778.icRakr7z8E8Je.sd_115-swt_69-imt_6-lc_201-fcid_52014-mid_9750-pm_003-dit_",
        "link": "//h5.mogujie.com/detail-normal/index.html?itemId=1ma0i6w&acm=3.mce.1_4_1ma0i6w.9750.36422-69778.icRakr7z8E8Je.sd_115-swt_69-imt_6-lc_201-fcid_52014-mid_9750-pm_003-dit_",
        "itemMarks": "1525",
        "acm": "3.mce.1_4_1ma0i6w.9750.36422-69778.icRakr7z8E8Je.sd_115-swt_69-imt_6-lc_201-fcid_52014-mid_9750-pm_003-dit_",
        "price_taglist": [],
        "title": "冬上新网红新款女中长款上衣韩版宽松加绒外套中长款过膝卫衣裙慵懒风",
        "type": 2,
        "orgPrice": 188,
        "props": [
          "卫衣裙",
          "中长款",
          "宽松",
          "过膝",
          "新款",
          "韩版"
        ],
        "hasSimilarity": true,
        "lefttop_taglist": [],
        "sale": 1347,
        "cfav": 140,
        "price": 85,
        "leftbottom_taglist": [],
        "similarityUrl": "//m.mogujie.com/wall/relative?pid=8872&iid=1ma0i6w&acm=3.mce.1_4_1ma0i6w.9750.36422-69778.icRakr7z8E8Je.sd_115-swt_69-imt_6-lc_201-fcid_52014-mid_9750-pm_003-dit_&itemType=6",
        "tagImage": ""
      },
      {
        "tradeItemId": "1louits",
        "img": "https://s11.mogucdn.com/mlcdn/c45406/171230_46478c438j352l9d8h50liif0jh0l_640x958.jpg",
        "iid": "1louits",
        "clientUrl": "//h5.mogujie.com/detail-normal/index.html?itemId=1louits&acm=3.mce.1_4_1louits.9750.36422-69778.icRakr7z8E8Je.sd_115-swt_69-imt_6-c_1_11_448322014_0_0_3-lc_201-fcid_52014-mid_9750-pm_003-dit_&cparam=MTU0MDUzODUyM18xMWtfZDNlNzM1ZTZlYzYyN2MzZWQ5NjczMmU1ZDZiNzQwNTNfMTFfMF80NDgzMjIwMTRfNGY4Zl8wXzBfMF8wXzFfM19sb2MtMA==",
        "link": "//h5.mogujie.com/detail-normal/index.html?itemId=1louits&acm=3.mce.1_4_1louits.9750.36422-69778.icRakr7z8E8Je.sd_115-swt_69-imt_6-c_1_11_448322014_0_0_3-lc_201-fcid_52014-mid_9750-pm_003-dit_&cparam=MTU0MDUzODUyM18xMWtfZDNlNzM1ZTZlYzYyN2MzZWQ5NjczMmU1ZDZiNzQwNTNfMTFfMF80NDgzMjIwMTRfNGY4Zl8wXzBfMF8wXzFfM19sb2MtMA==",
        "itemMarks": "1525",
        "acm": "3.mce.1_4_1louits.9750.36422-69778.icRakr7z8E8Je.sd_115-swt_69-imt_6-c_1_11_448322014_0_0_3-lc_201-fcid_52014-mid_9750-pm_003-dit_",
        "price_taglist": [],
        "title": "羽绒棉服女冬中长款2018新款百搭韩版宽松刺绣显瘦大毛领加厚外套",
        "type": 2,
        "orgPrice": 282.86,
        "props": [
          "羽绒棉服",
          "大毛领",
          "中长款",
          "宽松",
          "显瘦",
          "百搭",
          "韩版",
          "新款"
        ],
        "hasSimilarity": true,
        "lefttop_taglist": [],
        "sale": 30,
        "cfav": 2477,
        "price": 198,
        "leftbottom_taglist": [],
        "similarityUrl": "//m.mogujie.com/wall/relative?pid=8872&iid=1louits&acm=3.mce.1_4_1louits.9750.36422-69778.icRakr7z8E8Je.sd_115-swt_69-imt_6-c_1_11_448322014_0_0_3-lc_201-fcid_52014-mid_9750-pm_003-dit_&itemType=6",
        "tagImage": ""
      },
      {
        "tradeItemId": "1ma31ss",
        "img": "https://s11.mogucdn.com/mlcdn/c45406/181019_7h343f9i07i9abkdei44fc4g07h55_640x960.jpg",
        "iid": "1ma31ss",
        "clientUrl": "//h5.mogujie.com/detail-normal/index.html?itemId=1ma31ss&acm=3.mce.1_4_1ma31ss.9750.36422-69778.icRakr7z8E8Je.sd_115-swt_69-imt_6-lc_201-fcid_52014-mid_9750-pm_003-dit_",
        "link": "//h5.mogujie.com/detail-normal/index.html?itemId=1ma31ss&acm=3.mce.1_4_1ma31ss.9750.36422-69778.icRakr7z8E8Je.sd_115-swt_69-imt_6-lc_201-fcid_52014-mid_9750-pm_003-dit_",
        "itemMarks": "-1",
        "acm": "3.mce.1_4_1ma31ss.9750.36422-69778.icRakr7z8E8Je.sd_115-swt_69-imt_6-lc_201-fcid_52014-mid_9750-pm_003-dit_",
        "price_taglist": [],
        "title": "冬季格子外套女秋冬新款2018流行复古仿水貂绒中长款过膝加厚大衣",
        "type": 2,
        "orgPrice": 341.43,
        "props": [
          "加厚大衣",
          "过膝",
          "中长款",
          "秋冬新款",
          "流行",
          "复古",
          "冬季"
        ],
        "hasSimilarity": true,
        "lefttop_taglist": [],
        "sale": 30,
        "onSaleTime": "最近上新",
        "cfav": 433,
        "price": 239,
        "leftbottom_taglist": [],
        "similarityUrl": "//m.mogujie.com/wall/relative?pid=8872&iid=1ma31ss&acm=3.mce.1_4_1ma31ss.9750.36422-69778.icRakr7z8E8Je.sd_115-swt_69-imt_6-lc_201-fcid_52014-mid_9750-pm_003-dit_&itemType=6",
        "tagImage": ""
      },
      {
        "tradeItemId": "1m98v2k",
        "img": "https://s11.mogucdn.com/mlcdn/c45406/180930_87434k7j6l9k66ci2bi940293dh1e_640x960.jpg",
        "iid": "1m98v2k",
        "clientUrl": "//h5.mogujie.com/detail-normal/index.html?itemId=1m98v2k&acm=3.mce.1_4_1m98v2k.9750.36422-69778.icRakr7z8E8Je.sd_115-swt_69-imt_6-lc_201-fcid_52014-mid_9750-pm_003-dit_",
        "link": "//h5.mogujie.com/detail-normal/index.html?itemId=1m98v2k&acm=3.mce.1_4_1m98v2k.9750.36422-69778.icRakr7z8E8Je.sd_115-swt_69-imt_6-lc_201-fcid_52014-mid_9750-pm_003-dit_",
        "itemMarks": "1525 82",
        "acm": "3.mce.1_4_1m98v2k.9750.36422-69778.icRakr7z8E8Je.sd_115-swt_69-imt_6-lc_201-fcid_52014-mid_9750-pm_003-dit_",
        "price_taglist": [],
        "title": "【预售10月底发货】秋冬款时尚套装新款长裙韩版学院风中长款针织背带连衣裙半高领毛衣女两件套",
        "type": 2,
        "orgPrice": 98.58,
        "props": [
          "时尚套装",
          "中长款针织",
          "学院风",
          "秋冬款",
          "新款",
          "韩版"
        ],
        "hasSimilarity": true,
        "lefttop_taglist": [],
        "sale": 188,
        "cfav": 2835,
        "price": 69,
        "leftbottom_taglist": [],
        "similarityUrl": "//m.mogujie.com/wall/relative?pid=8872&iid=1m98v2k&acm=3.mce.1_4_1m98v2k.9750.36422-69778.icRakr7z8E8Je.sd_115-swt_69-imt_6-lc_201-fcid_52014-mid_9750-pm_003-dit_&itemType=6",
        "tagImage": ""
      },
      {
        "tradeItemId": "1m92eeu",
        "img": "https://s11.mogucdn.com/mlcdn/c45406/180927_7g7450g223c02dkhhal4ca5jk1egi_640x960.jpg",
        "iid": "1m92eeu",
        "clientUrl": "//h5.mogujie.com/detail-normal/index.html?itemId=1m92eeu&acm=3.mce.1_4_1m92eeu.9750.36422-69778.icRakr7z8E8Je.sd_115-swt_69-imt_6-lc_201-fcid_52014-mid_9750-pm_003-dit_",
        "link": "//h5.mogujie.com/detail-normal/index.html?itemId=1m92eeu&acm=3.mce.1_4_1m92eeu.9750.36422-69778.icRakr7z8E8Je.sd_115-swt_69-imt_6-lc_201-fcid_52014-mid_9750-pm_003-dit_",
        "itemMarks": "352 82 351",
        "acm": "3.mce.1_4_1m92eeu.9750.36422-69778.icRakr7z8E8Je.sd_115-swt_69-imt_6-lc_201-fcid_52014-mid_9750-pm_003-dit_",
        "price_taglist": [],
        "title": "2018秋冬新款中长款粗毛线高领套头打底衫宽松慵懒风毛衣裙女",
        "type": 2,
        "orgPrice": 180,
        "props": [
          "毛衣裙",
          "中长款",
          "高领",
          "宽松",
          "秋冬新款"
        ],
        "hasSimilarity": true,
        "lefttop_taglist": [],
        "sale": 41,
        "cfav": 385,
        "price": 109,
        "leftbottom_taglist": [],
        "similarityUrl": "//m.mogujie.com/wall/relative?pid=8872&iid=1m92eeu&acm=3.mce.1_4_1m92eeu.9750.36422-69778.icRakr7z8E8Je.sd_115-swt_69-imt_6-lc_201-fcid_52014-mid_9750-pm_003-dit_&itemType=6",
        "tagImage": ""
      },
      {
        "tradeItemId": "1lmqtm6",
        "img": "https://s11.mogucdn.com/mlcdn/c45406/171212_2255jb22dlhb56g2c7ld2k4b60gej_640x960.jpg",
        "iid": "1lmqtm6",
        "clientUrl": "//h5.mogujie.com/detail-normal/index.html?itemId=1lmqtm6&acm=3.mce.1_1_1lmqtm6.9750.44188-27059.icRakr7z8E8Jd.sd_115-swt_69-imt_7-c_1_11_399627347_0_1-lc_201-fcid_52014-mid_9750-c1_3_653996315_10000001-dit_&cparam=MTU0MDUzODUyM18xZjMzbHo4X2E5NDk0ZmRhODEyMzEwMzY1YjhmYjExYWIwZDFmODE2XzExXzBfMzk5NjI3MzQ3XzRkXzBfMV8wXzQ1Ml8xXzA=",
        "link": "//h5.mogujie.com/detail-normal/index.html?itemId=1lmqtm6&acm=3.mce.1_1_1lmqtm6.9750.44188-27059.icRakr7z8E8Jd.sd_115-swt_69-imt_7-c_1_11_399627347_0_1-lc_201-fcid_52014-mid_9750-c1_3_653996315_10000001-dit_&cparam=MTU0MDUzODUyM18xZjMzbHo4X2E5NDk0ZmRhODEyMzEwMzY1YjhmYjExYWIwZDFmODE2XzExXzBfMzk5NjI3MzQ3XzRkXzBfMV8wXzQ1Ml8xXzA=",
        "itemMarks": "1525",
        "acm": "3.mce.1_1_1lmqtm6.9750.44188-27059.icRakr7z8E8Jd.sd_115-swt_69-imt_7-c_1_11_399627347_0_1-lc_201-fcid_52014-mid_9750-c1_3_653996315_10000001-dit_",
        "price_taglist": [],
        "title": "（买二送一 ✔7天祛湿驱寒）竹炭祛湿排浊美颜助睡通便正品脚贴",
        "type": 2,
        "orgPrice": 39.8,
        "props": [
          "舍曼",
          "脚贴",
          "祛湿",
          "排浊",
          "竹炭",
          "美颜",
          "正品"
        ],
        "hasSimilarity": true,
        "lefttop_taglist": [],
        "sale": 675,
        "cfav": 706,
        "price": 29.9,
        "leftbottom_taglist": [
          "http://s16.mogucdn.com/p2/161230/upload_5a2dfba8i8i75dhi39bg321k1fg8g_112x72.png"
        ],
        "similarityUrl": "//m.mogujie.com/wall/relative?pid=8872&iid=1lmqtm6&acm=3.mce.1_1_1lmqtm6.9750.44188-27059.icRakr7z8E8Jd.sd_115-swt_69-imt_7-c_1_11_399627347_0_1-lc_201-fcid_52014-mid_9750-c1_3_653996315_10000001-dit_&itemType=7",
        "tagImage": ""
      },
      {
        "tradeItemId": "1m9udxo",
        "img": "https://s11.mogucdn.com/mlcdn/c45406/181014_4eh47f7gc6g25k4l276hkd5b2khdh_640x960.jpg",
        "iid": "1m9udxo",
        "clientUrl": "//h5.mogujie.com/detail-normal/index.html?itemId=1m9udxo&acm=3.mce.1_1_1m9udxo.9750.44188-27059.icRakr7z8E8Jd.sd_115-swt_69-imt_7-c_1_11_456099942_0_2-lc_201-fcid_52014-mid_9750-c1_3_673395050_10000001-dit_&cparam=MTU0MDUzODUyM18xZWZrbHo4Xzk3MmQ4YjYyM2U2OWFhM2RlODg5MWI1NjNmN2E4MDFhXzExXzFfNDU2MDk5OTQyXzRkXzBfMl8wXzcwNF8xXzA=",
        "link": "//h5.mogujie.com/detail-normal/index.html?itemId=1m9udxo&acm=3.mce.1_1_1m9udxo.9750.44188-27059.icRakr7z8E8Jd.sd_115-swt_69-imt_7-c_1_11_456099942_0_2-lc_201-fcid_52014-mid_9750-c1_3_673395050_10000001-dit_&cparam=MTU0MDUzODUyM18xZWZrbHo4Xzk3MmQ4YjYyM2U2OWFhM2RlODg5MWI1NjNmN2E4MDFhXzExXzFfNDU2MDk5OTQyXzRkXzBfMl8wXzcwNF8xXzA=",
        "itemMarks": "1525",
        "acm": "3.mce.1_1_1m9udxo.9750.44188-27059.icRakr7z8E8Jd.sd_115-swt_69-imt_7-c_1_11_456099942_0_2-lc_201-fcid_52014-mid_9750-c1_3_673395050_10000001-dit_",
        "price_taglist": [],
        "title": "ins女鞋港风老爹鞋女韩版ulzzang原宿百搭2018新款网红厚底运动鞋",
        "type": 2,
        "orgPrice": 188,
        "props": [
          "厚底运动鞋",
          "原宿",
          "百搭",
          "港风",
          "韩版",
          "新款"
        ],
        "hasSimilarity": true,
        "lefttop_taglist": [],
        "sale": 405,
        "onSaleTime": "最近上新",
        "cfav": 677,
        "price": 79,
        "leftbottom_taglist": [
          "http://s16.mogucdn.com/p2/161230/upload_5a2dfba8i8i75dhi39bg321k1fg8g_112x72.png"
        ],
        "similarityUrl": "//m.mogujie.com/wall/relative?pid=8872&iid=1m9udxo&acm=3.mce.1_1_1m9udxo.9750.44188-27059.icRakr7z8E8Jd.sd_115-swt_69-imt_7-c_1_11_456099942_0_2-lc_201-fcid_52014-mid_9750-c1_3_673395050_10000001-dit_&itemType=7",
        "tagImage": ""
      },
      {
        "tradeItemId": "1m9s9qi",
        "img": "https://s11.mogucdn.com/mlcdn/c45406/181012_6ljhl8k6ai801566lh9ejf46392fe_640x960.jpg",
        "iid": "1m9s9qi",
        "clientUrl": "//h5.mogujie.com/detail-normal/index.html?itemId=1m9s9qi&acm=3.mce.1_4_1m9s9qi.9750.36422-69778.icRakr7z8E8Je.sd_115-swt_69-imt_6-c_1_11_451063707_0_0_3-lc_201-fcid_52014-mid_9750-pm_003-dit_&cparam=MTU0MDUzODUyM18xMWtfZDNlNzM1ZTZlYzYyN2MzZWQ5NjczMmU1ZDZiNzQwNTNfMTFfMF80NTEwNjM3MDdfNGY4Zl8wXzBfMF8wXzFfM19sb2MtMA==",
        "link": "//h5.mogujie.com/detail-normal/index.html?itemId=1m9s9qi&acm=3.mce.1_4_1m9s9qi.9750.36422-69778.icRakr7z8E8Je.sd_115-swt_69-imt_6-c_1_11_451063707_0_0_3-lc_201-fcid_52014-mid_9750-pm_003-dit_&cparam=MTU0MDUzODUyM18xMWtfZDNlNzM1ZTZlYzYyN2MzZWQ5NjczMmU1ZDZiNzQwNTNfMTFfMF80NTEwNjM3MDdfNGY4Zl8wXzBfMF8wXzFfM19sb2MtMA==",
        "itemMarks": "-1",
        "acm": "3.mce.1_4_1m9s9qi.9750.36422-69778.icRakr7z8E8Je.sd_115-swt_69-imt_6-c_1_11_451063707_0_0_3-lc_201-fcid_52014-mid_9750-pm_003-dit_",
        "price_taglist": [],
        "title": "韩版冬装新款宽松bf收腰工装棉服女中长款棉袄2018大毛领chic加厚棉衣外套",
        "type": 2,
        "orgPrice": 240,
        "props": [
          "工装棉服",
          "大毛领",
          "加厚",
          "收腰",
          "宽松",
          "韩版",
          "新款"
        ],
        "hasSimilarity": true,
        "lefttop_taglist": [],
        "sale": 22,
        "onSaleTime": "最近上新",
        "cfav": 230,
        "price": 168,
        "leftbottom_taglist": [],
        "similarityUrl": "//m.mogujie.com/wall/relative?pid=8872&iid=1m9s9qi&acm=3.mce.1_4_1m9s9qi.9750.36422-69778.icRakr7z8E8Je.sd_115-swt_69-imt_6-c_1_11_451063707_0_0_3-lc_201-fcid_52014-mid_9750-pm_003-dit_&itemType=6",
        "tagImage": ""
      },
      {
        "tradeItemId": "1ma1qj4",
        "img": "https://s11.mogucdn.com/mlcdn/c45406/181019_8f420527fl895bjfhef5631k29f9k_700x1000.jpg",
        "iid": "1ma1qj4",
        "clientUrl": "//h5.mogujie.com/detail-normal/index.html?itemId=1ma1qj4&acm=3.mce.1_4_1ma1qj4.9750.36422-69778.icRakr7z8E8Je.sd_115-swt_69-imt_6-lc_201-fcid_52014-mid_9750-pm_003-dit_",
        "link": "//h5.mogujie.com/detail-normal/index.html?itemId=1ma1qj4&acm=3.mce.1_4_1ma1qj4.9750.36422-69778.icRakr7z8E8Je.sd_115-swt_69-imt_6-lc_201-fcid_52014-mid_9750-pm_003-dit_",
        "itemMarks": "-1",
        "acm": "3.mce.1_4_1ma1qj4.9750.36422-69778.icRakr7z8E8Je.sd_115-swt_69-imt_6-lc_201-fcid_52014-mid_9750-pm_003-dit_",
        "price_taglist": [],
        "title": "轻熟风百搭基本款中长款毛呢外套2018冬上新淑女韩版小个子系带赫本风呢子上衣",
        "type": 2,
        "orgPrice": 198,
        "props": [
          "毛呢外套",
          "中长款",
          "系带",
          "淑女",
          "赫本风",
          "百搭",
          "轻熟风",
          "基本款",
          "韩版"
        ],
        "hasSimilarity": true,
        "lefttop_taglist": [],
        "sale": 1047,
        "cfav": 20,
        "price": 98,
        "leftbottom_taglist": [],
        "similarityUrl": "//m.mogujie.com/wall/relative?pid=8872&iid=1ma1qj4&acm=3.mce.1_4_1ma1qj4.9750.36422-69778.icRakr7z8E8Je.sd_115-swt_69-imt_6-lc_201-fcid_52014-mid_9750-pm_003-dit_&itemType=6",
        "tagImage": ""
      },
      {
        "tradeItemId": "1m9ahpm",
        "img": "https://s11.mogucdn.com/mlcdn/c45406/181002_1344k5g274f10c8l135d2b0cl96k1_640x960.jpg",
        "iid": "1m9ahpm",
        "clientUrl": "//h5.mogujie.com/detail-normal/index.html?itemId=1m9ahpm&acm=3.mce.1_4_1m9ahpm.9750.36422-69778.icRakr7z8E8Je.sd_115-swt_69-imt_6-lc_201-fcid_52014-mid_9750-pm_003-dit_",
        "link": "//h5.mogujie.com/detail-normal/index.html?itemId=1m9ahpm&acm=3.mce.1_4_1m9ahpm.9750.36422-69778.icRakr7z8E8Je.sd_115-swt_69-imt_6-lc_201-fcid_52014-mid_9750-pm_003-dit_",
        "itemMarks": "1525",
        "acm": "3.mce.1_4_1m9ahpm.9750.36422-69778.icRakr7z8E8Je.sd_115-swt_69-imt_6-lc_201-fcid_52014-mid_9750-pm_003-dit_",
        "price_taglist": [],
        "title": "复古港风毛衣女套头秋装新款2018冬季韩版宽松针织衫上衣加厚格子外套",
        "type": 2,
        "orgPrice": 140,
        "props": [
          "宽松针织衫",
          "套头",
          "加厚",
          "冬季",
          "韩版",
          "新款"
        ],
        "hasSimilarity": true,
        "lefttop_taglist": [],
        "sale": 28,
        "cfav": 247,
        "price": 98,
        "leftbottom_taglist": [],
        "similarityUrl": "//m.mogujie.com/wall/relative?pid=8872&iid=1m9ahpm&acm=3.mce.1_4_1m9ahpm.9750.36422-69778.icRakr7z8E8Je.sd_115-swt_69-imt_6-lc_201-fcid_52014-mid_9750-pm_003-dit_&itemType=6",
        "tagImage": ""
      },
      {
        "tradeItemId": "1m9ttfg",
        "img": "https://s11.mogucdn.com/mlcdn/c45406/181014_7fjg70bfg701ehbdc3idhf68lb84h_640x850.jpg",
        "iid": "1m9ttfg",
        "clientUrl": "//h5.mogujie.com/detail-normal/index.html?itemId=1m9ttfg&acm=3.mce.1_4_1m9ttfg.9750.36422-69778.icRakr7z8E8Je.sd_115-swt_69-imt_6-lc_201-fcid_52014-mid_9750-pm_003-dit_",
        "link": "//h5.mogujie.com/detail-normal/index.html?itemId=1m9ttfg&acm=3.mce.1_4_1m9ttfg.9750.36422-69778.icRakr7z8E8Je.sd_115-swt_69-imt_6-lc_201-fcid_52014-mid_9750-pm_003-dit_",
        "itemMarks": "1525",
        "acm": "3.mce.1_4_1m9ttfg.9750.36422-69778.icRakr7z8E8Je.sd_115-swt_69-imt_6-lc_201-fcid_52014-mid_9750-pm_003-dit_",
        "price_taglist": [],
        "title": "水貂绒外套女毛衣开衫2018新款秋冬欧洲站短款宽松慵懒风格子夹克",
        "type": 2,
        "orgPrice": 299,
        "props": [
          "毛衣开衫",
          "短款",
          "宽松",
          "新款",
          "秋冬"
        ],
        "hasSimilarity": true,
        "lefttop_taglist": [],
        "sale": 11,
        "onSaleTime": "最近上新",
        "cfav": 360,
        "price": 299,
        "leftbottom_taglist": [],
        "similarityUrl": "//m.mogujie.com/wall/relative?pid=8872&iid=1m9ttfg&acm=3.mce.1_4_1m9ttfg.9750.36422-69778.icRakr7z8E8Je.sd_115-swt_69-imt_6-lc_201-fcid_52014-mid_9750-pm_003-dit_&itemType=6",
        "tagImage": ""
      },
      {
        "tradeItemId": "1m7asd6",
        "img": "https://s11.mogucdn.com/mlcdn/c45406/180816_1a5e6h99d10e8dj1hliee4eadiif2_640x960.jpg",
        "iid": "1m7asd6",
        "clientUrl": "//h5.mogujie.com/detail-normal/index.html?itemId=1m7asd6&acm=3.mce.1_4_1m7asd6.9750.36422-69778.icRakr7z8E8Je.sd_115-swt_69-imt_6-lc_201-fcid_52014-mid_9750-pm_003-dit_",
        "link": "//h5.mogujie.com/detail-normal/index.html?itemId=1m7asd6&acm=3.mce.1_4_1m7asd6.9750.36422-69778.icRakr7z8E8Je.sd_115-swt_69-imt_6-lc_201-fcid_52014-mid_9750-pm_003-dit_",
        "itemMarks": "-1",
        "acm": "3.mce.1_4_1m7asd6.9750.36422-69778.icRakr7z8E8Je.sd_115-swt_69-imt_6-lc_201-fcid_52014-mid_9750-pm_003-dit_",
        "price_taglist": [],
        "title": "套装女秋2018新款休闲百搭短款印花卫衣高腰遮肉显瘦百褶裙两件套",
        "type": 2,
        "orgPrice": 52,
        "props": [
          "显瘦百褶裙",
          "高腰",
          "遮肉",
          "百搭",
          "休闲",
          "短款",
          "新款"
        ],
        "hasSimilarity": true,
        "lefttop_taglist": [],
        "sale": 65,
        "cfav": 205,
        "price": 36.4,
        "leftbottom_taglist": [],
        "similarityUrl": "//m.mogujie.com/wall/relative?pid=8872&iid=1m7asd6&acm=3.mce.1_4_1m7asd6.9750.36422-69778.icRakr7z8E8Je.sd_115-swt_69-imt_6-lc_201-fcid_52014-mid_9750-pm_003-dit_&itemType=6",
        "tagImage": ""
      },
      {
        "tradeItemId": "1m9jchy",
        "img": "https://s11.mogucdn.com/mlcdn/c45406/181007_18lgcbah7ba4kbkj9f5hg7j8g2c3i_640x960.jpg",
        "iid": "1m9jchy",
        "clientUrl": "//h5.mogujie.com/detail-normal/index.html?itemId=1m9jchy&acm=3.mce.1_4_1m9jchy.9750.36422-69778.icRakr7z8E8Je.sd_115-swt_69-imt_6-lc_201-fcid_52014-mid_9750-pm_003-dit_",
        "link": "//h5.mogujie.com/detail-normal/index.html?itemId=1m9jchy&acm=3.mce.1_4_1m9jchy.9750.36422-69778.icRakr7z8E8Je.sd_115-swt_69-imt_6-lc_201-fcid_52014-mid_9750-pm_003-dit_",
        "itemMarks": "82",
        "acm": "3.mce.1_4_1m9jchy.9750.36422-69778.icRakr7z8E8Je.sd_115-swt_69-imt_6-lc_201-fcid_52014-mid_9750-pm_003-dit_",
        "price_taglist": [],
        "title": "小个子毛呢外套女2018秋冬韩版学生宽松加厚斗篷小香风呢子大衣小清新淑女气质斜口袋上衣",
        "type": 2,
        "orgPrice": 185,
        "props": [
          "呢子大衣",
          "小香风",
          "气质",
          "加厚",
          "宽松",
          "淑女",
          "小清新",
          "秋冬",
          "韩版"
        ],
        "hasSimilarity": true,
        "lefttop_taglist": [],
        "sale": 12,
        "cfav": 142,
        "price": 129.5,
        "leftbottom_taglist": [],
        "similarityUrl": "//m.mogujie.com/wall/relative?pid=8872&iid=1m9jchy&acm=3.mce.1_4_1m9jchy.9750.36422-69778.icRakr7z8E8Je.sd_115-swt_69-imt_6-lc_201-fcid_52014-mid_9750-pm_003-dit_&itemType=6",
        "tagImage": ""
      },
      {
        "tradeItemId": "1m9qvy8",
        "img": "https://s11.mogucdn.com/mlcdn/c45406/181012_4aeh42gafb86gc28h42lcga42146k_640x960.jpg",
        "iid": "1m9qvy8",
        "clientUrl": "//h5.mogujie.com/detail-normal/index.html?itemId=1m9qvy8&acm=3.mce.1_4_1m9qvy8.9750.36422-69778.icRakr7z8E8Je.sd_115-swt_69-imt_6-lc_201-fcid_52014-mid_9750-pm_003-dit_",
        "link": "//h5.mogujie.com/detail-normal/index.html?itemId=1m9qvy8&acm=3.mce.1_4_1m9qvy8.9750.36422-69778.icRakr7z8E8Je.sd_115-swt_69-imt_6-lc_201-fcid_52014-mid_9750-pm_003-dit_",
        "itemMarks": "1525 352 351",
        "acm": "3.mce.1_4_1m9qvy8.9750.36422-69778.icRakr7z8E8Je.sd_115-swt_69-imt_6-lc_201-fcid_52014-mid_9750-pm_003-dit_",
        "price_taglist": [],
        "title": "2018女童装冬装新款格子韩版儿童套头毛衣 女宝宝厚实线衫秋冬款",
        "type": 2,
        "orgPrice": 90,
        "props": [
          "线衫",
          "秋冬款",
          "格子",
          "韩版",
          "厚实",
          "儿童",
          "宝宝",
          "新款"
        ],
        "hasSimilarity": true,
        "lefttop_taglist": [],
        "sale": 88,
        "cfav": 192,
        "price": 59,
        "leftbottom_taglist": [],
        "similarityUrl": "//m.mogujie.com/wall/relative?pid=8872&iid=1m9qvy8&acm=3.mce.1_4_1m9qvy8.9750.36422-69778.icRakr7z8E8Je.sd_115-swt_69-imt_6-lc_201-fcid_52014-mid_9750-pm_003-dit_&itemType=6",
        "tagImage": ""
      },
      {
        "tradeItemId": "1m7zuxm",
        "img": "https://s11.mogucdn.com/mlcdn/c45406/180901_1lhi91jj27db463kd5aad25c562ik_640x900.jpg",
        "iid": "1m7zuxm",
        "clientUrl": "//h5.mogujie.com/detail-normal/index.html?itemId=1m7zuxm&acm=3.mce.1_4_1m7zuxm.9750.36422-69778.icRakr7z8E8Je.sd_115-swt_69-imt_6-lc_201-fcid_52014-mid_9750-pm_003-dit_",
        "link": "//h5.mogujie.com/detail-normal/index.html?itemId=1m7zuxm&acm=3.mce.1_4_1m7zuxm.9750.36422-69778.icRakr7z8E8Je.sd_115-swt_69-imt_6-lc_201-fcid_52014-mid_9750-pm_003-dit_",
        "itemMarks": "1525",
        "acm": "3.mce.1_4_1m7zuxm.9750.36422-69778.icRakr7z8E8Je.sd_115-swt_69-imt_6-lc_201-fcid_52014-mid_9750-pm_003-dit_",
        "price_taglist": [],
        "title": "学院风大衣2018秋冬新款女装长袖针织毛衣暗扣开衫中长款羊羔毛加绒加厚宽松显瘦连帽外套女",
        "type": 2,
        "orgPrice": 112.84,
        "props": [
          "学院风大衣",
          "中长款",
          "宽松显瘦",
          "秋冬新款",
          "长袖",
          "加绒加厚"
        ],
        "hasSimilarity": true,
        "lefttop_taglist": [],
        "sale": 167,
        "cfav": 853,
        "price": 78.98,
        "leftbottom_taglist": [],
        "similarityUrl": "//m.mogujie.com/wall/relative?pid=8872&iid=1m7zuxm&acm=3.mce.1_4_1m7zuxm.9750.36422-69778.icRakr7z8E8Je.sd_115-swt_69-imt_6-lc_201-fcid_52014-mid_9750-pm_003-dit_&itemType=6",
        "tagImage": ""
      },
      {
        "tradeItemId": "1lnofb0",
        "img": "https://s11.mogucdn.com/mlcdn/c45406/171218_4b33cehj7icekce61ih898l070b92_700x1050.jpg",
        "iid": "1lnofb0",
        "clientUrl": "//h5.mogujie.com/detail-normal/index.html?itemId=1lnofb0&acm=3.mce.1_1_1lnofb0.9750.44188-27059.icRakr7z8E8Jd.sd_115-swt_69-imt_7-c_1_11_436341126_0_3-lc_201-fcid_52014-mid_9750-c1_3_654780194_10000001-dit_&cparam=MTU0MDUzODUyM18xYzJ1cWppXzU4OTJhZmEyM2QxM2YzMzlmYzgzYjQ5NzNjMjI5ZGE0XzExXzJfNDM2MzQxMTI2XzRkXzBfM18wXzgzN18xXzA=",
        "link": "//h5.mogujie.com/detail-normal/index.html?itemId=1lnofb0&acm=3.mce.1_1_1lnofb0.9750.44188-27059.icRakr7z8E8Jd.sd_115-swt_69-imt_7-c_1_11_436341126_0_3-lc_201-fcid_52014-mid_9750-c1_3_654780194_10000001-dit_&cparam=MTU0MDUzODUyM18xYzJ1cWppXzU4OTJhZmEyM2QxM2YzMzlmYzgzYjQ5NzNjMjI5ZGE0XzExXzJfNDM2MzQxMTI2XzRkXzBfM18wXzgzN18xXzA=",
        "itemMarks": "1525 352 1964 351",
        "acm": "3.mce.1_1_1lnofb0.9750.44188-27059.icRakr7z8E8Jd.sd_115-swt_69-imt_7-c_1_11_436341126_0_3-lc_201-fcid_52014-mid_9750-c1_3_654780194_10000001-dit_",
        "price_taglist": [],
        "title": "秋冬季新款韩版宽松套头羊羔毛加厚绒衫假两件保暖高领学生卫衣女",
        "type": 2,
        "orgPrice": 98,
        "props": [
          "学生卫衣",
          "套头",
          "宽松",
          "高领",
          "秋冬季",
          "韩版",
          "新款"
        ],
        "hasSimilarity": true,
        "lefttop_taglist": [],
        "sale": 2186,
        "cfav": 2482,
        "price": 68,
        "leftbottom_taglist": [
          "http://s16.mogucdn.com/p2/161230/upload_5a2dfba8i8i75dhi39bg321k1fg8g_112x72.png"
        ],
        "similarityUrl": "//m.mogujie.com/wall/relative?pid=8872&iid=1lnofb0&acm=3.mce.1_1_1lnofb0.9750.44188-27059.icRakr7z8E8Jd.sd_115-swt_69-imt_7-c_1_11_436341126_0_3-lc_201-fcid_52014-mid_9750-c1_3_654780194_10000001-dit_&itemType=7",
        "tagImage": ""
      },
      {
        "tradeItemId": "1lyeoxg",
        "img": "https://s11.mogucdn.com/mlcdn/c45406/180421_29327f4i4h8ehg62bhg34g9gj9j4j_640x960.jpg",
        "iid": "1lyeoxg",
        "clientUrl": "//h5.mogujie.com/detail-normal/index.html?itemId=1lyeoxg&acm=3.mce.1_1_1lyeoxg.9750.44188-27059.icRakr7z8E8Jd.sd_115-swt_69-imt_7-c_1_11_365193683_0_4-lc_201-fcid_52014-mid_9750-c1_3_663791038_10000001-dit_&cparam=MTU0MDUzODUyM18xZW9pc282XzcwYzFiOGE1YWM4YmYyOGRiNDdmNzE5NWExM2FjOTU1XzExXzNfMzY1MTkzNjgzXzRkXzBfNF8wXzRfMV8w",
        "link": "//h5.mogujie.com/detail-normal/index.html?itemId=1lyeoxg&acm=3.mce.1_1_1lyeoxg.9750.44188-27059.icRakr7z8E8Jd.sd_115-swt_69-imt_7-c_1_11_365193683_0_4-lc_201-fcid_52014-mid_9750-c1_3_663791038_10000001-dit_&cparam=MTU0MDUzODUyM18xZW9pc282XzcwYzFiOGE1YWM4YmYyOGRiNDdmNzE5NWExM2FjOTU1XzExXzNfMzY1MTkzNjgzXzRkXzBfNF8wXzRfMV8w",
        "itemMarks": "1525 352 351",
        "acm": "3.mce.1_1_1lyeoxg.9750.44188-27059.icRakr7z8E8Jd.sd_115-swt_69-imt_7-c_1_11_365193683_0_4-lc_201-fcid_52014-mid_9750-c1_3_663791038_10000001-dit_",
        "price_taglist": [],
        "title": "【小优代购】Dr.Althea艾医生樱花气垫白色气垫bb霜粉底液遮瑕cc霜保湿不卡粉",
        "type": 2,
        "orgPrice": 270,
        "props": [
          "Dr.Althea",
          "cc霜",
          "遮瑕",
          "气垫",
          "保湿",
          "樱花",
          "白色"
        ],
        "hasSimilarity": true,
        "lefttop_taglist": [],
        "sale": 208,
        "cfav": 3114,
        "price": 145,
        "leftbottom_taglist": [
          "http://s16.mogucdn.com/p2/161230/upload_5a2dfba8i8i75dhi39bg321k1fg8g_112x72.png"
        ],
        "similarityUrl": "//m.mogujie.com/wall/relative?pid=8872&iid=1lyeoxg&acm=3.mce.1_1_1lyeoxg.9750.44188-27059.icRakr7z8E8Jd.sd_115-swt_69-imt_7-c_1_11_365193683_0_4-lc_201-fcid_52014-mid_9750-c1_3_663791038_10000001-dit_&itemType=7",
        "tagImage": ""
      },
      {
        "tradeItemId": "1m9ztro",
        "img": "https://s11.mogucdn.com/mlcdn/c45406/181017_6lc8f2dfe8a250g2k06j29kbhe722_640x960.jpg",
        "iid": "1m9ztro",
        "clientUrl": "//h5.mogujie.com/detail-normal/index.html?itemId=1m9ztro&acm=3.mce.1_4_1m9ztro.9750.36422-69778.icRakr7z8E8Je.sd_115-swt_69-imt_6-c_1_11_453287898_0_0_3-lc_201-fcid_52014-mid_9750-pm_003-dit_&cparam=MTU0MDUzODUyM18xMWtfZDNlNzM1ZTZlYzYyN2MzZWQ5NjczMmU1ZDZiNzQwNTNfMTFfMF80NTMyODc4OThfNGY4Zl8wXzBfMF8wXzFfM19sb2MtMA==",
        "link": "//h5.mogujie.com/detail-normal/index.html?itemId=1m9ztro&acm=3.mce.1_4_1m9ztro.9750.36422-69778.icRakr7z8E8Je.sd_115-swt_69-imt_6-c_1_11_453287898_0_0_3-lc_201-fcid_52014-mid_9750-pm_003-dit_&cparam=MTU0MDUzODUyM18xMWtfZDNlNzM1ZTZlYzYyN2MzZWQ5NjczMmU1ZDZiNzQwNTNfMTFfMF80NTMyODc4OThfNGY4Zl8wXzBfMF8wXzFfM19sb2MtMA==",
        "itemMarks": "352 351",
        "acm": "3.mce.1_4_1m9ztro.9750.36422-69778.icRakr7z8E8Je.sd_115-swt_69-imt_6-c_1_11_453287898_0_0_3-lc_201-fcid_52014-mid_9750-pm_003-dit_",
        "price_taglist": [],
        "title": "ins显瘦时尚宽松外套女加绒加厚卫衣2018韩款超火的新款宽松百搭秋冬装长袖高领假两件女潮",
        "type": 2,
        "orgPrice": 57,
        "props": [
          "加厚卫衣",
          "加绒",
          "宽松",
          "女潮",
          "长袖",
          "高领",
          "百搭",
          "显瘦",
          "韩款",
          "时尚",
          "新款"
        ],
        "hasSimilarity": true,
        "lefttop_taglist": [],
        "sale": 63,
        "cfav": 209,
        "price": 39.8,
        "leftbottom_taglist": [],
        "similarityUrl": "//m.mogujie.com/wall/relative?pid=8872&iid=1m9ztro&acm=3.mce.1_4_1m9ztro.9750.36422-69778.icRakr7z8E8Je.sd_115-swt_69-imt_6-c_1_11_453287898_0_0_3-lc_201-fcid_52014-mid_9750-pm_003-dit_&itemType=6",
        "tagImage": ""
      },
      {
        "tradeItemId": "1m97zjm",
        "img": "https://s11.mogucdn.com/mlcdn/55cf19/180929_3bfj4lgalg0671gg628eijea82k6h_640x960.jpg",
        "iid": "1m97zjm",
        "clientUrl": "//h5.mogujie.com/detail-normal/index.html?itemId=1m97zjm&acm=3.mce.1_4_1m97zjm.9750.36422-69778.icRakr7z8E8Je.sd_115-swt_69-imt_6-lc_201-fcid_52014-mid_9750-pm_003-dit_",
        "link": "//h5.mogujie.com/detail-normal/index.html?itemId=1m97zjm&acm=3.mce.1_4_1m97zjm.9750.36422-69778.icRakr7z8E8Je.sd_115-swt_69-imt_6-lc_201-fcid_52014-mid_9750-pm_003-dit_",
        "itemMarks": "352 351",
        "acm": "3.mce.1_4_1m97zjm.9750.36422-69778.icRakr7z8E8Je.sd_115-swt_69-imt_6-lc_201-fcid_52014-mid_9750-pm_003-dit_",
        "price_taglist": [],
        "title": "2018新款秋冬装女装赫本风百搭时尚气质呢大衣韩版女学生闺蜜装大码显瘦口袋翻领厚款毛呢外套",
        "type": 2,
        "orgPrice": 150,
        "props": [
          "毛呢外套",
          "翻领",
          "气质",
          "显瘦",
          "赫本风",
          "大码",
          "时尚",
          "百搭",
          "韩版",
          "新款"
        ],
        "hasSimilarity": true,
        "lefttop_taglist": [],
        "sale": 26,
        "cfav": 332,
        "price": 101,
        "leftbottom_taglist": [],
        "similarityUrl": "//m.mogujie.com/wall/relative?pid=8872&iid=1m97zjm&acm=3.mce.1_4_1m97zjm.9750.36422-69778.icRakr7z8E8Je.sd_115-swt_69-imt_6-lc_201-fcid_52014-mid_9750-pm_003-dit_&itemType=6",
        "tagImage": ""
      },
      {
        "tradeItemId": "1m7m104",
        "img": "https://s11.mogucdn.com/mlcdn/c45406/180823_2c30df2h1kdjcee6i9g3jgjbaefla_640x960.jpg",
        "iid": "1m7m104",
        "clientUrl": "//h5.mogujie.com/detail-normal/index.html?itemId=1m7m104&acm=3.mce.1_4_1m7m104.9750.36422-69778.icRakr7z8E8Je.sd_115-swt_69-imt_6-lc_201-fcid_52014-mid_9750-pm_003-dit_",
        "link": "//h5.mogujie.com/detail-normal/index.html?itemId=1m7m104&acm=3.mce.1_4_1m7m104.9750.36422-69778.icRakr7z8E8Je.sd_115-swt_69-imt_6-lc_201-fcid_52014-mid_9750-pm_003-dit_",
        "itemMarks": "82",
        "acm": "3.mce.1_4_1m7m104.9750.36422-69778.icRakr7z8E8Je.sd_115-swt_69-imt_6-lc_201-fcid_52014-mid_9750-pm_003-dit_",
        "price_taglist": [],
        "title": "子晴糖果色套头毛衣女2018秋装新款慵懒风宽松百搭简约长袖针织衫",
        "type": 2,
        "orgPrice": 99,
        "props": [
          "套头毛衣",
          "宽松",
          "糖果色",
          "百搭",
          "简约",
          "新款"
        ],
        "hasSimilarity": true,
        "lefttop_taglist": [],
        "sale": 40,
        "cfav": 268,
        "price": 69.3,
        "leftbottom_taglist": [],
        "similarityUrl": "//m.mogujie.com/wall/relative?pid=8872&iid=1m7m104&acm=3.mce.1_4_1m7m104.9750.36422-69778.icRakr7z8E8Je.sd_115-swt_69-imt_6-lc_201-fcid_52014-mid_9750-pm_003-dit_&itemType=6",
        "tagImage": ""
      },
      {
        "tradeItemId": "1lntdp6",
        "img": "https://s11.mogucdn.com/mlcdn/c45406/171220_83gb7j63588ka5jc3gh3lhee7307j_640x960.jpg",
        "iid": "1lntdp6",
        "clientUrl": "//h5.mogujie.com/detail-normal/index.html?itemId=1lntdp6&acm=3.mce.1_4_1lntdp6.9750.36422-69778.icRakr7z8E8Je.sd_115-swt_69-imt_6-lc_201-fcid_52014-mid_9750-pm_003-dit_",
        "link": "//h5.mogujie.com/detail-normal/index.html?itemId=1lntdp6&acm=3.mce.1_4_1lntdp6.9750.36422-69778.icRakr7z8E8Je.sd_115-swt_69-imt_6-lc_201-fcid_52014-mid_9750-pm_003-dit_",
        "itemMarks": "352 351",
        "acm": "3.mce.1_4_1lntdp6.9750.36422-69778.icRakr7z8E8Je.sd_115-swt_69-imt_6-lc_201-fcid_52014-mid_9750-pm_003-dit_",
        "price_taglist": [],
        "title": "复古港味韩版chic英伦奶茶系格纹毛呢短裙显瘦高腰A字半身裙",
        "type": 2,
        "orgPrice": 49.6,
        "props": [
          "毛呢短裙",
          "高腰",
          "格纹",
          "显瘦",
          "英伦",
          "韩版"
        ],
        "hasSimilarity": true,
        "lefttop_taglist": [],
        "sale": 91,
        "cfav": 1694,
        "price": 49,
        "leftbottom_taglist": [],
        "similarityUrl": "//m.mogujie.com/wall/relative?pid=8872&iid=1lntdp6&acm=3.mce.1_4_1lntdp6.9750.36422-69778.icRakr7z8E8Je.sd_115-swt_69-imt_6-lc_201-fcid_52014-mid_9750-pm_003-dit_&itemType=6",
        "tagImage": ""
      },
      {
        "tradeItemId": "1m87ukm",
        "img": "https://s11.mogucdn.com/mlcdn/c45406/180906_6j0d1hlkfdlj061fi19dj9b9la995_640x960.jpg",
        "iid": "1m87ukm",
        "clientUrl": "//h5.mogujie.com/detail-normal/index.html?itemId=1m87ukm&acm=3.mce.1_4_1m87ukm.9750.36422-69778.icRakr7z8E8Je.sd_115-swt_69-imt_6-lc_201-fcid_52014-mid_9750-pm_003-dit_",
        "link": "//h5.mogujie.com/detail-normal/index.html?itemId=1m87ukm&acm=3.mce.1_4_1m87ukm.9750.36422-69778.icRakr7z8E8Je.sd_115-swt_69-imt_6-lc_201-fcid_52014-mid_9750-pm_003-dit_",
        "itemMarks": "-1",
        "acm": "3.mce.1_4_1m87ukm.9750.36422-69778.icRakr7z8E8Je.sd_115-swt_69-imt_6-lc_201-fcid_52014-mid_9750-pm_003-dit_",
        "price_taglist": [],
        "title": "秋冬新品Chic慵懒风V领套头针织连衣裙韩版宽松显瘦中长款过膝毛衣裙",
        "type": 2,
        "orgPrice": 128,
        "props": [
          "针织连衣裙",
          "v领",
          "中长款",
          "宽松显瘦",
          "套头",
          "过膝",
          "秋冬新品",
          "韩版"
        ],
        "hasSimilarity": true,
        "lefttop_taglist": [],
        "sale": 134,
        "cfav": 1825,
        "price": 89.6,
        "leftbottom_taglist": [],
        "similarityUrl": "//m.mogujie.com/wall/relative?pid=8872&iid=1m87ukm&acm=3.mce.1_4_1m87ukm.9750.36422-69778.icRakr7z8E8Je.sd_115-swt_69-imt_6-lc_201-fcid_52014-mid_9750-pm_003-dit_&itemType=6",
        "tagImage": ""
      },
      {
        "tradeItemId": "1m9zu5e",
        "img": "https://s11.mogucdn.com/mlcdn/c45406/181017_21f5714f6dc6i4f2cfk20h8737hi7_640x960.jpg",
        "iid": "1m9zu5e",
        "clientUrl": "//h5.mogujie.com/detail-normal/index.html?itemId=1m9zu5e&acm=3.mce.1_4_1m9zu5e.9750.36422-69778.icRakr7z8E8Je.sd_115-swt_69-imt_6-lc_201-fcid_52014-mid_9750-pm_003-dit_",
        "link": "//h5.mogujie.com/detail-normal/index.html?itemId=1m9zu5e&acm=3.mce.1_4_1m9zu5e.9750.36422-69778.icRakr7z8E8Je.sd_115-swt_69-imt_6-lc_201-fcid_52014-mid_9750-pm_003-dit_",
        "itemMarks": "1525 352 351",
        "acm": "3.mce.1_4_1m9zu5e.9750.36422-69778.icRakr7z8E8Je.sd_115-swt_69-imt_6-lc_201-fcid_52014-mid_9750-pm_003-dit_",
        "price_taglist": [],
        "title": "冬季韩版时尚百搭棉衣女短款韩版简约西装领休闲小棉服保暖显瘦外套面包服",
        "type": 2,
        "orgPrice": 126.42,
        "props": [
          "面包服",
          "短款",
          "西装领",
          "时尚",
          "百搭",
          "简约",
          "休闲",
          "冬季",
          "韩版"
        ],
        "hasSimilarity": true,
        "lefttop_taglist": [],
        "sale": 31,
        "cfav": 352,
        "price": 78,
        "leftbottom_taglist": [],
        "similarityUrl": "//m.mogujie.com/wall/relative?pid=8872&iid=1m9zu5e&acm=3.mce.1_4_1m9zu5e.9750.36422-69778.icRakr7z8E8Je.sd_115-swt_69-imt_6-lc_201-fcid_52014-mid_9750-pm_003-dit_&itemType=6",
        "tagImage": ""
      },
      {
        "tradeItemId": "1m9ksju",
        "img": "https://s11.mogucdn.com/mlcdn/c45406/181008_52ie0693411ghgelf76lhc0hk8037_640x960.jpg",
        "iid": "1m9ksju",
        "clientUrl": "//h5.mogujie.com/detail-normal/index.html?itemId=1m9ksju&acm=3.mce.1_4_1m9ksju.9750.36422-69778.icRakr7z8E8Je.sd_115-swt_69-imt_6-lc_201-fcid_52014-mid_9750-pm_003-dit_",
        "link": "//h5.mogujie.com/detail-normal/index.html?itemId=1m9ksju&acm=3.mce.1_4_1m9ksju.9750.36422-69778.icRakr7z8E8Je.sd_115-swt_69-imt_6-lc_201-fcid_52014-mid_9750-pm_003-dit_",
        "itemMarks": "-1",
        "acm": "3.mce.1_4_1m9ksju.9750.36422-69778.icRakr7z8E8Je.sd_115-swt_69-imt_6-lc_201-fcid_52014-mid_9750-pm_003-dit_",
        "price_taglist": [],
        "title": "2018秋冬新款韩版连帽加绒套头卫衣女学生宽松灯笼长袖百搭上衣潮",
        "type": 2,
        "orgPrice": 112.86,
        "props": [
          "套头卫衣",
          "连帽",
          "加绒",
          "宽松",
          "长袖",
          "秋冬新款",
          "韩版"
        ],
        "hasSimilarity": true,
        "lefttop_taglist": [],
        "sale": 10,
        "cfav": 96,
        "price": 79,
        "leftbottom_taglist": [],
        "similarityUrl": "//m.mogujie.com/wall/relative?pid=8872&iid=1m9ksju&acm=3.mce.1_4_1m9ksju.9750.36422-69778.icRakr7z8E8Je.sd_115-swt_69-imt_6-lc_201-fcid_52014-mid_9750-pm_003-dit_&itemType=6",
        "tagImage": ""
      },
      {
        "tradeItemId": "1m9qdje",
        "img": "https://s11.mogucdn.com/mlcdn/c45406/181011_2k14kk250f73i80k34ii05afef240_640x960.jpg",
        "iid": "1m9qdje",
        "clientUrl": "//h5.mogujie.com/detail-normal/index.html?itemId=1m9qdje&acm=3.mce.1_4_1m9qdje.9750.36422-69778.icRakr7z8E8Je.sd_115-swt_69-imt_6-lc_201-fcid_52014-mid_9750-pm_003-dit_",
        "link": "//h5.mogujie.com/detail-normal/index.html?itemId=1m9qdje&acm=3.mce.1_4_1m9qdje.9750.36422-69778.icRakr7z8E8Je.sd_115-swt_69-imt_6-lc_201-fcid_52014-mid_9750-pm_003-dit_",
        "itemMarks": "352 1964 351",
        "acm": "3.mce.1_4_1m9qdje.9750.36422-69778.icRakr7z8E8Je.sd_115-swt_69-imt_6-lc_201-fcid_52014-mid_9750-pm_003-dit_",
        "price_taglist": [],
        "title": "【新品】秋冬季韩版女装上衣套头针织衫V领长袖宽松显瘦百搭款时尚单件毛衣",
        "type": 2,
        "orgPrice": 142,
        "props": [
          "毛衣",
          "v领长袖",
          "宽松显瘦",
          "秋冬季",
          "百搭款",
          "时尚",
          "韩版"
        ],
        "hasSimilarity": true,
        "lefttop_taglist": [],
        "sale": 277,
        "cfav": 1085,
        "price": 89.9,
        "leftbottom_taglist": [],
        "similarityUrl": "//m.mogujie.com/wall/relative?pid=8872&iid=1m9qdje&acm=3.mce.1_4_1m9qdje.9750.36422-69778.icRakr7z8E8Je.sd_115-swt_69-imt_6-lc_201-fcid_52014-mid_9750-pm_003-dit_&itemType=6",
        "tagImage": ""
      },
      {
        "tradeItemId": "1m7pwa8",
        "img": "https://s11.mogucdn.com/mlcdn/c45406/180826_110569g5dg5l10eck3b6c50jla389_750x1125.jpg",
        "iid": "1m7pwa8",
        "clientUrl": "//h5.mogujie.com/detail-normal/index.html?itemId=1m7pwa8&acm=3.mce.1_1_1m7pwa8.9750.44188-27059.icRakr7z8E8Jd.sd_115-swt_69-imt_7-c_1_11_443857079_0_5-lc_201-fcid_52014-mid_9750-c1_3_671610684_10000001-dit_&cparam=MTU0MDUzODUyM18xY3Mzc2lzXzU4NzEzZjIwNDc1NjZlOTA0OGNkZTE2ODFjNWI5ZWJiXzExXzRfNDQzODU3MDc5XzRkXzBfNV8wXzMzNF8xXzA=",
        "link": "//h5.mogujie.com/detail-normal/index.html?itemId=1m7pwa8&acm=3.mce.1_1_1m7pwa8.9750.44188-27059.icRakr7z8E8Jd.sd_115-swt_69-imt_7-c_1_11_443857079_0_5-lc_201-fcid_52014-mid_9750-c1_3_671610684_10000001-dit_&cparam=MTU0MDUzODUyM18xY3Mzc2lzXzU4NzEzZjIwNDc1NjZlOTA0OGNkZTE2ODFjNWI5ZWJiXzExXzRfNDQzODU3MDc5XzRkXzBfNV8wXzMzNF8xXzA=",
        "itemMarks": "352 351",
        "acm": "3.mce.1_1_1m7pwa8.9750.44188-27059.icRakr7z8E8Jd.sd_115-swt_69-imt_7-c_1_11_443857079_0_5-lc_201-fcid_52014-mid_9750-c1_3_671610684_10000001-dit_",
        "price_taglist": [],
        "title": "冬季潮男羽绒棉马甲韩版男士连帽棉衣学生外套修身加厚坎肩棉服",
        "type": 2,
        "orgPrice": 98,
        "props": [
          "坎肩",
          "修身",
          "加厚",
          "韩版",
          "男士",
          "冬季"
        ],
        "hasSimilarity": true,
        "lefttop_taglist": [],
        "sale": 77,
        "cfav": 50,
        "price": 59.8,
        "leftbottom_taglist": [
          "http://s16.mogucdn.com/p2/161230/upload_5a2dfba8i8i75dhi39bg321k1fg8g_112x72.png"
        ],
        "similarityUrl": "//m.mogujie.com/wall/relative?pid=8872&iid=1m7pwa8&acm=3.mce.1_1_1m7pwa8.9750.44188-27059.icRakr7z8E8Jd.sd_115-swt_69-imt_7-c_1_11_443857079_0_5-lc_201-fcid_52014-mid_9750-c1_3_671610684_10000001-dit_&itemType=7",
        "tagImage": ""
      },
      {
        "tradeItemId": "1lylksu",
        "img": "https://s11.mogucdn.com/mlcdn/c45406/180423_6228cdaff6d6cj10gc1hde5d2d82j_640x960.jpg",
        "iid": "1lylksu",
        "clientUrl": "//h5.mogujie.com/detail-normal/index.html?itemId=1lylksu&acm=3.mce.1_1_1lylksu.9750.44188-27059.icRakr7z8E8Jd.sd_115-swt_69-imt_7-c_1_11_386400118_0_6-lc_201-fcid_52014-mid_9750-c1_3_663951659_10000001-dit_&cparam=MTU0MDUzODUyM18xZXg2YWxnXzkxZDZlNTE0NmQ3MTk5YzZmYjhjNWZiY2YwNzU0MjExXzExXzVfMzg2NDAwMTE4XzRkXzBfNl8wXzI2Ml8xXzA=",
        "link": "//h5.mogujie.com/detail-normal/index.html?itemId=1lylksu&acm=3.mce.1_1_1lylksu.9750.44188-27059.icRakr7z8E8Jd.sd_115-swt_69-imt_7-c_1_11_386400118_0_6-lc_201-fcid_52014-mid_9750-c1_3_663951659_10000001-dit_&cparam=MTU0MDUzODUyM18xZXg2YWxnXzkxZDZlNTE0NmQ3MTk5YzZmYjhjNWZiY2YwNzU0MjExXzExXzVfMzg2NDAwMTE4XzRkXzBfNl8wXzI2Ml8xXzA=",
        "itemMarks": "352 351",
        "acm": "3.mce.1_1_1lylksu.9750.44188-27059.icRakr7z8E8Jd.sd_115-swt_69-imt_7-c_1_11_386400118_0_6-lc_201-fcid_52014-mid_9750-c1_3_663951659_10000001-dit_",
        "price_taglist": [],
        "title": "欧美夸张超大圆形圆圈耳环耳圈耳饰女显脸小简约个性百搭女士耳环",
        "type": 2,
        "orgPrice": 19.71,
        "props": [
          "圆圈耳环",
          "圆形",
          "显脸小",
          "个性",
          "欧美",
          "简约",
          "百搭",
          "超大",
          "女士"
        ],
        "hasSimilarity": true,
        "lefttop_taglist": [],
        "sale": 652,
        "cfav": 760,
        "price": 12.7,
        "leftbottom_taglist": [
          "http://s16.mogucdn.com/p2/161230/upload_5a2dfba8i8i75dhi39bg321k1fg8g_112x72.png"
        ],
        "similarityUrl": "//m.mogujie.com/wall/relative?pid=8872&iid=1lylksu&acm=3.mce.1_1_1lylksu.9750.44188-27059.icRakr7z8E8Jd.sd_115-swt_69-imt_7-c_1_11_386400118_0_6-lc_201-fcid_52014-mid_9750-c1_3_663951659_10000001-dit_&itemType=7",
        "tagImage": ""
      },
      {
        "tradeItemId": "1m99c80",
        "img": "https://s11.mogucdn.com/mlcdn/55cf19/180930_7b58heig804725ed5h4fa0f4k0635_640x960.jpg",
        "iid": "1m99c80",
        "clientUrl": "//h5.mogujie.com/detail-normal/index.html?itemId=1m99c80&acm=3.mce.1_4_1m99c80.9750.36422-69778.icRakr7z8E8Je.sd_115-swt_69-imt_6-lc_201-fcid_52014-mid_9750-pm_003-dit_",
        "link": "//h5.mogujie.com/detail-normal/index.html?itemId=1m99c80&acm=3.mce.1_4_1m99c80.9750.36422-69778.icRakr7z8E8Je.sd_115-swt_69-imt_6-lc_201-fcid_52014-mid_9750-pm_003-dit_",
        "itemMarks": "-1",
        "acm": "3.mce.1_4_1m99c80.9750.36422-69778.icRakr7z8E8Je.sd_115-swt_69-imt_6-lc_201-fcid_52014-mid_9750-pm_003-dit_",
        "price_taglist": [],
        "title": "2018新款秋冬女装甜美百搭时尚大码显瘦慵懒风厚款毛衣韩版女学生闺蜜装半身裙皮裙套装两件套",
        "type": 2,
        "orgPrice": 84.29,
        "props": [
          "套装两件套",
          "时尚",
          "显瘦",
          "甜美",
          "百搭",
          "大码",
          "新款",
          "韩版"
        ],
        "hasSimilarity": true,
        "lefttop_taglist": [],
        "sale": 13,
        "cfav": 165,
        "price": 59,
        "leftbottom_taglist": [],
        "similarityUrl": "//m.mogujie.com/wall/relative?pid=8872&iid=1m99c80&acm=3.mce.1_4_1m99c80.9750.36422-69778.icRakr7z8E8Je.sd_115-swt_69-imt_6-lc_201-fcid_52014-mid_9750-pm_003-dit_&itemType=6",
        "tagImage": ""
      },
      {
        "tradeItemId": "1m9is90",
        "img": "https://s11.mogucdn.com/mlcdn/c45406/181017_47b5326fcbhk35a24e5053jk41kb7_640x960.jpg",
        "iid": "1m9is90",
        "clientUrl": "//h5.mogujie.com/detail-normal/index.html?itemId=1m9is90&acm=3.mce.1_4_1m9is90.9750.36422-69778.icRakr7z8E8Je.sd_115-swt_69-imt_6-lc_201-fcid_52014-mid_9750-pm_003-dit_",
        "link": "//h5.mogujie.com/detail-normal/index.html?itemId=1m9is90&acm=3.mce.1_4_1m9is90.9750.36422-69778.icRakr7z8E8Je.sd_115-swt_69-imt_6-lc_201-fcid_52014-mid_9750-pm_003-dit_",
        "itemMarks": "1525 352 351",
        "acm": "3.mce.1_4_1m9is90.9750.36422-69778.icRakr7z8E8Je.sd_115-swt_69-imt_6-lc_201-fcid_52014-mid_9750-pm_003-dit_",
        "price_taglist": [],
        "title": "牛仔外套女2018新款冬季韩版时尚宽松休闲短款可拆卸内胆真毛领保暖加厚夹克潮",
        "type": 2,
        "orgPrice": 398.58,
        "props": [
          "牛仔外套",
          "短款",
          "宽松",
          "休闲",
          "毛领",
          "时尚",
          "冬季",
          "新款",
          "韩版"
        ],
        "hasSimilarity": true,
        "lefttop_taglist": [],
        "sale": 58,
        "cfav": 1311,
        "price": 259,
        "leftbottom_taglist": [],
        "similarityUrl": "//m.mogujie.com/wall/relative?pid=8872&iid=1m9is90&acm=3.mce.1_4_1m9is90.9750.36422-69778.icRakr7z8E8Je.sd_115-swt_69-imt_6-lc_201-fcid_52014-mid_9750-pm_003-dit_&itemType=6",
        "tagImage": ""
      },
      {
        "tradeItemId": "1kkbf0a",
        "img": "https://s11.mogucdn.com/mlcdn/c45406/170914_07fe4lch7kk05jlg7j2ebh8a718b4_640x960.jpg",
        "iid": "1kkbf0a",
        "clientUrl": "//h5.mogujie.com/detail-normal/index.html?itemId=1kkbf0a&acm=3.mce.1_4_1kkbf0a.9750.36422-69778.icRakr7z8E8Je.sd_115-swt_69-imt_6-lc_201-fcid_52014-mid_9750-pm_003-dit_",
        "link": "//h5.mogujie.com/detail-normal/index.html?itemId=1kkbf0a&acm=3.mce.1_4_1kkbf0a.9750.36422-69778.icRakr7z8E8Je.sd_115-swt_69-imt_6-lc_201-fcid_52014-mid_9750-pm_003-dit_",
        "itemMarks": "1525",
        "acm": "3.mce.1_4_1kkbf0a.9750.36422-69778.icRakr7z8E8Je.sd_115-swt_69-imt_6-lc_201-fcid_52014-mid_9750-pm_003-dit_",
        "price_taglist": [],
        "title": "贝雷帽女秋冬韩版日系百搭时尚羊毛蓓蕾帽冬季毛呢画家帽子英伦潮",
        "type": 2,
        "orgPrice": 36,
        "props": [
          "画家帽子",
          "羊毛",
          "英伦潮",
          "百搭",
          "时尚",
          "日系",
          "秋冬",
          "冬季",
          "韩版"
        ],
        "hasSimilarity": true,
        "lefttop_taglist": [],
        "sale": 184,
        "cfav": 2866,
        "price": 25.2,
        "leftbottom_taglist": [],
        "similarityUrl": "//m.mogujie.com/wall/relative?pid=8872&iid=1kkbf0a&acm=3.mce.1_4_1kkbf0a.9750.36422-69778.icRakr7z8E8Je.sd_115-swt_69-imt_6-lc_201-fcid_52014-mid_9750-pm_003-dit_&itemType=6",
        "tagImage": ""
      },
      {
        "tradeItemId": "1lq5aps",
        "img": "https://s11.mogucdn.com/mlcdn/c45406/180116_31f8aa9f561e4ei3ai5egb03hh0dk_640x960.jpg",
        "iid": "1lq5aps",
        "clientUrl": "//h5.mogujie.com/detail-normal/index.html?itemId=1lq5aps&acm=3.mce.1_4_1lq5aps.9750.36422-69778.icRakr7z8E8Je.sd_115-swt_69-imt_6-lc_201-fcid_52014-mid_9750-pm_003-dit_",
        "link": "//h5.mogujie.com/detail-normal/index.html?itemId=1lq5aps&acm=3.mce.1_4_1lq5aps.9750.36422-69778.icRakr7z8E8Je.sd_115-swt_69-imt_6-lc_201-fcid_52014-mid_9750-pm_003-dit_",
        "itemMarks": "352 351",
        "acm": "3.mce.1_4_1lq5aps.9750.36422-69778.icRakr7z8E8Je.sd_115-swt_69-imt_6-lc_201-fcid_52014-mid_9750-pm_003-dit_",
        "price_taglist": [],
        "title": "现货秒发杭州正版加厚中长款棉衣女2018冬装新款显瘦面包服毛领连帽保暖棉袄羽绒棉服外套",
        "type": 2,
        "orgPrice": 315,
        "props": [
          "面包服",
          "羽绒",
          "加厚",
          "正版",
          "显瘦",
          "新款"
        ],
        "hasSimilarity": true,
        "lefttop_taglist": [],
        "sale": 200,
        "cfav": 2508,
        "price": 178,
        "leftbottom_taglist": [],
        "similarityUrl": "//m.mogujie.com/wall/relative?pid=8872&iid=1lq5aps&acm=3.mce.1_4_1lq5aps.9750.36422-69778.icRakr7z8E8Je.sd_115-swt_69-imt_6-lc_201-fcid_52014-mid_9750-pm_003-dit_&itemType=6",
        "tagImage": ""
      },
      {
        "tradeItemId": "1m8um2y",
        "img": "https://s11.mogucdn.com/mlcdn/c45406/180921_87f6249d4347j9ld1b2ff2c13a73l_640x854.jpg",
        "iid": "1m8um2y",
        "clientUrl": "//h5.mogujie.com/detail-normal/index.html?itemId=1m8um2y&acm=3.mce.1_4_1m8um2y.9750.36422-69778.icRakr7z8E8Je.sd_115-swt_69-imt_6-lc_201-fcid_52014-mid_9750-pm_003-dit_",
        "link": "//h5.mogujie.com/detail-normal/index.html?itemId=1m8um2y&acm=3.mce.1_4_1m8um2y.9750.36422-69778.icRakr7z8E8Je.sd_115-swt_69-imt_6-lc_201-fcid_52014-mid_9750-pm_003-dit_",
        "itemMarks": "1232 82",
        "acm": "3.mce.1_4_1m8um2y.9750.36422-69778.icRakr7z8E8Je.sd_115-swt_69-imt_6-lc_201-fcid_52014-mid_9750-pm_003-dit_",
        "price_taglist": [],
        "title": "时尚套装两件套2018新款韩版慵懒宽松小清新中长款连帽卫衣学生高腰打底裤外穿显瘦休闲裤女",
        "type": 2,
        "orgPrice": 84.29,
        "props": [
          "套装两件套",
          "时尚",
          "宽松",
          "中长款",
          "小清新",
          "新款",
          "韩版"
        ],
        "hasSimilarity": true,
        "lefttop_taglist": [],
        "sale": 378,
        "cfav": 1417,
        "price": 59,
        "leftbottom_taglist": [],
        "similarityUrl": "//m.mogujie.com/wall/relative?pid=8872&iid=1m8um2y&acm=3.mce.1_4_1m8um2y.9750.36422-69778.icRakr7z8E8Je.sd_115-swt_69-imt_6-lc_201-fcid_52014-mid_9750-pm_003-dit_&itemType=6",
        "tagImage": ""
      },
      {
        "tradeItemId": "1m9g7s8",
        "img": "https://s11.mogucdn.com/mlcdn/c45406/181011_1haik4leed32ja2d0bj2dc663hji1_640x960.jpg",
        "iid": "1m9g7s8",
        "clientUrl": "//h5.mogujie.com/detail-normal/index.html?itemId=1m9g7s8&acm=3.mce.1_4_1m9g7s8.9750.36422-69778.icRakr7z8E8Je.sd_115-swt_69-imt_6-lc_201-fcid_52014-mid_9750-pm_003-dit_",
        "link": "//h5.mogujie.com/detail-normal/index.html?itemId=1m9g7s8&acm=3.mce.1_4_1m9g7s8.9750.36422-69778.icRakr7z8E8Je.sd_115-swt_69-imt_6-lc_201-fcid_52014-mid_9750-pm_003-dit_",
        "itemMarks": "352 351",
        "acm": "3.mce.1_4_1m9g7s8.9750.36422-69778.icRakr7z8E8Je.sd_115-swt_69-imt_6-lc_201-fcid_52014-mid_9750-pm_003-dit_",
        "price_taglist": [],
        "title": "18秋冬季新款韩版小个子皮毛一体毛绒外套ulzzang短款宽松百搭复古休闲夹克羊羔毛上衣",
        "type": 2,
        "orgPrice": 168,
        "props": [
          "毛绒外套",
          "皮毛",
          "一体",
          "短款",
          "宽松",
          "百搭",
          "秋冬季",
          "复古",
          "新款",
          "韩版"
        ],
        "hasSimilarity": true,
        "lefttop_taglist": [],
        "sale": 27,
        "cfav": 236,
        "price": 98,
        "leftbottom_taglist": [],
        "similarityUrl": "//m.mogujie.com/wall/relative?pid=8872&iid=1m9g7s8&acm=3.mce.1_4_1m9g7s8.9750.36422-69778.icRakr7z8E8Je.sd_115-swt_69-imt_6-lc_201-fcid_52014-mid_9750-pm_003-dit_&itemType=6",
        "tagImage": ""
      },
      {
        "tradeItemId": "1m8w6kw",
        "img": "https://s11.mogucdn.com/mlcdn/c45406/180922_2b459ijaec3fciaaakh1h77lcjedb_800x800.jpg",
        "iid": "1m8w6kw",
        "clientUrl": "//h5.mogujie.com/detail-normal/index.html?itemId=1m8w6kw&acm=3.mce.1_4_1m8w6kw.9750.36422-69778.icRakr7z8E8Je.sd_115-swt_69-imt_6-lc_201-fcid_52014-mid_9750-pm_003-dit_",
        "link": "//h5.mogujie.com/detail-normal/index.html?itemId=1m8w6kw&acm=3.mce.1_4_1m8w6kw.9750.36422-69778.icRakr7z8E8Je.sd_115-swt_69-imt_6-lc_201-fcid_52014-mid_9750-pm_003-dit_",
        "itemMarks": "-1",
        "acm": "3.mce.1_4_1m8w6kw.9750.36422-69778.icRakr7z8E8Je.sd_115-swt_69-imt_6-lc_201-fcid_52014-mid_9750-pm_003-dit_",
        "price_taglist": [],
        "title": "韩式夹棉花边床盖式四件套公主风单人双人加厚磨毛被套床单韩版床上用品4件套",
        "type": 2,
        "orgPrice": 98.58,
        "props": [
          "被套床单",
          "公主风",
          "双人",
          "单人",
          "韩式",
          "花边",
          "加厚",
          "夹棉",
          "韩版"
        ],
        "hasSimilarity": true,
        "lefttop_taglist": [],
        "sale": 26,
        "cfav": 108,
        "price": 69,
        "leftbottom_taglist": [],
        "similarityUrl": "//m.mogujie.com/wall/relative?pid=8872&iid=1m8w6kw&acm=3.mce.1_4_1m8w6kw.9750.36422-69778.icRakr7z8E8Je.sd_115-swt_69-imt_6-lc_201-fcid_52014-mid_9750-pm_003-dit_&itemType=6",
        "tagImage": ""
      },
      {
        "tradeItemId": "1k9l3zu",
        "img": "https://s11.mogucdn.com/mlcdn/c45406/180920_53a18li607adjb63707f9f7jhlgg6_640x960.jpg",
        "iid": "1k9l3zu",
        "clientUrl": "//h5.mogujie.com/detail-normal/index.html?itemId=1k9l3zu&acm=3.mce.1_4_1k9l3zu.9750.36422-69778.icRakr7z8E8Je.sd_115-swt_69-imt_6-c_1_11_397273334_0_0_3-lc_201-fcid_52014-mid_9750-pm_003-dit_&cparam=MTU0MDUzODUyM18xMWtfZDNlNzM1ZTZlYzYyN2MzZWQ5NjczMmU1ZDZiNzQwNTNfMTFfMF8zOTcyNzMzMzRfNGY4Zl8wXzBfMF8wXzFfM19sb2MtMA==",
        "link": "//h5.mogujie.com/detail-normal/index.html?itemId=1k9l3zu&acm=3.mce.1_4_1k9l3zu.9750.36422-69778.icRakr7z8E8Je.sd_115-swt_69-imt_6-c_1_11_397273334_0_0_3-lc_201-fcid_52014-mid_9750-pm_003-dit_&cparam=MTU0MDUzODUyM18xMWtfZDNlNzM1ZTZlYzYyN2MzZWQ5NjczMmU1ZDZiNzQwNTNfMTFfMF8zOTcyNzMzMzRfNGY4Zl8wXzBfMF8wXzFfM19sb2MtMA==",
        "itemMarks": "1525 1964",
        "acm": "3.mce.1_4_1k9l3zu.9750.36422-69778.icRakr7z8E8Je.sd_115-swt_69-imt_6-c_1_11_397273334_0_0_3-lc_201-fcid_52014-mid_9750-pm_003-dit_",
        "price_taglist": [],
        "title": "【不抽丝 不起球】打底裤女外穿高腰显瘦韩系高腰黑色加绒加厚裤子魔术裤女新款秋冬季小脚裤长裤",
        "type": 2,
        "orgPrice": 65,
        "props": [
          "打底裤",
          "不抽丝",
          "不起球",
          "高腰",
          "黑色",
          "加绒加厚",
          "显瘦",
          "秋冬季",
          "韩系",
          "新款"
        ],
        "hasSimilarity": true,
        "lefttop_taglist": [],
        "sale": 1280,
        "cfav": 3032,
        "price": 45.5,
        "leftbottom_taglist": [],
        "similarityUrl": "//m.mogujie.com/wall/relative?pid=8872&iid=1k9l3zu&acm=3.mce.1_4_1k9l3zu.9750.36422-69778.icRakr7z8E8Je.sd_115-swt_69-imt_6-c_1_11_397273334_0_0_3-lc_201-fcid_52014-mid_9750-pm_003-dit_&itemType=6",
        "tagImage": ""
      },
      {
        "tradeItemId": "1kq3els",
        "img": "https://s11.mogucdn.com/mlcdn/c45406/171113_5fcab874j2jdeagae63396h1983a8_640x960.jpg",
        "iid": "1kq3els",
        "clientUrl": "//h5.mogujie.com/detail-normal/index.html?itemId=1kq3els&acm=3.mce.1_1_1kq3els.9750.44188-27059.icRakr7z8E8Jd.sd_115-swt_69-imt_7-c_1_11_451123702_0_7-lc_201-fcid_52014-mid_9750-c1_3_626576188_10000001-dit_&cparam=MTU0MDUzODUyM18xZWcxZnZxXzQwNTVhZTVhZTFlNjdjOTc2Yzk0NjRlYzA0MGNiZWZjXzExXzZfNDUxMTIzNzAyXzRkXzBfN18wXzE4OV8xXzA=",
        "link": "//h5.mogujie.com/detail-normal/index.html?itemId=1kq3els&acm=3.mce.1_1_1kq3els.9750.44188-27059.icRakr7z8E8Jd.sd_115-swt_69-imt_7-c_1_11_451123702_0_7-lc_201-fcid_52014-mid_9750-c1_3_626576188_10000001-dit_&cparam=MTU0MDUzODUyM18xZWcxZnZxXzQwNTVhZTVhZTFlNjdjOTc2Yzk0NjRlYzA0MGNiZWZjXzExXzZfNDUxMTIzNzAyXzRkXzBfN18wXzE4OV8xXzA=",
        "itemMarks": "1525 82",
        "acm": "3.mce.1_1_1kq3els.9750.44188-27059.icRakr7z8E8Jd.sd_115-swt_69-imt_7-c_1_11_451123702_0_7-lc_201-fcid_52014-mid_9750-c1_3_626576188_10000001-dit_",
        "price_taglist": [],
        "title": "chic冬装新款加绒加厚男士毛呢外套韩版宽松中长款呢大衣男潮流青年帅气港风纯色风衣",
        "type": 2,
        "orgPrice": 228,
        "props": [
          "长款呢大衣",
          "港风",
          "帅气",
          "潮流",
          "纯色",
          "新款",
          "加绒加厚",
          "宽松",
          "男士",
          "韩版"
        ],
        "hasSimilarity": true,
        "lefttop_taglist": [],
        "sale": 146,
        "cfav": 467,
        "price": 159.6,
        "leftbottom_taglist": [
          "http://s16.mogucdn.com/p2/161230/upload_5a2dfba8i8i75dhi39bg321k1fg8g_112x72.png"
        ],
        "similarityUrl": "//m.mogujie.com/wall/relative?pid=8872&iid=1kq3els&acm=3.mce.1_1_1kq3els.9750.44188-27059.icRakr7z8E8Jd.sd_115-swt_69-imt_7-c_1_11_451123702_0_7-lc_201-fcid_52014-mid_9750-c1_3_626576188_10000001-dit_&itemType=7",
        "tagImage": ""
      },
      {
        "tradeItemId": "1m6vbt8",
        "img": "https://s11.mogucdn.com/mlcdn/55cf19/180804_1hda4adhj2b6g6c2849c97b08jhkc_640x960.jpg",
        "iid": "1m6vbt8",
        "clientUrl": "//h5.mogujie.com/detail-normal/index.html?itemId=1m6vbt8&acm=3.mce.1_1_1m6vbt8.9750.44188-27059.icRakr7z8E8Jd.sd_115-swt_69-imt_7-c_1_11_436733751_0_8-lc_201-fcid_52014-mid_9750-c1_3_670897578_10000001-dit_&cparam=MTU0MDUzODUyM18xMWtfZDNlNzM1ZTZlYzYyN2MzZWQ5NjczMmU1ZDZiNzQwNTNfMTFfN180MzY3MzM3NTFfNGRfMF84XzBfNTI5XzFfMA==",
        "link": "//h5.mogujie.com/detail-normal/index.html?itemId=1m6vbt8&acm=3.mce.1_1_1m6vbt8.9750.44188-27059.icRakr7z8E8Jd.sd_115-swt_69-imt_7-c_1_11_436733751_0_8-lc_201-fcid_52014-mid_9750-c1_3_670897578_10000001-dit_&cparam=MTU0MDUzODUyM18xMWtfZDNlNzM1ZTZlYzYyN2MzZWQ5NjczMmU1ZDZiNzQwNTNfMTFfN180MzY3MzM3NTFfNGRfMF84XzBfNTI5XzFfMA==",
        "itemMarks": "-1",
        "acm": "3.mce.1_1_1m6vbt8.9750.44188-27059.icRakr7z8E8Jd.sd_115-swt_69-imt_7-c_1_11_436733751_0_8-lc_201-fcid_52014-mid_9750-c1_3_670897578_10000001-dit_",
        "price_taglist": [],
        "title": "毛衣男加绒加厚保暖韩版圆领套头线衫休闲时尚港风修身男装打底针织衫毛线衫男",
        "type": 2,
        "orgPrice": 92.86,
        "props": [
          "套头线衫",
          "圆领",
          "港风",
          "休闲",
          "时尚",
          "加绒加厚",
          "韩版"
        ],
        "hasSimilarity": true,
        "lefttop_taglist": [],
        "sale": 123,
        "cfav": 157,
        "price": 65,
        "leftbottom_taglist": [
          "http://s16.mogucdn.com/p2/161230/upload_5a2dfba8i8i75dhi39bg321k1fg8g_112x72.png"
        ],
        "similarityUrl": "//m.mogujie.com/wall/relative?pid=8872&iid=1m6vbt8&acm=3.mce.1_1_1m6vbt8.9750.44188-27059.icRakr7z8E8Jd.sd_115-swt_69-imt_7-c_1_11_436733751_0_8-lc_201-fcid_52014-mid_9750-c1_3_670897578_10000001-dit_&itemType=7",
        "tagImage": ""
      }
    ],
    "offset": 0,
    "title": "猜你喜欢",
    "isEnd": false
  }
}