{
  "end": false,
  "pageIndex": 2,
  "lives": [
    {
      "intro": "最正的光腿神器😍",
      "actUserId": "15ef080",
      "userName": "洛可可Ke",
      "avatar": "http://s11.mogucdn.com/mlcdn/5abf39/180705_13ik5k858k39j3i728blfi82ll6ej_400x400.jpg",
      "roomId": 10807804,
      "recommended": false,
      "acm": "3.ms.0_14_1cvar4.0.80057-68958.f6VZ3r885ED5I.x_15ef080-sd_117-xid_26-t_f6VZ3r885ED5I-cxk_100028-dm1_1000",
      "living": true,
      "roomTag": "https://s10.mogucdn.com/mlcdn/c45406/181031_726aaf0cjfg9cdidjid6g2l669ajc_300x180.png",
      "link": "mgj://mglive/enterLiveRoom?actorId=15ef080&roomId=10807804&acm=3.ms.0_14_1cvar4.0.80057-68958.f6VZ3r885ED5I.x_15ef080-sd_117-xid_26-t_f6VZ3r885ED5I-cxk_100028-dm1_1000",
      "visitorCount": 96278,
      "population":54.2,
      "bgImg": "https://s5.mogucdn.com/mlcdn/c45406/180823_5gfelfal23gidfb1gh8kcb8h0lj36_1620x1080.jpg",
      "comments": [
        {
          "commentId": "15xy7oq_1541054980084",
          "type": 3,
          "content": "下单什么时候发货",
          "avatar": "https://s11.mogucdn.com/new1/v1/bdefaultavatar/02.jpg",
          "uid": "15xy7oq"
        },
        {
          "commentId": "13fp5zu_1541054980615",
          "type": 3,
          "content": "大家好我是渣渣辉",
          "avatar": "https://s11.mogucdn.com/new1/v1/bdefaultavatar/02.jpg",
          "uid": "13fp5zu"
        },
        {
          "commentId": "18ccw9s_1541054981239",
          "type": 4,
          "content": "大家好我是胡歌",
          "avatar": "https://s5.mogucdn.com/mlcdn/5abf39/170827_1a2l7h6449g8820kh0596b69c752k_640x640.jpg",
          "uid": "18ccw9s"
        }
      ],
      "shopCarts": {
        "goods": [
          {
            "itemId": "1m7tjlu",
            "cover": "https://s5.mogucdn.com/mlcdn/c45406/180829_51b40i8384cce5i098e35ka8l940l_640x960.jpg",
            "price": "¥22.9",
            "link": "mgj://mglive/enterLiveRoom?roomId=10807804&actorId=15ef080&itemId=1m7tjlu&acm=3.lb.1_4_1m7tjlu.0..0SLYKr885EDpu.x_15ef080-sd_130-xid_28-xm_1cvar4-cxk_100028-dm1_1000",
            "acm": "3.lb.1_4_1m7tjlu.0..0SLYKr885EDpu.x_15ef080-sd_130-xid_28-xm_1cvar4-cxk_100028-dm1_1000"
          },
          {
            "itemId": "1m97g9m",
            "cover": "https://s11.mogucdn.com/mlcdn/c45406/180929_686a50kjga12ki4db904i6315j4e7_640x960.jpg",
            "price": "¥599",
            "link": "mgj://mglive/enterLiveRoom?roomId=10807804&actorId=15ef080&itemId=1m97g9m&acm=3.ms.0_4_1m97g9m.0.84513-68958.3UkrBr885EDkf.x_15ef080-sd_117-xid_28-t_3UkrBr885EDkf-xm_1cvar4-cxk_100028-dm1_1000",
            "acm": "3.ms.0_4_1m97g9m.0.84513-68958.3UkrBr885EDkf.x_15ef080-sd_117-xid_28-t_3UkrBr885EDkf-xm_1cvar4-cxk_100028-dm1_1000"
          },
          {
            "itemId": "1ma735g",
            "cover": "https://s11.mogucdn.com/mlcdn/c45406/181021_0caih8e9b959d66f84d78fhjc1jg1_640x960.jpg",
            "price": "¥599",
            "link": "mgj://mglive/enterLiveRoom?roomId=10807804&actorId=15ef080&itemId=1ma735g&acm=3.ms.0_4_1ma735g.0.84513-68958.3UkrBr885EDkf.x_15ef080-sd_117-xid_28-t_3UkrBr885EDkf-xm_1cvar4-cxk_100028-dm1_1000",
            "acm": "3.ms.0_4_1ma735g.0.84513-68958.3UkrBr885EDkf.x_15ef080-sd_117-xid_28-t_3UkrBr885EDkf-xm_1cvar4-cxk_100028-dm1_1000"
          }
        ]
      }
    },
    {
      "intro": "发卷，全场买一送一",
      "actUserId": "168sbmq",
      "userName": "大脸猫977",
      "avatar": "http://s11.mogucdn.com/mlcdn/5abf39/180901_672g2lle94gfkb324h51cg18j40l0_400x400.jpg",
      "roomId": 10807861,
      "recommended": false,
      "acm": "3.ms.0_14_1cvaua.0.80057-68958.f6VZ3r885ED5I.x_168sbmq-sd_117-xid_26-t_f6VZ3r885ED5I-cxk_100028-dm1_1000",
      "living": true,
      "roomTag": "https://s10.mogucdn.com/mlcdn/c45406/181031_726aaf0cjfg9cdidjid6g2l669ajc_300x180.png",
      "link": "mgj://mglive/enterLiveRoom?actorId=168sbmq&roomId=10807861&acm=3.ms.0_14_1cvaua.0.80057-68958.f6VZ3r885ED5I.x_168sbmq-sd_117-xid_26-t_f6VZ3r885ED5I-cxk_100028-dm1_1000",
      "visitorCount": 116909,
      "population":42.2,
      "bgImg": "http://s3.mogucdn.com/mlcdn/c45406/180728_41k0l89c70ed4c57h4gl0e90kgihf_1242x708.jpg",
      "comments": [
        {
          "commentId": "18ngqng_1541054973349",
          "type": 1,
          "content": "1号多少钱",
          "avatar": "http://s11.mogucdn.com/mlcdn/5abf39/170911_2l0i6i046heecgc10a156hf3i5laa_640x640.jpg_160x160.jpg",
          "uid": "18ngqng"
        },
        {
          "commentId": "16fyxrm_1541054979294",
          "type": 1,
          "content": "粉红色皮肤黄会不会显黑",
          "avatar": "https://s3.mogucdn.com/p2/161221/upload_11l35jkia5c38da2lih6hbh948ba2_640x640.jpg",
          "uid": "16fyxrm"
        },
        {
          "commentId": "1a2aehs_1541054981532",
          "type": 1,
          "content": "衣服裙子",
          "avatar": "https://s5.mogucdn.com/mlcdn/5abf39/171214_73i0f1g2732c2faa7489dfbd2i99e_698x697.jpg",
          "uid": "1a2aehs"
        }
      ],
      "shopCarts": {
        "goods": [
          {
            "itemId": "1mapkpg",
            "cover": "https://s5.mogucdn.com/mlcdn/c45406/181031_4h9ja9hh8c4a297jk2a880j6hk921_3024x3024.jpg",
            "price": "¥699",
            "link": "mgj://mglive/enterLiveRoom?roomId=10807861&actorId=168sbmq&itemId=1mapkpg&acm=3.lb.1_4_1mapkpg.0..0SLYKr885EDpv.x_168sbmq-sd_130-xid_28-xm_1cvaua-cxk_100028-dm1_1000",
            "acm": "3.lb.1_4_1mapkpg.0..0SLYKr885EDpv.x_168sbmq-sd_130-xid_28-xm_1cvaua-cxk_100028-dm1_1000"
          },
          {
            "itemId": "1m9budc",
            "cover": "https://s11.mogucdn.com/mlcdn/c45406/181002_4d912f0lkk3b8350ia986536bib5a_640x960.jpg",
            "price": "¥55",
            "link": "mgj://mglive/enterLiveRoom?roomId=10807861&actorId=168sbmq&itemId=1m9budc&acm=3.ms.0_4_1m9budc.0.84513-68958.3UkrBr885EDkf.x_168sbmq-sd_117-xid_28-t_3UkrBr885EDkf-xm_1cvaua-cxk_100028-dm1_1000",
            "acm": "3.ms.0_4_1m9budc.0.84513-68958.3UkrBr885EDkf.x_168sbmq-sd_117-xid_28-t_3UkrBr885EDkf-xm_1cvaua-cxk_100028-dm1_1000"
          },
          {
            "itemId": "1maqs38",
            "cover": "https://s11.mogucdn.com/mlcdn/c45406/181101_154k08a271igi2bgkj72ij4e6gf1e_640x960.jpg",
            "price": "¥699",
            "link": "mgj://mglive/enterLiveRoom?roomId=10807861&actorId=168sbmq&itemId=1maqs38&acm=3.ms.0_4_1maqs38.0.84513-68958.3UkrBr885EDkf.x_168sbmq-sd_117-xid_28-t_3UkrBr885EDkf-xm_1cvaua-cxk_100028-dm1_1000",
            "acm": "3.ms.0_4_1maqs38.0.84513-68958.3UkrBr885EDkf.x_168sbmq-sd_117-xid_28-t_3UkrBr885EDkf-xm_1cvaua-cxk_100028-dm1_1000"
          }
        ]
      }
    },
    {
      "intro": "爆款🔥专柜疯抢",
      "actUserId": "155k578",
      "userName": "大笑Crius",
      "avatar": "http://s11.mogucdn.com/mlcdn/5abf39/180308_27fl4clh0c0l7h9dah33a2g2g25ii_400x400.jpg",
      "roomId": 10807944,
      "recommended": false,
      "acm": "3.ms.0_14_1cvayw.0.80057-68958.f6VZ3r885ED5I.x_155k578-sd_117-xid_26-t_f6VZ3r885ED5I-cxk_100028-dm1_1000",
      "living": true,
      "roomTag": "https://s10.mogucdn.com/mlcdn/c45406/181031_726aaf0cjfg9cdidjid6g2l669ajc_300x180.png",
      "link": "mgj://mglive/enterLiveRoom?actorId=155k578&roomId=10807944&acm=3.ms.0_14_1cvayw.0.80057-68958.f6VZ3r885ED5I.x_155k578-sd_117-xid_26-t_f6VZ3r885ED5I-cxk_100028-dm1_1000",
      "visitorCount": 84942,
      "population":23.2,
      "bgImg": "http://s11.mogucdn.com/mlcdn/c45406/180816_5l3ic72e1cc72j6bjkjkcg533i3fg_1242x828.jpg",
      "comments": [
        {
          "commentId": "12nj2pk_1541054962252",
          "type": 2,
          "content": "大家好我是张伟",
          "avatar": "http://s3.mogucdn.com/new1/v1/bdefaultavatar/04.jpg",
          "uid": "12nj2pk"
        },
        {
          "commentId": "18zmmxk_1541054965240",
          "content": "大家好我是张学友",
          "type": 3,
          "avatar": "https://s3.mogucdn.com/mlcdn/5abf39/170928_0el76kgkf33d29g860kekj6c453gb_640x640.jpg",
          "uid": "18zmmxk"
        },
        {
          "commentId": "12m9n7q_1541054976292",
          "type": 2,
          "content": "大家好我是林俊杰",
          "avatar": "http://s11.mogucdn.com/mlcdn/5abf39/180319_6g74be58j17d5934l7036ak5eg7ak_400x400.jpg",
          "uid": "12m9n7q"
        }
      ],
      "shopCarts": {
        "goods": [
          {
            "itemId": "1mamkws",
            "cover": "https://s3.mogucdn.com/mlcdn/c45406/181030_1c59hi719c7jkfg8106eb5f6fb2b7_640x706.jpg",
            "price": "¥699",
            "link": "mgj://mglive/enterLiveRoom?roomId=10807944&actorId=155k578&itemId=1mamkws&acm=3.lb.1_4_1mamkws.0..0SLYKr885EDpw.x_155k578-sd_130-xid_28-xm_1cvayw-cxk_100028-dm1_1000",
            "acm": "3.lb.1_4_1mamkws.0..0SLYKr885EDpw.x_155k578-sd_130-xid_28-xm_1cvayw-cxk_100028-dm1_1000"
          },
          {
            "itemId": "1mal76g",
            "cover": "https://s11.mogucdn.com/mlcdn/c45406/181029_25jg00ba5fakiaf8dg6g4071cjb87_640x960.jpg",
            "price": "¥66",
            "link": "mgj://mglive/enterLiveRoom?roomId=10807944&actorId=155k578&itemId=1mal76g&acm=3.ms.0_4_1mal76g.0.84513-68958.3UkrBr885EDkf.x_155k578-sd_117-xid_28-t_3UkrBr885EDkf-xm_1cvayw-cxk_100028-dm1_1000",
            "acm": "3.ms.0_4_1mal76g.0.84513-68958.3UkrBr885EDkf.x_155k578-sd_117-xid_28-t_3UkrBr885EDkf-xm_1cvayw-cxk_100028-dm1_1000"
          },
          {
            "itemId": "1mam0wo",
            "cover": "https://s11.mogucdn.com/mlcdn/c45406/181029_45jec8c3if4lkb3lfijak5jhka276_800x800.jpg",
            "price": "¥275",
            "link": "mgj://mglive/enterLiveRoom?roomId=10807944&actorId=155k578&itemId=1mam0wo&acm=3.ms.0_4_1mam0wo.0.84513-68958.3UkrBr885EDkf.x_155k578-sd_117-xid_28-t_3UkrBr885EDkf-xm_1cvayw-cxk_100028-dm1_1000",
            "acm": "3.ms.0_4_1mam0wo.0.84513-68958.3UkrBr885EDkf.x_155k578-sd_117-xid_28-t_3UkrBr885EDkf-xm_1cvayw-cxk_100028-dm1_1000"
          }
        ]
      }
    },
    {
      "intro": "双11羽绒服攻略",
      "actUserId": "12egl1q",
      "userName": "大玩子ZZ",
      "avatar": "http://s11.mogucdn.com/mlcdn/5abf39/180405_1b3c6f0h7dl54c0bjgg3ldj3131f7_400x400.jpg",
      "roomId": 10807964,
      "recommended": false,
      "acm": "3.ms.0_14_1cvb00.0.80057-68958.f6VZ3r885ED5I.x_12egl1q-sd_117-xid_26-t_f6VZ3r885ED5I-cxk_100028-dm1_1000",
      "living": true,
      "roomTag": "https://s10.mogucdn.com/mlcdn/c45406/181031_726aaf0cjfg9cdidjid6g2l669ajc_300x180.png",
      "link": "mgj://mglive/enterLiveRoom?actorId=12egl1q&roomId=10807964&acm=3.ms.0_14_1cvb00.0.80057-68958.f6VZ3r885ED5I.x_12egl1q-sd_117-xid_26-t_f6VZ3r885ED5I-cxk_100028-dm1_1000",
      "visitorCount": 71630,
      "population":52.3,
      "bgImg": "https://s11.mogucdn.com/mlcdn/c45406/180804_6b0gff1h07ji35agbe7ff4a4cdl3h_1400x802.jpg",
      "comments": [
        {
          "commentId": "19uo9c8_1541054968736",
          "type": 4,
          "content": "大家好我是周杰伦",
          "avatar": "https://s5.mogucdn.com/mlcdn/5abf39/171122_1f1kfg5bdb4j97blg799fc4jcll59_640x640.jpg",
          "uid": "19uo9c8"
        },
        {
          "commentId": "18at0m4_1541054973307",
          "type": 1,
          "content": "半夜12点么",
          "avatar": "https://s5.mogucdn.com/mlcdn/5abf39/170824_674549a4ah6ab384dg7k3g22cgbi2_640x640.jpg",
          "uid": "18at0m4"
        },
        {
          "commentId": "19uo9c8_1541054980635",
          "type": 4,
          "content": "耶耶耶",
          "avatar": "https://s5.mogucdn.com/mlcdn/5abf39/171122_1f1kfg5bdb4j97blg799fc4jcll59_640x640.jpg",
          "uid": "19uo9c8"
        }
      ],
      "shopCarts": {
        "goods": [
          {
            "itemId": "1mapw92",
            "cover": "https://s3.mogucdn.com/mlcdn/c45406/181031_739146ej59f9i789e7lec9fhjiblk_800x800.jpg",
            "price": "¥1599",
            "link": "mgj://mglive/enterLiveRoom?roomId=10807964&actorId=12egl1q&itemId=1mapw92&acm=3.lb.1_4_1mapw92.0..0SLYKr885EDpx.x_12egl1q-sd_130-xid_28-xm_1cvb00-cxk_100028-dm1_1000",
            "acm": "3.lb.1_4_1mapw92.0..0SLYKr885EDpx.x_12egl1q-sd_130-xid_28-xm_1cvb00-cxk_100028-dm1_1000"
          },
          {
            "itemId": "1kqgmx8",
            "cover": "https://s11.mogucdn.com/mlcdn/c45406/171118_237i26jle4cgc7f7ke7f7a7he317f_640x960.jpg",
            "price": "¥29",
            "link": "mgj://mglive/enterLiveRoom?roomId=10807964&actorId=12egl1q&itemId=1kqgmx8&acm=3.ms.0_4_1kqgmx8.0.84513-68958.3UkrBr885EDkf.x_12egl1q-sd_117-xid_28-t_3UkrBr885EDkf-xm_1cvb00-cxk_100028-dm1_1000",
            "acm": "3.ms.0_4_1kqgmx8.0.84513-68958.3UkrBr885EDkf.x_12egl1q-sd_117-xid_28-t_3UkrBr885EDkf-xm_1cvb00-cxk_100028-dm1_1000"
          },
          {
            "itemId": "1m45f70",
            "cover": "https://s11.mogucdn.com/mlcdn/c45406/180616_1hk9f4l5a1h609114c6a76h4j4i8h_800x800.jpg",
            "price": "¥50",
            "link": "mgj://mglive/enterLiveRoom?roomId=10807964&actorId=12egl1q&itemId=1m45f70&acm=3.ms.0_4_1m45f70.0.84513-68958.3UkrBr885EDkf.x_12egl1q-sd_117-xid_28-t_3UkrBr885EDkf-xm_1cvb00-cxk_100028-dm1_1000",
            "acm": "3.ms.0_4_1m45f70.0.84513-68958.3UkrBr885EDkf.x_12egl1q-sd_117-xid_28-t_3UkrBr885EDkf-xm_1cvb00-cxk_100028-dm1_1000"
          }
        ]
      }
    },
    {
      "intro": "🔥俪兰工厂砍价🔥",
      "actUserId": "14th3as",
      "userName": "暄暄暄",
      "avatar": "http://s11.mogucdn.com/mlcdn/5abf39/180329_4bf07df5389953e086dega8hhb9dl_400x400.jpg",
      "roomId": 10807899,
      "recommended": false,
      "acm": "3.ms.0_14_1cvawe.0.80057-68958.f6VZ3r885ED5I.x_14th3as-sd_117-xid_26-t_f6VZ3r885ED5I-cxk_100028-dm1_1000",
      "living": true,
      "roomTag": "https://s10.mogucdn.com/mlcdn/c45406/181031_726aaf0cjfg9cdidjid6g2l669ajc_300x180.png",
      "link": "mgj://mglive/enterLiveRoom?actorId=14th3as&roomId=10807899&acm=3.ms.0_14_1cvawe.0.80057-68958.f6VZ3r885ED5I.x_14th3as-sd_117-xid_26-t_f6VZ3r885ED5I-cxk_100028-dm1_1000",
      "visitorCount": 78988,
      "population":65,
      "bgImg": "http://s11.mogucdn.com/mlcdn/c45406/181025_04bd9b1dlc5e6a23ff85jhl0h76b7_750x427.jpg",
      "comments": [
        {
          "commentId": "15gy8ck_1541054978554",
          "type": 1,
          "content": "素颜霜是秒杀价吗",
          "avatar": "https://s11.mogucdn.com/mlcdn/5abf39/170730_1l3302kl8lj97cfd1f85c2b8d1ljc_800x800.jpg",
          "uid": "15gy8ck"
        },
        {
          "commentId": "195p8ds_1541054980066",
          "type": 2,
          "content": "哦哦哦哦哦",
          "avatar": "http://s11.mogucdn.com/mlcdn/5abf39/171008_43df8ccb4bfbe381ll9a922e4ji1f_640x640.jpg",
          "uid": "195p8ds"
        },
        {
          "commentId": "191z882_1541054980679",
          "type": 2,
          "content": "简单爱",
          "avatar": "http://s3.mogucdn.com/mlcdn/5abf39/171002_2lichkd6feh76e96aa66124hg0iid_640x640.jpg",
          "uid": "191z882"
        }
      ],
      "shopCarts": {
        "goods": [
          {
            "itemId": "1m79t7k",
            "cover": "https://s11.mogucdn.com/mlcdn/c45406/180822_4c67l0d72a5gaaa30j7i518a31hhc_800x1422.jpg",
            "price": "¥75",
            "link": "mgj://mglive/enterLiveRoom?roomId=10807899&actorId=14th3as&itemId=1m79t7k&acm=3.ms.0_4_1m79t7k.0.84513-68958.3UkrBr885EDkf.x_14th3as-sd_117-xid_28-t_3UkrBr885EDkf-xm_1cvawe-cxk_100028-dm1_1000",
            "acm": "3.ms.0_4_1m79t7k.0.84513-68958.3UkrBr885EDkf.x_14th3as-sd_117-xid_28-t_3UkrBr885EDkf-xm_1cvawe-cxk_100028-dm1_1000"
          },
          {
            "itemId": "1m8gj8o",
            "cover": "https://s11.mogucdn.com/mlcdn/c45406/181011_3bc898kk2bj0511kifb3e14ak2d9c_800x1422.jpg",
            "price": "¥158",
            "link": "mgj://mglive/enterLiveRoom?roomId=10807899&actorId=14th3as&itemId=1m8gj8o&acm=3.ms.0_4_1m8gj8o.0.84513-68958.3UkrBr885EDkf.x_14th3as-sd_117-xid_28-t_3UkrBr885EDkf-xm_1cvawe-cxk_100028-dm1_1000",
            "acm": "3.ms.0_4_1m8gj8o.0.84513-68958.3UkrBr885EDkf.x_14th3as-sd_117-xid_28-t_3UkrBr885EDkf-xm_1cvawe-cxk_100028-dm1_1000"
          },
          {
            "itemId": "1mapozi",
            "cover": "https://s11.mogucdn.com/mlcdn/c45406/181031_17eiii5ce58e7c1330d537ch8h9ag_800x1422.jpg",
            "price": "¥39.9",
            "link": "mgj://mglive/enterLiveRoom?roomId=10807899&actorId=14th3as&itemId=1mapozi&acm=3.ms.0_4_1mapozi.0.84513-68958.3UkrBr885EDkf.x_14th3as-sd_117-xid_28-t_3UkrBr885EDkf-xm_1cvawe-cxk_100028-dm1_1000",
            "acm": "3.ms.0_4_1mapozi.0.84513-68958.3UkrBr885EDkf.x_14th3as-sd_117-xid_28-t_3UkrBr885EDkf-xm_1cvawe-cxk_100028-dm1_1000"
          }
        ]
      }
    },
    {
      "intro": "🔥9.9半价新款！",
      "actUserId": "16a9u5m",
      "userName": "GUOJIANG果酱",
      "avatar": "http://s3.mogucdn.com/mlcdn/5abf39/170629_667d55a716hkch14e5g9jl3b3ke85_1080x1440.jpg",
      "roomId": 10807802,
      "recommended": false,
      "acm": "3.ms.0_14_1cvar0.0.80057-68958.f6VZ3r885ED5I.x_16a9u5m-sd_117-xid_26-t_f6VZ3r885ED5I-cxk_100028-dm1_1000",
      "living": true,
      "roomTag": "https://s10.mogucdn.com/mlcdn/c45406/181031_726aaf0cjfg9cdidjid6g2l669ajc_300x180.png",
      "link": "mgj://mglive/enterLiveRoom?actorId=16a9u5m&roomId=10807802&acm=3.ms.0_14_1cvar0.0.80057-68958.f6VZ3r885ED5I.x_16a9u5m-sd_117-xid_26-t_f6VZ3r885ED5I-cxk_100028-dm1_1000",
      "visitorCount": 101816,
      "population":26.2,
      "bgImg": "http://s11.mogucdn.com/mlcdn/c45406/180725_54cdjk6468j5fhc3b6elb9ej4038j_1242x1305.jpg",
      "comments": [
        {
          "commentId": "15u4rzu_1541054973281",
          "type": 1,
          "content": "下单什么时候发货",
          "avatar": "https://s11.mogucdn.com/p2/161027/upload_2ikli2fdhla3cgilgf81d163i54ii_2448x3264.jpg",
          "uid": "15u4rzu"
        },
        {
          "commentId": "14rkstg_1541054974829",
          "type": 1,
          "content": "30号能不能直接改下秒杀我直接拍",
          "avatar": "https://s5.mogucdn.com/mlcdn/5abf39/170807_8807432f79a545i0019k1427dh0e1_1080x1080.jpg",
          "uid": "14rkstg"
        },
        {
          "commentId": "1cazbus_1541054979594",
          "type": 1,
          "content": "30号",
          "avatar": "https://s5.mogucdn.com/mlcdn/5abf39/181010_2lhc0i0h4dla131f16416ijbjbb1g_132x132.jpg",
          "uid": "1cazbus"
        }
      ],
      "shopCarts": {
        "goods": [
          {
            "itemId": "1ma37ak",
            "cover": "https://s11.mogucdn.com/mlcdn/c45406/181031_84a9gc0d13kaei1eab3bliab59jag_750x1000.jpg",
            "price": "¥75",
            "link": "mgj://mglive/enterLiveRoom?roomId=10807802&actorId=16a9u5m&itemId=1ma37ak&acm=3.lb.1_4_1ma37ak.0..0SLYKr885EDpy.x_16a9u5m-sd_130-xid_28-xm_1cvar0-cxk_100028-dm1_1000",
            "acm": "3.lb.1_4_1ma37ak.0..0SLYKr885EDpy.x_16a9u5m-sd_130-xid_28-xm_1cvar0-cxk_100028-dm1_1000"
          },
          {
            "itemId": "1mahnc2",
            "cover": "https://s3.mogucdn.com/mlcdn/c45406/181026_4dcej46ce2hhaf2ak9l27faac67gg_800x917.jpg",
            "price": "¥99.99",
            "link": "mgj://mglive/enterLiveRoom?roomId=10807802&actorId=16a9u5m&itemId=1mahnc2&acm=3.ms.0_4_1mahnc2.0.84513-68958.3UkrBr885EDkf.x_16a9u5m-sd_117-xid_28-t_3UkrBr885EDkf-xm_1cvar0-cxk_100028-dm1_1000",
            "acm": "3.ms.0_4_1mahnc2.0.84513-68958.3UkrBr885EDkf.x_16a9u5m-sd_117-xid_28-t_3UkrBr885EDkf-xm_1cvar0-cxk_100028-dm1_1000"
          },
          {
            "itemId": "1m5yifo",
            "cover": "https://s5.mogucdn.com/mlcdn/c45406/180714_3g7gdd8df1g9ej5g6j6h60bk4l3l3_640x640.jpg",
            "price": "¥59",
            "link": "mgj://mglive/enterLiveRoom?roomId=10807802&actorId=16a9u5m&itemId=1m5yifo&acm=3.ms.0_4_1m5yifo.0.84513-68958.3UkrBr885EDkf.x_16a9u5m-sd_117-xid_28-t_3UkrBr885EDkf-xm_1cvar0-cxk_100028-dm1_1000",
            "acm": "3.ms.0_4_1m5yifo.0.84513-68958.3UkrBr885EDkf.x_16a9u5m-sd_117-xid_28-t_3UkrBr885EDkf-xm_1cvar0-cxk_100028-dm1_1000"
          }
        ]
      }
    },
    {
      "intro": "双十一美妆热身送送送",
      "actUserId": "176lz96",
      "userName": "August苏苏",
      "avatar": "http://s3.mogucdn.com/mlcdn/5abf39/180519_4fd5j0jc7kg64bf3alec8dlidgjh0_400x400.jpg",
      "roomId": 10808240,
      "recommended": false,
      "acm": "3.ms.0_14_1cvbfc.0.80057-68958.f6VZ3r885ED5I.x_176lz96-sd_117-xid_26-t_f6VZ3r885ED5I-cxk_100028-dm1_1000",
      "living": true,
      "roomTag": "https://s10.mogucdn.com/mlcdn/c45406/181031_726aaf0cjfg9cdidjid6g2l669ajc_300x180.png",
      "link": "mgj://mglive/enterLiveRoom?actorId=176lz96&roomId=10808240&acm=3.ms.0_14_1cvbfc.0.80057-68958.f6VZ3r885ED5I.x_176lz96-sd_117-xid_26-t_f6VZ3r885ED5I-cxk_100028-dm1_1000",
      "visitorCount": 31096,
      "population":46.3,
      "bgImg": "http://s17.mogucdn.com/mlcdn/c45406/180804_5fbkchec9b99f3f756jc8alhh46hd_1242x708.jpg",
      "comments": [
        {
          "commentId": "11vxm2y_1541054972493",
          "type": 3,
          "content": "是不是应该向前走",
          "avatar": "https://s5.mogucdn.com/b7/avatar/160225/xyt0p_ie4wczlbgjrgczdfgyzdambqgqyde_1012x1350.jpg",
          "uid": "11vxm2y"
        },
        {
          "commentId": "19i7azw_1541054972853",
          "type": 1,
          "content": "去黄雪花秀",
          "avatar": "https://s3.mogucdn.com/mlcdn/5abf39/180119_250l11ael392a0h1ki2c912376ief_400x400.jpg",
          "uid": "19i7azw"
        },
        {
          "commentId": "13gi0ci_1541054976454",
          "type": 4,
          "content": "稻香",
          "avatar": "https://s11.mogucdn.com/b7/avatar/150716/1q905h_ie2gkobrgjsdeyzwgizdambqgiyde_500x500.jpg",
          "uid": "13gi0ci"
        }
      ],
      "shopCarts": {
        "goods": [
          {
            "itemId": "1m4kbla",
            "cover": "https://s11.mogucdn.com/mlcdn/c45406/180623_6l4a6hj4fh0lg1la8dj17f3j6h6gf_1080x1080.jpg",
            "price": "¥59.9",
            "link": "mgj://mglive/enterLiveRoom?roomId=10808240&actorId=176lz96&itemId=1m4kbla&acm=3.lb.1_4_1m4kbla.0..0SLYKr885EDpz.x_176lz96-sd_130-xid_28-xm_1cvbfc-cxk_100028-dm1_1000",
            "acm": "3.lb.1_4_1m4kbla.0..0SLYKr885EDpz.x_176lz96-sd_130-xid_28-xm_1cvbfc-cxk_100028-dm1_1000"
          },
          {
            "itemId": "1loltdo",
            "cover": "https://s3.mogucdn.com/mlcdn/c45406/180725_5812c0bdfl65l4c3hk250h4j43d2b_1080x1080.jpg",
            "price": "¥249",
            "link": "mgj://mglive/enterLiveRoom?roomId=10808240&actorId=176lz96&itemId=1loltdo&acm=3.ms.0_4_1loltdo.0.84513-68958.3UkrBr885EDkf.x_176lz96-sd_117-xid_28-t_3UkrBr885EDkf-xm_1cvbfc-cxk_100028-dm1_1000",
            "acm": "3.ms.0_4_1loltdo.0.84513-68958.3UkrBr885EDkf.x_176lz96-sd_117-xid_28-t_3UkrBr885EDkf-xm_1cvbfc-cxk_100028-dm1_1000"
          },
          {
            "itemId": "1lol0lm",
            "cover": "https://s5.mogucdn.com/mlcdn/c45406/171227_1fk9af3f58g3chjch93ki360c3305_800x800.jpg",
            "price": "¥145",
            "link": "mgj://mglive/enterLiveRoom?roomId=10808240&actorId=176lz96&itemId=1lol0lm&acm=3.ms.0_4_1lol0lm.0.84513-68958.3UkrBr885EDkf.x_176lz96-sd_117-xid_28-t_3UkrBr885EDkf-xm_1cvbfc-cxk_100028-dm1_1000",
            "acm": "3.ms.0_4_1lol0lm.0.84513-68958.3UkrBr885EDkf.x_176lz96-sd_117-xid_28-t_3UkrBr885EDkf-xm_1cvbfc-cxk_100028-dm1_1000"
          }
        ]
      }
    },
    {
      "intro": "服装工厂倒闭清仓",
      "actUserId": "17s6a2m",
      "userName": "迷踪爷",
      "avatar": "http://s3.mogucdn.com/mlcdn/5abf39/180413_0ec066b82jf22dfb17055fbjjgdkg_1080x1440.jpg",
      "roomId": 10808239,
      "recommended": false,
      "acm": "3.ms.0_14_1cvbfa.0.80057-68958.f6VZ3r885ED5I.x_17s6a2m-sd_117-xid_26-t_f6VZ3r885ED5I-cxk_100028-dm1_1000",
      "living": true,
      "roomTag": "https://s10.mogucdn.com/mlcdn/c45406/181031_726aaf0cjfg9cdidjid6g2l669ajc_300x180.png",
      "link": "mgj://mglive/enterLiveRoom?actorId=17s6a2m&roomId=10808239&acm=3.ms.0_14_1cvbfa.0.80057-68958.f6VZ3r885ED5I.x_17s6a2m-sd_117-xid_26-t_f6VZ3r885ED5I-cxk_100028-dm1_1000",
      "visitorCount": 83655,
      "population":88,
      "bgImg": "https://s11.mogucdn.com/mlcdn/c45406/180809_5a9hk7c6dh1kbh566f5f2cciai8a0_3000x2000.jpg",
      "comments": [
        {
          "commentId": "17jkdv2_1541054975532",
          "type": 3,
          "content": "文妍文妍今天好beautiful",
          "avatar": "https://s11.mogucdn.com/mlcdn/5abf39/170719_7gdldeijhf4gibc2e32ccahbhhd4l_640x640.jpg",
          "uid": "17jkdv2"
        },
        {
          "commentId": "1cafsl4_1541054979458",
          "type": 3,
          "content": "文妍文妍今天多上袜子",
          "avatar": "http://s11.mogucdn.com/mlcdn/5abf39/181007_4e0814ck133077ecfi6g506chh6bg_132x132.jpg_160x160.jpg",
          "uid": "1cafsl4"
        },
        {
          "commentId": "1792lno_1541054981441",
          "type": 1,
          "content": "走位，走位手里剑，反手掏",
          "avatar": "https://s11.mogucdn.com/mlcdn/5abf39/170616_7d8f48e0l507b22ljd813e2be76f6_640x640.jpg",
          "uid": "1792lno"
        }
      ],
      "shopCarts": {
        "goods": [
          {
            "itemId": "1m8ly9y",
            "cover": "https://s3.mogucdn.com/mlcdn/c45406/180916_001h4k9akgih4lkld4bj1hl9cchd4_1080x1080.jpg",
            "price": "¥39",
            "link": "mgj://mglive/enterLiveRoom?roomId=10808239&actorId=17s6a2m&itemId=1m8ly9y&acm=3.lb.1_4_1m8ly9y.0..0SLYKr885EDpA.x_17s6a2m-sd_130-xid_28-xm_1cvbfa-cxk_100028-dm1_1000",
            "acm": "3.lb.1_4_1m8ly9y.0..0SLYKr885EDpA.x_17s6a2m-sd_130-xid_28-xm_1cvbfa-cxk_100028-dm1_1000"
          },
          {
            "itemId": "1m8lyho",
            "cover": "https://s11.mogucdn.com/mlcdn/c45406/181031_1g9falh1fb26b9hh9j56c4a2h29kc_800x800.jpg",
            "price": "¥39",
            "link": "mgj://mglive/enterLiveRoom?roomId=10808239&actorId=17s6a2m&itemId=1m8lyho&acm=3.ms.0_4_1m8lyho.0.84513-68958.3UkrBr885EDkf.x_17s6a2m-sd_117-xid_28-t_3UkrBr885EDkf-xm_1cvbfa-cxk_100028-dm1_1000",
            "acm": "3.ms.0_4_1m8lyho.0.84513-68958.3UkrBr885EDkf.x_17s6a2m-sd_117-xid_28-t_3UkrBr885EDkf-xm_1cvbfa-cxk_100028-dm1_1000"
          },
          {
            "itemId": "1m8lzq0",
            "cover": "https://s11.mogucdn.com/mlcdn/c45406/180916_64c8ch8j4g7107d42dbeh8i96jei1_800x800.jpg",
            "price": "¥39",
            "link": "mgj://mglive/enterLiveRoom?roomId=10808239&actorId=17s6a2m&itemId=1m8lzq0&acm=3.ms.0_4_1m8lzq0.0.84513-68958.3UkrBr885EDkf.x_17s6a2m-sd_117-xid_28-t_3UkrBr885EDkf-xm_1cvbfa-cxk_100028-dm1_1000",
            "acm": "3.ms.0_4_1m8lzq0.0.84513-68958.3UkrBr885EDkf.x_17s6a2m-sd_117-xid_28-t_3UkrBr885EDkf-xm_1cvbfa-cxk_100028-dm1_1000"
          }
        ]
      }
    },
    {
      "intro": "亏本清仓100块买嗨",
      "actUserId": "12epp0c",
      "userName": "Zing蛮大大",
      "avatar": "http://s11.mogucdn.com/mlcdn/5abf39/181008_6e45k2f8e30edc7hc8797ah2251g9_400x400.jpg",
      "roomId": 10806040,
      "recommended": false,
      "acm": "3.ms.0_14_1cv814.0.80057-68958.f6VZ3r885ED5I.x_12epp0c-sd_117-xid_26-t_f6VZ3r885ED5I-cxk_100028-dm1_1000",
      "living": true,
      "roomTag": "https://s10.mogucdn.com/mlcdn/c45406/181031_726aaf0cjfg9cdidjid6g2l669ajc_300x180.png",
      "link": "mgj://mglive/enterLiveRoom?actorId=12epp0c&roomId=10806040&acm=3.ms.0_14_1cv814.0.80057-68958.f6VZ3r885ED5I.x_12epp0c-sd_117-xid_26-t_f6VZ3r885ED5I-cxk_100028-dm1_1000",
      "visitorCount": 82992,
      "population":12.2,
      "bgImg": "https://s11.mogucdn.com/mlcdn/c45406/180824_2hbgf2h04789230f651h490700ek4_2302x1536.jpg",
      "comments": [
        {
          "commentId": "1bx9kja_1541054976484",
          "type": 1,
          "content": "可以看看吗",
          "avatar": "https://s11.mogucdn.com/mlcdn/5abf39/180920_6le2lbi6638b3g140j1dj3a57e69c_132x88.jpg",
          "uid": "1bx9kja"
        },
        {
          "commentId": "1cee1z2_1541054977018",
          "type": 3,
          "content": "咔咔咔咔咔咔",
          "avatar": "https://s11.mogucdn.com/mlcdn/5abf39/181031_5cfi2j38ia0c5h1j63bdaa0ba9kb5_132x132.jpg",
          "uid": "1cee1z2"
        },
        {
          "commentId": "1cccrys_1541054981396",
          "type": 2,
          "content": "我马云就是要赚大人的钱,还赚的你欲罢不能,就问你服不服",
          "avatar": "http://s11.mogucdn.com/mlcdn/5abf39/181018_2fi592d7fh228i6g3df0jdlhcb99e_132x132.jpg",
          "uid": "1cccrys"
        }
      ],
      "shopCarts": {
        "goods": [
          {
            "itemId": "1mabyfi",
            "cover": "https://s11.mogucdn.com/mlcdn/c45406/181024_5kkjff5e6ij5igj5c2hchc7cl4k77_750x750.jpg",
            "price": "¥79.99",
            "link": "mgj://mglive/enterLiveRoom?roomId=10806040&actorId=12epp0c&itemId=1mabyfi&acm=3.lb.1_4_1mabyfi.0..0SLYKr885EDpB.x_12epp0c-sd_130-xid_28-xm_1cv814-cxk_100028-dm1_1000",
            "acm": "3.lb.1_4_1mabyfi.0..0SLYKr885EDpB.x_12epp0c-sd_130-xid_28-xm_1cv814-cxk_100028-dm1_1000"
          },
          {
            "itemId": "1m7z5ou",
            "cover": "https://s11.mogucdn.com/mlcdn/c45406/180901_1j2d5de7ab04257ac8697h36925e2_800x800.jpg",
            "price": "¥49",
            "link": "mgj://mglive/enterLiveRoom?roomId=10806040&actorId=12epp0c&itemId=1m7z5ou&acm=3.ms.0_4_1m7z5ou.0.84513-68958.3UkrBr885EDkf.x_12epp0c-sd_117-xid_28-t_3UkrBr885EDkf-xm_1cv814-cxk_100028-dm1_1000",
            "acm": "3.ms.0_4_1m7z5ou.0.84513-68958.3UkrBr885EDkf.x_12epp0c-sd_117-xid_28-t_3UkrBr885EDkf-xm_1cv814-cxk_100028-dm1_1000"
          },
          {
            "itemId": "1manpjy",
            "cover": "https://s5.mogucdn.com/mlcdn/c45406/181030_754hhhe6ga7l80g14ff3jc700c168_640x960.jpg",
            "price": "¥89",
            "link": "mgj://mglive/enterLiveRoom?roomId=10806040&actorId=12epp0c&itemId=1manpjy&acm=3.ms.0_4_1manpjy.0.84513-68958.3UkrBr885EDkf.x_12epp0c-sd_117-xid_28-t_3UkrBr885EDkf-xm_1cv814-cxk_100028-dm1_1000",
            "acm": "3.ms.0_4_1manpjy.0.84513-68958.3UkrBr885EDkf.x_12epp0c-sd_117-xid_28-t_3UkrBr885EDkf-xm_1cv814-cxk_100028-dm1_1000"
          }
        ]
      }
    },
    {
      "intro": "妈妈们速度抢欢迎孕妇",
      "actUserId": "139jetm",
      "userName": "楠希NX",
      "avatar": "http://s3.mogucdn.com/mlcdn/5abf39/180806_8f6ll565k043l4g99jf12l51ghd1d_400x400.jpg",
      "roomId": 10807948,
      "recommended": false,
      "acm": "3.ms.0_14_1cvaz4.0.80057-68958.f6VZ3r885ED5I.x_139jetm-sd_117-xid_26-t_f6VZ3r885ED5I-cxk_100028-dm1_1000",
      "living": true,
      "roomTag": "https://s10.mogucdn.com/mlcdn/c45406/181031_726aaf0cjfg9cdidjid6g2l669ajc_300x180.png",
      "link": "mgj://mglive/enterLiveRoom?actorId=139jetm&roomId=10807948&acm=3.ms.0_14_1cvaz4.0.80057-68958.f6VZ3r885ED5I.x_139jetm-sd_117-xid_26-t_f6VZ3r885ED5I-cxk_100028-dm1_1000",
      "visitorCount": 65897,
      "population":36,
      "bgImg": "https://s5.mogucdn.com/mlcdn/c45406/180824_52kd9ef05bbcgd0kk4cf4ik99lifg_3000x2000.jpg",
      "comments": [
        {
          "commentId": "177zm2_1541054978958",
          "type": 3,
          "content": "我和大魔王55开",
          "avatar": "http://s11.mogucdn.com/b7/avatar/120221/3lzs9_kqyvq5kxkrbdoqkugfjeg5sckzsew_670x561.jpg_160x160.jpg",
          "uid": "177zm2"
        },
        {
          "commentId": "184jj9o_1541054980288",
          "type": 4,
          "content": "相信自己可以的",
          "avatar": "http://s3.mogucdn.com/mlcdn/5abf39/170815_84f1j4c4kc9a21llfijgdl057h019_640x640.jpg_160x160.jpg",
          "uid": "184jj9o"
        },
        {
          "commentId": "198xa4y_1541054981646",
          "type": 2,
          "content": "走位，走位手里剑，反手掏",
          "avatar": "http://s11.mogucdn.com/mlcdn/5abf39/171013_6bhi2djejh2d3e4kak95d944kb45h_640x640.jpg",
          "uid": "198xa4y"
        }
      ],
      "shopCarts": {
        "goods": [
          {
            "itemId": "1mapy46",
            "cover": "https://s3.mogucdn.com/mlcdn/c45406/181031_7i4hihaggi19k4cef8lh1d152gc19_800x800.jpg",
            "price": "¥39",
            "link": "mgj://mglive/enterLiveRoom?roomId=10807948&actorId=139jetm&itemId=1mapy46&acm=3.lb.1_4_1mapy46.0..0SLYKr885EDpC.x_139jetm-sd_130-xid_28-xm_1cvaz4-cxk_100028-dm1_1000",
            "acm": "3.lb.1_4_1mapy46.0..0SLYKr885EDpC.x_139jetm-sd_130-xid_28-xm_1cvaz4-cxk_100028-dm1_1000"
          },
          {
            "itemId": "1maq0q0",
            "cover": "https://s11.mogucdn.com/mlcdn/c45406/181031_610jcbcjgb697aj61ihgg571ki677_3024x4032.jpg",
            "price": "¥88",
            "link": "mgj://mglive/enterLiveRoom?roomId=10807948&actorId=139jetm&itemId=1maq0q0&acm=3.ms.0_4_1maq0q0.0.84513-68958.3UkrBr885EDkf.x_139jetm-sd_117-xid_28-t_3UkrBr885EDkf-xm_1cvaz4-cxk_100028-dm1_1000",
            "acm": "3.ms.0_4_1maq0q0.0.84513-68958.3UkrBr885EDkf.x_139jetm-sd_117-xid_28-t_3UkrBr885EDkf-xm_1cvaz4-cxk_100028-dm1_1000"
          },
          {
            "itemId": "1maepvm",
            "cover": "https://s5.mogucdn.com/mlcdn/c45406/181025_30709i30gjlk8aibb4a8jffl8e85k_640x960.jpg",
            "price": "¥129",
            "link": "mgj://mglive/enterLiveRoom?roomId=10807948&actorId=139jetm&itemId=1maepvm&acm=3.ms.0_4_1maepvm.0.84513-68958.3UkrBr885EDkf.x_139jetm-sd_117-xid_28-t_3UkrBr885EDkf-xm_1cvaz4-cxk_100028-dm1_1000",
            "acm": "3.ms.0_4_1maepvm.0.84513-68958.3UkrBr885EDkf.x_139jetm-sd_117-xid_28-t_3UkrBr885EDkf-xm_1cvaz4-cxk_100028-dm1_1000"
          }
        ]
      }
    }
  ],
  "freshActorLives": [
    {
      "intro": "妈妈们速度抢欢迎孕妇",
      "actUserId": "139jetm",
      "userName": "楠希NX",
      "avatar": "http://s3.mogucdn.com/mlcdn/5abf39/180806_8f6ll565k043l4g99jf12l51ghd1d_400x400.jpg",
      "roomId": 10807948,
      "recommended": false,
      "acm": "3.ms.0_14_1cvaz4.0.80653-68958.qKuekr885EDpG.x_139jetm-sd_117-xid_54-t_qKuekr885EDpG-cxk_100028-dm1_1000",
      "living": true,
      "roomTag": "https://s10.mogucdn.com/mlcdn/c45406/181031_726aaf0cjfg9cdidjid6g2l669ajc_300x180.png",
      "link": "mgj://mglive/enterLiveRoom?actorId=139jetm&roomId=10807948&acm=3.ms.0_14_1cvaz4.0.80653-68958.qKuekr885EDpG.x_139jetm-sd_117-xid_54-t_qKuekr885EDpG-cxk_100028-dm1_1000",
      "visitorCount": 65897,
      "population":55.9,
      "bgImg": "https://s5.mogucdn.com/mlcdn/c45406/180824_52kd9ef05bbcgd0kk4cf4ik99lifg_3000x2000.jpg",
      "comments": [
        {
          "commentId": "177zm2_1541054978958",
          "type": 3,
          "avatar": "http://s11.mogucdn.com/b7/avatar/120221/3lzs9_kqyvq5kxkrbdoqkugfjeg5sckzsew_670x561.jpg_160x160.jpg",
          "uid": "177zm2"
        },
        {
          "commentId": "184jj9o_1541054980288",
          "type": 4,
          "avatar": "http://s3.mogucdn.com/mlcdn/5abf39/170815_84f1j4c4kc9a21llfijgdl057h019_640x640.jpg_160x160.jpg",
          "uid": "184jj9o"
        },
        {
          "commentId": "198xa4y_1541054981646",
          "type": 2,
          "avatar": "http://s11.mogucdn.com/mlcdn/5abf39/171013_6bhi2djejh2d3e4kak95d944kb45h_640x640.jpg",
          "uid": "198xa4y"
        }
      ],
      "shopCarts": {}
    },
    {
      "intro": "太平鸟羊毛大衣49",
      "actUserId": "15hy414",
      "userName": "小飞燕20180327",
      "avatar": "http://s11.mogucdn.com/mlcdn/5abf39/180327_75e7d6hedea80jihi27fd6fklgea0_400x400.jpg",
      "roomId": 10808319,
      "recommended": false,
      "acm": "3.ms.0_14_1cvbjq.0.80653-68958.qKuekr885EDpG.x_15hy414-sd_117-xid_54-t_qKuekr885EDpG-cxk_100028-dm1_1000",
      "living": true,
      "roomTag": "https://s10.mogucdn.com/mlcdn/c45406/181031_726aaf0cjfg9cdidjid6g2l669ajc_300x180.png",
      "link": "mgj://mglive/enterLiveRoom?actorId=15hy414&roomId=10808319&acm=3.ms.0_14_1cvbjq.0.80653-68958.qKuekr885EDpG.x_15hy414-sd_117-xid_54-t_qKuekr885EDpG-cxk_100028-dm1_1000",
      "visitorCount": 44876,
      "population":32.3,
      "bgImg": "http://s3.mogucdn.com/mlcdn/c45406/180805_30a91g1gj7hjhbc2e0k1chc8l2l21_750x426.jpg",
      "comments": [
        {
          "commentId": "17eer1i_1541054976709",
          "type": 1,
          "content": "彩色毛衣",
          "avatar": "https://s11.mogucdn.com/mlcdn/5abf39/170710_128llake5986ic4b457bh28c1a2lh_640x640.jpg",
          "uid": "17eer1i"
        },
        {
          "commentId": "18pucyi_1541054978080",
          "type": 1,
          "content": "来一点120斤穿的",
          "avatar": "https://s3.mogucdn.com/mlcdn/5abf39/181029_6564ghel6ll4hafg6l8lbb6khg192_384x385.jpg",
          "uid": "18pucyi"
        },
        {
          "commentId": "1bx3z3k_1541054980284",
          "type": 3,
          "content": "我和大魔王55开",
          "avatar": "https://s11.mogucdn.com/mlcdn/5abf39/180919_111e8lfelj3ig63jl3d4k1il6dfje_132x132.jpg",
          "uid": "1bx3z3k"
        }
      ],
      "shopCarts": {}
    },
    {
      "intro": "9.9抢拍 福利不断",
      "actUserId": "1aq6c7g",
      "userName": "小六月six",
      "avatar": "http://s11.mogucdn.com/mlcdn/5abf39/180415_53997h599j5lkk9a1484cf6k3g0ij_400x400.jpg",
      "roomId": 10808180,
      "recommended": false,
      "acm": "3.ms.0_14_1cvbc0.0.80653-68958.qKuekr885EDpG.x_1aq6c7g-sd_117-xid_54-t_qKuekr885EDpG-cxk_100028-dm1_1000",
      "living": true,
      "roomTag": "https://s10.mogucdn.com/mlcdn/c45406/181031_726aaf0cjfg9cdidjid6g2l669ajc_300x180.png",
      "link": "mgj://mglive/enterLiveRoom?actorId=1aq6c7g&roomId=10808180&acm=3.ms.0_14_1cvbc0.0.80653-68958.qKuekr885EDpG.x_1aq6c7g-sd_117-xid_54-t_qKuekr885EDpG-cxk_100028-dm1_1000",
      "visitorCount": 39910,
      "population":26.2,
      "bgImg": "http://s11.mogucdn.com/mlcdn/c45406/180806_63ga3j7f6fje5056d21e43iiejg1f_702x400.jpg",
      "comments": [
        {
          "commentId": "1batphe_1541054974374",
          "type": 3,
          "content": "请叫我爸爸",
          "avatar": "http://s11.mogucdn.com/mlcdn/5abf39/180814_56e6a39g92bik9c4cac1dk9l69hh0_247x247.jpg_160x160.jpg",
          "uid": "1batphe"
        },
        {
          "commentId": "1btnfty_1541054975105",
          "type": 1,
          "content": "1",
          "content": "在给我两分钟",
          "avatar": "https://s5.mogucdn.com/mlcdn/5abf39/181026_5fgj800l35bc07gkle24kd7a6j1e2_400x400.jpg",
          "uid": "1btnfty"
        },
        {
          "commentId": "1batphe_1541054980151",
          "type": 3,
          "content": "笑笑不说话",
          "avatar": "http://s11.mogucdn.com/mlcdn/5abf39/180814_56e6a39g92bik9c4cac1dk9l69hh0_247x247.jpg_160x160.jpg",
          "uid": "1batphe"
        }
      ],
      "shopCarts": {}
    },
    {
      "intro": "双十一美妆热身送送送",
      "actUserId": "176lz96",
      "userName": "August苏苏",
      "avatar": "http://s3.mogucdn.com/mlcdn/5abf39/180519_4fd5j0jc7kg64bf3alec8dlidgjh0_400x400.jpg",
      "roomId": 10808240,
      "recommended": false,
      "acm": "3.ms.0_14_1cvbfc.0.80653-68958.qKuekr885EDpG.x_176lz96-sd_117-xid_54-t_qKuekr885EDpG-cxk_100028-dm1_1000",
      "living": true,
      "roomTag": "https://s10.mogucdn.com/mlcdn/c45406/181031_726aaf0cjfg9cdidjid6g2l669ajc_300x180.png",
      "link": "mgj://mglive/enterLiveRoom?actorId=176lz96&roomId=10808240&acm=3.ms.0_14_1cvbfc.0.80653-68958.qKuekr885EDpG.x_176lz96-sd_117-xid_54-t_qKuekr885EDpG-cxk_100028-dm1_1000",
      "visitorCount": 31096,
      "population":23.4,
      "bgImg": "http://s17.mogucdn.com/mlcdn/c45406/180804_5fbkchec9b99f3f756jc8alhh46hd_1242x708.jpg",
      "comments": [
        {
          "commentId": "11vxm2y_1541054972493",
          "type": 3,
          "content": "我娄本伟和你55开",
          "avatar": "https://s5.mogucdn.com/b7/avatar/160225/xyt0p_ie4wczlbgjrgczdfgyzdambqgqyde_1012x1350.jpg",
          "uid": "11vxm2y"
        },
        {
          "commentId": "19i7azw_1541054972853",
          "type": 1,
          "content": "去黄雪花秀",
          "avatar": "https://s3.mogucdn.com/mlcdn/5abf39/180119_250l11ael392a0h1ki2c912376ief_400x400.jpg",
          "uid": "19i7azw"
        },
        {
          "commentId": "13gi0ci_1541054976454",
          "type": 4,
          "content": "我韦神反手一个大就问你怕不怕",
          "avatar": "https://s11.mogucdn.com/b7/avatar/150716/1q905h_ie2gkobrgjsdeyzwgizdambqgiyde_500x500.jpg",
          "uid": "13gi0ci"
        }
      ],
      "shopCarts": {}
    },
    {
      "intro": "40元无门槛神卷！",
      "actUserId": "1a3ywsg",
      "userName": "岩岩小哥哥",
      "avatar": "http://s3.mogucdn.com/mlcdn/5abf39/180614_4fejl381e9i14fi0hia6bbhe4f852_400x400.jpg",
      "roomId": 10808350,
      "recommended": false,
      "acm": "3.ms.0_14_1cvblg.0.80653-68958.qKuekr885EDpG.x_1a3ywsg-sd_117-xid_54-t_qKuekr885EDpG-cxk_100028-dm1_1000",
      "living": true,
      "roomTag": "https://s10.mogucdn.com/mlcdn/c45406/181031_726aaf0cjfg9cdidjid6g2l669ajc_300x180.png",
      "link": "mgj://mglive/enterLiveRoom?actorId=1a3ywsg&roomId=10808350&acm=3.ms.0_14_1cvblg.0.80653-68958.qKuekr885EDpG.x_1a3ywsg-sd_117-xid_54-t_qKuekr885EDpG-cxk_100028-dm1_1000",
      "visitorCount": 13312,
      "bgImg": "http://s11.mogucdn.com/mlcdn/c45406/180924_2367h60g9hgk2e7fffje6j6d4ldl1_750x427.jpg",
      "comments": [
        {
          "commentId": "142xlt2_1541054964868",
          "type": 3,
          "content": "我张学友开演唱会不是为了钱而是帮助警察抓犯人的",
          "avatar": "http://s3.mogucdn.com/mlcdn/5abf39/181017_7hj4be9hechf12d2jjgaa3749gel8_400x400.jpg_160x160.jpg",
          "uid": "142xlt2"
        },
        {
          "commentId": "1caogh6_1541054965939",
          "type": 3,
          "content": "我PDD抽烟都是反着抽的就问你怕不怕",
          "avatar": "https://s11.mogucdn.com/mlcdn/5abf39/181009_874e533gdbf1lfljj3i3kd8hi463j_100x100.png",
          "uid": "1caogh6"
        },
        {
          "commentId": "16yf8w4_1541054980128",
          "type": 1,
          "content": "零食零食零食",
          "avatar": "https://s11.mogucdn.com/new1/v1/bdefaultavatar/02.jpg",
          "uid": "16yf8w4"
        }
      ],
      "shopCarts": {}
    },
    {
      "intro": "1元疯秒 秋冬温暖",
      "actUserId": "12e59eq",
      "userName": "深瞳ss",
      "avatar": "http://s3.mogucdn.com/mlcdn/5abf39/180808_1ij357lh9l2k385e7j5lk6e0kh4l2_400x400.jpg",
      "roomId": 10808283,
      "recommended": false,
      "acm": "3.ms.0_14_1cvbhq.0.80653-68958.qKuekr885EDpG.x_12e59eq-sd_117-xid_54-t_qKuekr885EDpG-cxk_100028-dm1_1000",
      "living": true,
      "roomTag": "https://s10.mogucdn.com/mlcdn/c45406/181031_726aaf0cjfg9cdidjid6g2l669ajc_300x180.png",
      "link": "mgj://mglive/enterLiveRoom?actorId=12e59eq&roomId=10808283&acm=3.ms.0_14_1cvbhq.0.80653-68958.qKuekr885EDpG.x_12e59eq-sd_117-xid_54-t_qKuekr885EDpG-cxk_100028-dm1_1000",
      "visitorCount": 30394,
      "population":45.2,
      "bgImg": "http://s3.mogucdn.com/mlcdn/c45406/180907_079gj063f097e4bhbk3f36kd3h9j1_1125x633.jpg",
      "comments": [
        {
          "commentId": "13ay6em_1541054979733",
          "type": 3,
          "content": "笑笑开的是玩具车就是我PDD说的",
          "avatar": "https://s11.mogucdn.com/mlcdn/5abf39/181012_56hd26db57c2e9f6a1l493glc58ac_400x400.jpg",
          "uid": "13ay6em"
        },
        {
          "commentId": "17dcgfq_1541054979962",
          "type": 1,
          "content": "1234号",
          "avatar": "https://s11.mogucdn.com/mlcdn/5abf39/170708_7h7c2925l0j301a79f6e5j6dcf5j9_640x640.jpg",
          "uid": "17dcgfq"
        },
        {
          "commentId": "16hgvc6_1541054980029",
          "type": 4,
          "content": "我马化腾就是要赚小孩的钱，就问你服不服",
          "avatar": "http://s11.mogucdn.com/mlcdn/5abf39/180803_3jjg6a1ej43h15235e2h6ahi7kagd_352x352.jpg_160x160.jpg",
          "uid": "16hgvc6"
        }
      ],
      "shopCarts": {}
    },
    {
      "intro": "小个子女生穿搭",
      "actUserId": "16zy60i",
      "userName": "梨子chie",
      "avatar": "http://s3.mogucdn.com/mlcdn/5abf39/180728_6k80e6lhffdadeibeef4kk34f3dcf_400x400.jpg",
      "roomId": 10808354,
      "recommended": false,
      "acm": "3.ms.0_14_1cvblo.0.80653-68958.qKuekr885EDpG.x_16zy60i-sd_117-xid_54-t_qKuekr885EDpG-cxk_100028-dm1_1000",
      "living": true,
      "roomTag": "https://s10.mogucdn.com/mlcdn/c45406/181031_726aaf0cjfg9cdidjid6g2l669ajc_300x180.png",
      "link": "mgj://mglive/enterLiveRoom?actorId=16zy60i&roomId=10808354&acm=3.ms.0_14_1cvblo.0.80653-68958.qKuekr885EDpG.x_16zy60i-sd_117-xid_54-t_qKuekr885EDpG-cxk_100028-dm1_1000",
      "visitorCount": 12532,
      "population":22.3,
      "bgImg": "http://s3.mogucdn.com/mlcdn/c45406/180816_4hk62jea1i0b1k5063je2k4ahl9cd_750x427.jpg",
      "comments": [
        {
          "commentId": "17g24u4_1541054849409",
          "type": 3,
          "avatar": "https://s11.mogucdn.com/mlcdn/5abf39/170713_4e0kibkcb0ji6jbe92kakfgg1j3g2_2160x1920.jpg",
          "uid": "17g24u4"
        },
        {
          "commentId": "14fgk7o_1541054923120",
          "type": 3,
          "content": "我马云就是要赚大人的钱,还赚的你欲罢不能,就问你服不服",
          "avatar": "https://s11.mogucdn.com/p1/160221/1_ie3wimrthftdqytegyzdambqgayde_748x750.jpg",
          "uid": "14fgk7o"
        },
        {
          "commentId": "17g24u4_1541054935399",
          "type": 3,
          "content": "我王思聪就是要打一把职业",
          "avatar": "https://s11.mogucdn.com/mlcdn/5abf39/170713_4e0kibkcb0ji6jbe92kakfgg1j3g2_2160x1920.jpg",
          "uid": "17g24u4"
        }
      ],
      "shopCarts": {}
    },
    {
      "intro": "无门槛券限时快抢！",
      "actUserId": "1acb25e",
      "userName": "梦梦10010110",
      "avatar": "http://s3.mogucdn.com/mlcdn/5abf39/180622_468klali17i3b1lbgkd596c930hbl_400x400.jpg",
      "roomId": 10808358,
      "recommended": false,
      "acm": "3.ms.0_14_1cvblw.0.80653-68958.qKuekr885EDpG.x_1acb25e-sd_117-xid_54-t_qKuekr885EDpG-cxk_100028-dm1_1000",
      "living": true,
      "roomTag": "https://s10.mogucdn.com/mlcdn/c45406/181031_726aaf0cjfg9cdidjid6g2l669ajc_300x180.png",
      "link": "mgj://mglive/enterLiveRoom?actorId=1acb25e&roomId=10808358&acm=3.ms.0_14_1cvblw.0.80653-68958.qKuekr885EDpG.x_1acb25e-sd_117-xid_54-t_qKuekr885EDpG-cxk_100028-dm1_1000",
      "visitorCount": 8970,
      "population":50.3,
      "bgImg": "http://s11.mogucdn.com/mlcdn/c45406/180825_18hfble2j5ff6e7hk8li5e57gg4b1_1242x708.jpg",
      "comments": [
        {
          "commentId": "1b0hy0g_1541054972373",
          "type": 1,
          "content": "34号是秒杀吗",
          "avatar": "https://s11.mogucdn.com/mlcdn/5abf39/180419_8g2h6aff84gkf0gb809000a5d8b94_132x132.jpg",
          "uid": "1b0hy0g"
        },
        {
          "commentId": "1i7k5y_1541054975512",
          "type": 1,
          "content": "你穿什么码",
          "avatar": "https://s11.mogucdn.com/mlcdn/5abf39/180911_51cb81g0f27idkbak99le58j95eg3_400x400.jpg",
          "uid": "1i7k5y"
        },
        {
          "commentId": "18kmnvu_1541054975981",
          "type": 1,
          "content": "秒一下25号谢谢",
          "avatar": "http://s11.mogucdn.com/mlcdn/5abf39/170907_01j498beajk7ifbeb69ik2i5adglb_640x640.jpg_160x160.jpg",
          "uid": "18kmnvu"
        }
      ],
      "shopCarts": {}
    },
    {
      "intro": "毛衣水貂绒工厂主播",
      "actUserId": "14rkf42",
      "userName": "甜心格格Anan",
      "avatar": "http://s11.mogucdn.com/mlcdn/5abf39/180724_37kkd347lafc9a7ch0ckbc91je4ae_400x400.jpg",
      "roomId": 10807904,
      "recommended": false,
      "acm": "3.ms.0_14_1cvawo.0.80653-68958.qKuekr885EDpG.x_14rkf42-sd_117-xid_54-t_qKuekr885EDpG-cxk_100028-dm1_1000",
      "living": true,
      "roomTag": "https://s10.mogucdn.com/mlcdn/c45406/181031_726aaf0cjfg9cdidjid6g2l669ajc_300x180.png",
      "link": "mgj://mglive/enterLiveRoom?actorId=14rkf42&roomId=10807904&acm=3.ms.0_14_1cvawo.0.80653-68958.qKuekr885EDpG.x_14rkf42-sd_117-xid_54-t_qKuekr885EDpG-cxk_100028-dm1_1000",
      "visitorCount": 16471,
      "population":19.2,
      "bgImg": "https://s3.mogucdn.com/mlcdn/c45406/180802_4bf635ecbkf7121e6ff01i3g8iif5_1404x800.jpg",
      "comments": [
        {
          "commentId": "16duxcc_1541054977033",
          "type": 1,
          "content": "真厉害",
          "avatar": "https://s5.mogucdn.com/mlcdn/5abf39/180930_6kfe03hc2c91kd943lfg4e63ajia0_400x400.jpg",
          "uid": "16duxcc"
        },
        {
          "commentId": "16xmafu_1541054977865",
          "type": 4,
          "content": "我是望远烬,我怕那个",
          "avatar": "https://s3.mogucdn.com/mlcdn/5abf39/181004_6dc2aeb29e9fh6h6ae67e6kb48e56_400x400.jpg",
          "uid": "16xmafu"
        },
        {
          "commentId": "16wzpa6_1541054980241",
          "type": 1,
          "content": "你怎么这么厉害，6件吖",
          "avatar": "https://s5.mogucdn.com/mlcdn/5abf39/181001_66hbef9k33l9f815g1gbggh9c17i9_400x400.jpg",
          "uid": "16wzpa6"
        }
      ],
      "shopCarts": {}
    }
  ],
  "specialSales": [],
  "categories": []
}