{
  "info": {
    "downUpdateCount": 10
  },
  "list": [
    {
      "career": "",
      "showName": "Reikkkk",
      "avatarLink": "//h5.mogujie.com/brand-content/personal-homepage.html?uid=1bnsjw4&acm=3.mce.1_9_1bnsjw4.126262.84667.imcPSr7Vrc1jD.mid_126262-sd_115-gi_imcPSr7Vrc2TP-ctl_1z1xjcg_1z1xjgm_1z1xjc8-lc_201",
      "weight": 46,
      "acm": "3.mce.1_9_1bnsjw4.126262.84667.imcPSr7Vrc1jD.mid_126262-sd_115-gi_imcPSr7Vrc2TP-ctl_1z1xjcg_1z1xjgm_1z1xjc8-lc_201",
      "avatar": "https://s11.mogucdn.com/mlcdn/5abf39/180822_2lekj0i1lbjccjl2740h2313ch32e_400x400.jpg",
      "title": "R E I K * L O O K  36 外套：北原山猫 裤子：北原山猫 衬衫：MUJI 鞋子：Converse  灯芯绒的工装外套很特别，颜色很高级，里面搭配细格子衬衫，帅气又不失女生的可爱，搭配帽子食用会很好哦 ",
      "uid": 352545598,
      "ctList": [
        {
          "scanIcon": "https://s10.mogucdn.com/mlcdn/c45406/180810_0a02124e70hcl6hd13d597idalb7e_28x28.png",
          "cover": "https://s5.mogucdn.com/mlcdn/c45406/181028_8aifieacaieh14aiibe7l32kfhi87_1080x1122.jpg",
          "bizType": "4",
          "contentId": 1059780220,
          "link": "//h5.mogujie.com/brand-content/personal-homepage.html?stickyId=11z6lgw_11z6ll2_11z6lgo&uid=1bnsjw4&acm=3.mce.1_19_1z1xjcg.126262.0-84667.imcPSr7Vrc1jD.sd_119_115-gi_imcPSr7Vrc2TP-pos_0-pri_9_1bnsjw4-lc_201-mid_126262-m_1059780220-pm_077-cid_1059780220",
          "isVideo": false,
          "acm": "3.mce.1_19_1z1xjcg.126262.0-84667.imcPSr7Vrc1jD.sd_119_115-gi_imcPSr7Vrc2TP-pos_0-pri_9_1bnsjw4-lc_201-mid_126262-m_1059780220-pm_077-cid_1059780220",
          "scanCount": 3057,
          "showCover": "https://s11.mogucdn.com/mlcdn/c45406/181028_1ia1987j89i2d198gelf4ljl866c1_656x1096.jpg",
          "scanType": 1,
          "type": "20"
        },
        {
          "scanIcon": "https://s10.mogucdn.com/mlcdn/c45406/180810_0a02124e70hcl6hd13d597idalb7e_28x28.png",
          "cover": "https://s11.mogucdn.com/mlcdn/c45406/181028_8akajfc3hc52ddif6d5d8lc02hiff_1080x1080.jpg",
          "bizType": "4",
          "contentId": 1059780295,
          "link": "//h5.mogujie.com/brand-content/personal-homepage.html?stickyId=11z6ll2_11z6lgw_11z6lgo&uid=1bnsjw4&acm=3.mce.1_19_1z1xjgm.126262.0-84667.imcPSr7Vrc1jD.sd_119_115-gi_imcPSr7Vrc2TP-pos_1-pri_9_1bnsjw4-lc_201-mid_126262-m_1059780295-pm_077-cid_1059780295",
          "isVideo": false,
          "acm": "3.mce.1_19_1z1xjgm.126262.0-84667.imcPSr7Vrc1jD.sd_119_115-gi_imcPSr7Vrc2TP-pos_1-pri_9_1bnsjw4-lc_201-mid_126262-m_1059780295-pm_077-cid_1059780295",
          "scanCount": 3465,
          "showCover": "https://s11.mogucdn.com/mlcdn/c45406/181028_077i63f5jl15llff4f3gk0djbji44_638x1065.jpg",
          "scanType": 1,
          "type": "20"
        },
        {
          "scanIcon": "https://s10.mogucdn.com/mlcdn/c45406/180810_0a02124e70hcl6hd13d597idalb7e_28x28.png",
          "cover": "https://s11.mogucdn.com/mlcdn/c45406/181028_2125fa948jja4l9dj2gk686k23eid_1971x2000.jpg",
          "bizType": "4",
          "contentId": 1059780216,
          "link": "//h5.mogujie.com/brand-content/personal-homepage.html?stickyId=11z6lgo_11z6lgw_11z6ll2&uid=1bnsjw4&acm=3.mce.1_19_1z1xjc8.126262.0-84667.imcPSr7Vrc1jD.sd_119_115-gi_imcPSr7Vrc2TP-pos_2-pri_9_1bnsjw4-lc_201-mid_126262-m_1059780216-pm_077-cid_1059780216",
          "isVideo": false,
          "acm": "3.mce.1_19_1z1xjc8.126262.0-84667.imcPSr7Vrc1jD.sd_119_115-gi_imcPSr7Vrc2TP-pos_2-pri_9_1bnsjw4-lc_201-mid_126262-m_1059780216-pm_077-cid_1059780216",
          "scanCount": 1408,
          "scanType": 1,
          "type": "20"
        }
      ],
      "publishNum": 16,
      "location": "杭州",
      "brandInfo": [
        {
          "brandName": "CONVERSE",
          "brandId": 8641254,
          "link": "//h5.mogujie.com/brand-content/brand-homepage.html?brandId=1aafb8&acm=3.mce.1_5_1aafb8.126262.0.1Cvbpr7Vrc37Y.pos_0-sd_119-ctl_1z1xjcg_1z1xjgm_1z1xjc8",
          "acm": "3.mce.1_5_1aafb8.126262.0.1Cvbpr7Vrc37Y.pos_0-sd_119-ctl_1z1xjcg_1z1xjgm_1z1xjc8",
          "brandLogo": "https://s11.mogucdn.com/mlcdn/0ffcd9/180920_2ifaljedeaadiig521f2jeie128a4_136x136.png"
        },
        {
          "brandName": "MUJI",
          "brandId": 8641184,
          "link": "//h5.mogujie.com/brand-content/brand-homepage.html?brandId=1aaf7c&acm=3.mce.1_5_1aaf7c.126262.0.1Cvbpr7Vrc37Z.pos_1-sd_119-ctl_1z1xjcg_1z1xjgm_1z1xjc8",
          "acm": "3.mce.1_5_1aaf7c.126262.0.1Cvbpr7Vrc37Z.pos_1-sd_119-ctl_1z1xjcg_1z1xjgm_1z1xjc8",
          "brandLogo": "https://s3.mogucdn.com/mlcdn/0ffcd9/180724_3fd11ilhkkde8gb2h3719hjah15a3_448x414.png"
        }
      ],
      "height": 164
    },
    {
      "career": "平面模特",
      "showName": "尤里里lili",
      "avatarLink": "//h5.mogujie.com/brand-content/personal-homepage.html?uid=12xvel6&acm=3.mce.1_9_12xvel6.126262.84667.imcPSr7Vrc1jD.mid_126262-sd_115-gi_imcPSr7Vrc2TQ-ctl_1z1xjni_1z1xeru_1z1x7v0-lc_201",
      "weight": 50,
      "acm": "3.mce.1_9_12xvel6.126262.84667.imcPSr7Vrc1jD.mid_126262-sd_115-gi_imcPSr7Vrc2TQ-ctl_1z1xjni_1z1xeru_1z1x7v0-lc_201",
      "avatar": "https://s5.mogucdn.com/mlcdn/5abf39/180918_4cbj0kh1f9475i7ij186i0g435jea_400x400.jpg",
      "title": "内搭：黑色针织吊带裙，其实针织类的东西真的买了不亏，各种搭配，冬天也可以内搭！夏天单穿，黑色显瘦拉高身材！ 天丝麻衬风衣：看过我look的宝宝会发现我很多风衣，因为穿风衣真的很帅！有种邦女郎的感觉！#精致细节在双十一中博出位##11.11购齐秋冬流行色#",
      "uid": 88912433,
      "ctList": [
        {
          "scanIcon": "https://s10.mogucdn.com/mlcdn/c45406/180810_0a02124e70hcl6hd13d597idalb7e_28x28.png",
          "cover": "https://s3.mogucdn.com/mlcdn/c45406/181028_09a9clgcllf5713khc4le4hg85l64_1080x1440.jpg",
          "bizType": "4",
          "contentId": 1059780419,
          "link": "//h5.mogujie.com/brand-content/personal-homepage.html?stickyId=11z6lry_11z6gwa_11z69zg&uid=12xvel6&acm=3.mce.1_19_1z1xjni.126262.0-84667.imcPSr7Vrc1jD.sd_119_115-gi_imcPSr7Vrc2TQ-pos_0-pri_9_12xvel6-lc_201-mid_126262-m_1059780419-pm_077-cid_1059780419",
          "isVideo": false,
          "acm": "3.mce.1_19_1z1xjni.126262.0-84667.imcPSr7Vrc1jD.sd_119_115-gi_imcPSr7Vrc2TQ-pos_0-pri_9_12xvel6-lc_201-mid_126262-m_1059780419-pm_077-cid_1059780419",
          "scanCount": 17139,
          "showCover": "https://s11.mogucdn.com/mlcdn/c45406/181028_3f1abb7b89fikea4d7b5fak8chhgd_422x706.jpg",
          "scanType": 1,
          "type": "20"
        },
        {
          "scanIcon": "https://s10.mogucdn.com/mlcdn/c45406/180810_0a02124e70hcl6hd13d597idalb7e_28x28.png",
          "cover": "https://s11.mogucdn.com/mlcdn/c45406/181027_2ge434148echcf3gkd1jiglhbccli_1080x1440.jpg",
          "bizType": "4",
          "contentId": 1059777257,
          "link": "//h5.mogujie.com/brand-content/personal-homepage.html?stickyId=11z6gwa_11z6lry_11z69zg&uid=12xvel6&acm=3.mce.1_19_1z1xeru.126262.0-84667.imcPSr7Vrc1jD.sd_119_115-gi_imcPSr7Vrc2TQ-pos_1-pri_9_12xvel6-lc_201-mid_126262-m_1059777257-pm_082-cid_1059777257",
          "isVideo": false,
          "acm": "3.mce.1_19_1z1xeru.126262.0-84667.imcPSr7Vrc1jD.sd_119_115-gi_imcPSr7Vrc2TQ-pos_1-pri_9_12xvel6-lc_201-mid_126262-m_1059777257-pm_082-cid_1059777257",
          "scanCount": 29702,
          "showCover": "https://s3.mogucdn.com/mlcdn/c45406/181027_87fea2ec4l2ii30bdjl6h5iegg15h_562x938.jpg",
          "scanType": 1,
          "type": "20"
        },
        {
          "scanIcon": "https://s10.mogucdn.com/mlcdn/c45406/180810_0a02124e70hcl6hd13d597idalb7e_28x28.png",
          "cover": "https://s11.mogucdn.com/mlcdn/c45406/181026_133ac6ig1e5gl2b3jk1c4b5jlh37f_1080x1447.jpg",
          "bizType": "4",
          "contentId": 1059772778,
          "link": "//h5.mogujie.com/brand-content/personal-homepage.html?stickyId=11z69zg_11z6lry_11z6gwa&uid=12xvel6&acm=3.mce.1_19_1z1x7v0.126262.0-84667.imcPSr7Vrc1jD.sd_119_115-gi_imcPSr7Vrc2TQ-pos_2-pri_9_12xvel6-lc_201-mid_126262-m_1059772778-pm_082-cid_1059772778",
          "isVideo": false,
          "acm": "3.mce.1_19_1z1x7v0.126262.0-84667.imcPSr7Vrc1jD.sd_119_115-gi_imcPSr7Vrc2TQ-pos_2-pri_9_12xvel6-lc_201-mid_126262-m_1059772778-pm_082-cid_1059772778",
          "scanCount": 79568,
          "showCover": "https://s5.mogucdn.com/mlcdn/c45406/181027_13g08d50fa5bhhik34hkf3l4belca_438x730.jpg",
          "scanType": 1,
          "type": "20"
        }
      ],
      "publishNum": 20,
      "location": "苏州",
      "brandInfo": [
        {
          "brandName": "ZARA",
          "brandId": 8641200,
          "link": "//h5.mogujie.com/brand-content/brand-homepage.html?brandId=1aaf88&acm=3.mce.1_5_1aaf88.126262.0.1Cvbor7Vrc373.pos_0-sd_119-ctl_1z1xjni_1z1xeru_1z1x7v0",
          "acm": "3.mce.1_5_1aaf88.126262.0.1Cvbor7Vrc373.pos_0-sd_119-ctl_1z1xjni_1z1xeru_1z1x7v0",
          "brandLogo": "https://s11.mogucdn.com/mlcdn/0ffcd9/180831_6g8i64kacd028d5375e9a6d42df1h_289x280.png"
        }
      ],
      "height": 170
    },
    {
      "career": "模特",
      "showName": "小雅敏",
      "avatarLink": "//h5.mogujie.com/brand-content/personal-homepage.html?uid=12nhvoi&acm=3.mce.1_9_12nhvoi.126262.84667.imcPSr7Vrc1jD.mid_126262-sd_115-gi_imcPSr7Vrc2TS-ctl_1z1xktk_1z1xkpg_1z1xe5c-lc_201",
      "weight": 45,
      "acm": "3.mce.1_9_12nhvoi.126262.84667.imcPSr7Vrc1jD.mid_126262-sd_115-gi_imcPSr7Vrc2TS-ctl_1z1xktk_1z1xkpg_1z1xe5c-lc_201",
      "avatar": "https://s11.mogucdn.com/mlcdn/5abf39/180830_1ca669dbjh4c9ei3kgee5lfe5jdjj_400x400.jpg",
      "title": "#我为我校衣品代言##精致细节在双十一中博出位##冷淡or妩媚，都是女人味##可以穿到80岁的裙子# 上衣：墨锦家的毛衣～紫色配上波点真的是炒鸡甜美的～颜色搭配也很特别，💜💜非常适合学生党和喜欢小清新的小表贝们😛😛 裙子：百搭神器～不规则拼接牛仔裙～设计感炒鸡足的，小性感的同时不失时尚，而且几乎什么年龄段都可以穿～学生党上班族统统都可以收了它～😋 喜欢酱紫搭配和想要学习更多创新搭配的小婊贝可以➕关注点赞留言哦～定期分享新鲜的搭配～一起来变美～💗💗",
      "uid": 80198837,
      "ctList": [
        {
          "scanIcon": "https://s10.mogucdn.com/mlcdn/c45406/180810_0a02124e70hcl6hd13d597idalb7e_28x28.png",
          "cover": "https://s11.mogucdn.com/mlcdn/c45406/181028_55b6j98d83ic95b29314k3aalg7f8_984x1620.jpg",
          "bizType": "4",
          "contentId": 1059781176,
          "link": "//h5.mogujie.com/brand-content/personal-homepage.html?stickyId=11z6my0_11z6mtw_11z6g9s&uid=12nhvoi&acm=3.mce.1_19_1z1xktk.126262.0-84667.imcPSr7Vrc1jD.sd_119_115-gi_imcPSr7Vrc2TS-pos_0-pri_9_12nhvoi-lc_201-mid_126262-m_1059781176-pm_077-cid_1059781176",
          "isVideo": false,
          "acm": "3.mce.1_19_1z1xktk.126262.0-84667.imcPSr7Vrc1jD.sd_119_115-gi_imcPSr7Vrc2TS-pos_0-pri_9_12nhvoi-lc_201-mid_126262-m_1059781176-pm_077-cid_1059781176",
          "scanCount": 2240,
          "showCover": "https://s11.mogucdn.com/mlcdn/c45406/181028_29jlla919a5a482ke622eae3el8k4_802x1339.jpg",
          "scanType": 1,
          "type": "20"
        },
        {
          "scanIcon": "https://s10.mogucdn.com/mlcdn/c45406/180810_0a02124e70hcl6hd13d597idalb7e_28x28.png",
          "cover": "https://s11.mogucdn.com/mlcdn/c45406/181028_76f7g473ek1bk06hih4lbf3k4b990_1008x1620.jpg",
          "bizType": "4",
          "contentId": 1059781102,
          "link": "//h5.mogujie.com/brand-content/personal-homepage.html?stickyId=11z6mtw_11z6my0_11z6g9s&uid=12nhvoi&acm=3.mce.1_19_1z1xkpg.126262.0-84667.imcPSr7Vrc1jD.sd_119_115-gi_imcPSr7Vrc2TS-pos_1-pri_9_12nhvoi-lc_201-mid_126262-m_1059781102-pm_077-cid_1059781102",
          "isVideo": false,
          "acm": "3.mce.1_19_1z1xkpg.126262.0-84667.imcPSr7Vrc1jD.sd_119_115-gi_imcPSr7Vrc2TS-pos_1-pri_9_12nhvoi-lc_201-mid_126262-m_1059781102-pm_077-cid_1059781102",
          "scanCount": 2706,
          "showCover": "https://s11.mogucdn.com/mlcdn/c45406/181028_72dal29ii46d3l40bj24acjfdgaia_746x1246.jpg",
          "scanType": 1,
          "type": "20"
        },
        {
          "scanIcon": "https://s10.mogucdn.com/mlcdn/c45406/180810_0a02124e70hcl6hd13d597idalb7e_28x28.png",
          "cover": "https://s11.mogucdn.com/mlcdn/c45406/181027_2l4ccbdh87deg9ab1je42i10d3j77_1080x1620.jpg",
          "bizType": "4",
          "contentId": 1059776852,
          "link": "//h5.mogujie.com/brand-content/personal-homepage.html?stickyId=11z6g9s_11z6my0_11z6mtw&uid=12nhvoi&acm=3.mce.1_19_1z1xe5c.126262.0-84667.imcPSr7Vrc1jD.sd_119_115-gi_imcPSr7Vrc2TS-pos_2-pri_9_12nhvoi-lc_201-mid_126262-m_1059776852-pm_082-cid_1059776852",
          "isVideo": false,
          "acm": "3.mce.1_19_1z1xe5c.126262.0-84667.imcPSr7Vrc1jD.sd_119_115-gi_imcPSr7Vrc2TS-pos_2-pri_9_12nhvoi-lc_201-mid_126262-m_1059776852-pm_082-cid_1059776852",
          "scanCount": 4892,
          "scanType": 1,
          "type": "20"
        }
      ],
      "publishNum": 7,
      "location": "广州",
      "brandInfo": [
        {
          "brandName": "墨锦",
          "brandId": 8637619,
          "link": "//h5.mogujie.com/brand-content/brand-homepage.html?brandId=1aa9pa&acm=3.mce.1_5_1aa9pa.126262.0.1Cvbor7Vrc37d.pos_0-sd_119-ctl_1z1xktk_1z1xkpg_1z1xe5c",
          "acm": "3.mce.1_5_1aa9pa.126262.0.1Cvbor7Vrc37d.pos_0-sd_119-ctl_1z1xktk_1z1xkpg_1z1xe5c",
          "brandLogo": "https://s3.mogucdn.com/mlcdn/0ffcd9/181015_86b47afh29dd900621alh0fi992f4_240x239.png"
        },
        {
          "brandName": "EGGKA",
          "brandId": 8641797,
          "link": "//h5.mogujie.com/brand-content/brand-homepage.html?brandId=1aag5e&acm=3.mce.1_5_1aag5e.126262.0.1Cvbor7Vrc37e.pos_1-sd_119-ctl_1z1xktk_1z1xkpg_1z1xe5c",
          "acm": "3.mce.1_5_1aag5e.126262.0.1Cvbor7Vrc37e.pos_1-sd_119-ctl_1z1xktk_1z1xkpg_1z1xe5c",
          "brandLogo": "https://s3.mogucdn.com/mlcdn/0ffcd9/180827_4lakec813e736082cd9gb7cke491h_255x255.png"
        }
      ],
      "height": 166
    },
    {
      "career": "摄影师",
      "showName": "Yumikoo007",
      "avatarLink": "//h5.mogujie.com/brand-content/personal-homepage.html?uid=1c2ffk2&acm=3.mce.1_9_1c2ffk2.126262.84667.imcPSr7Vrc1jD.mid_126262-sd_115-gi_imcPSr7Vrc2TT-ctl_1z1xnxg_1z1wk6y_1z1wada-lc_201",
      "weight": 49,
      "acm": "3.mce.1_9_1c2ffk2.126262.84667.imcPSr7Vrc1jD.mid_126262-sd_115-gi_imcPSr7Vrc2TT-ctl_1z1xnxg_1z1wk6y_1z1wada-lc_201",
      "avatar": "https://s11.mogucdn.com/mlcdn/5abf39/180926_24314i60784hcl8e853j01bd7jeef_400x400.jpg",
      "title": "第一次尝试穿灰色的外套 今天冷色系的一身 外套：pragmaty 内搭：oddest 裤子：akam灯芯绒裤 裤子对着卷两圈就有束脚裤的感觉～今年灯芯绒也是非常流行的元素，潮流是一个轮回 #90后的双十一：要够潮够拽够个性!##11.11购齐秋冬流行色##精致细节在双十一中博出位##90后养生老年团神秘本##11.11联名款首发清单##我为我校衣品代言##这个“拉腿神裤”请小姐姐查收#",
      "uid": 364836645,
      "ctList": [
        {
          "scanIcon": "https://s10.mogucdn.com/mlcdn/c45406/180810_0a02124e70hcl6hd13d597idalb7e_28x28.png",
          "cover": "https://s11.mogucdn.com/mlcdn/c45406/181029_48a3g7l77bl3lfb06jg0071ikje5b_1080x1620.jpg",
          "bizType": "4",
          "contentId": 1059783190,
          "link": "//h5.mogujie.com/brand-content/personal-homepage.html?stickyId=11z6q1w_11z5mbe_11z5chq&uid=1c2ffk2&acm=3.mce.1_19_1z1xnxg.126262.0-84667.imcPSr7Vrc1jD.sd_119_115-gi_imcPSr7Vrc2TT-pos_0-pri_9_1c2ffk2-lc_201-mid_126262-m_1059783190-pm_077-cid_1059783190",
          "isVideo": false,
          "acm": "3.mce.1_19_1z1xnxg.126262.0-84667.imcPSr7Vrc1jD.sd_119_115-gi_imcPSr7Vrc2TT-pos_0-pri_9_1c2ffk2-lc_201-mid_126262-m_1059783190-pm_077-cid_1059783190",
          "scanCount": 1186,
          "showCover": "https://s3.mogucdn.com/mlcdn/c45406/181029_4kf2hlc681hak732d9788hf8j9hd7_764x1274.jpg",
          "scanType": 1,
          "type": "20"
        },
        {
          "scanIcon": "https://s10.mogucdn.com/mlcdn/c45406/180810_0a02124e70hcl6hd13d597idalb7e_28x28.png",
          "cover": "https://s3.mogucdn.com/mlcdn/c45406/181024_506609bf40icbakb3gj3g8jd1l4g1_750x1000.png",
          "bizType": "4",
          "contentId": 1059757441,
          "link": "//h5.mogujie.com/brand-content/personal-homepage.html?stickyId=11z5mbe_11z6q1w_11z5chq&uid=1c2ffk2&acm=3.mce.1_19_1z1wk6y.126262.0-84667.imcPSr7Vrc1jD.sd_119_115-gi_imcPSr7Vrc2TT-pos_1-pri_9_1c2ffk2-lc_201-mid_126262-m_1059757441-pm_082-cid_1059757441",
          "isVideo": false,
          "acm": "3.mce.1_19_1z1wk6y.126262.0-84667.imcPSr7Vrc1jD.sd_119_115-gi_imcPSr7Vrc2TT-pos_1-pri_9_1c2ffk2-lc_201-mid_126262-m_1059757441-pm_082-cid_1059757441",
          "scanCount": 52488,
          "showCover": "https://s3.mogucdn.com/mlcdn/c45406/181024_8c2gki40k3ahhgl999kb6ii0e66hi_506x846.png",
          "scanType": 1,
          "type": "20"
        },
        {
          "scanIcon": "https://s10.mogucdn.com/mlcdn/c45406/180810_0a02124e70hcl6hd13d597idalb7e_28x28.png",
          "cover": "https://s5.mogucdn.com/mlcdn/c45406/181023_0aelja657cc3hbke051gbjdcfckde_750x750.png",
          "bizType": "4",
          "contentId": 1059751075,
          "link": "//h5.mogujie.com/brand-content/personal-homepage.html?stickyId=11z5chq_11z6q1w_11z5mbe&uid=1c2ffk2&acm=3.mce.1_19_1z1wada.126262.0-84667.imcPSr7Vrc1jD.sd_119_115-gi_imcPSr7Vrc2TT-pos_2-pri_9_1c2ffk2-lc_201-mid_126262-m_1059751075-pm_082-cid_1059751075",
          "isVideo": false,
          "acm": "3.mce.1_19_1z1wada.126262.0-84667.imcPSr7Vrc1jD.sd_119_115-gi_imcPSr7Vrc2TT-pos_2-pri_9_1c2ffk2-lc_201-mid_126262-m_1059751075-pm_082-cid_1059751075",
          "scanCount": 3279,
          "showCover": "https://s3.mogucdn.com/mlcdn/c45406/181023_33gdc73lcf32i6bbj50he49a5i502_440x734.png",
          "scanType": 1,
          "type": "20"
        }
      ],
      "publishNum": 1,
      "location": "宝山",
      "brandInfo": [
        {
          "brandName": "NIKE",
          "brandId": 8641147,
          "link": "//h5.mogujie.com/brand-content/brand-homepage.html?brandId=1aaf5a&acm=3.mce.1_5_1aaf5a.126262.0.1Cvbor7Vrc37i.pos_0-sd_119-ctl_1z1xnxg_1z1wk6y_1z1wada",
          "acm": "3.mce.1_5_1aaf5a.126262.0.1Cvbor7Vrc37i.pos_0-sd_119-ctl_1z1xnxg_1z1wk6y_1z1wada",
          "brandLogo": "https://s3.mogucdn.com/mlcdn/0ffcd9/180723_251aje33k834bd72g1232l401g4jk_634x566.png"
        },
        {
          "brandName": "Stussy",
          "brandId": 8641877,
          "link": "//h5.mogujie.com/brand-content/brand-homepage.html?brandId=1aag9u&acm=3.mce.1_5_1aag9u.126262.0.1Cvbor7Vrc37j.pos_1-sd_119-ctl_1z1xnxg_1z1wk6y_1z1wada",
          "acm": "3.mce.1_5_1aag9u.126262.0.1Cvbor7Vrc37j.pos_1-sd_119-ctl_1z1xnxg_1z1wk6y_1z1wada",
          "brandLogo": "https://s11.mogucdn.com/mlcdn/0ffcd9/180828_5cgki2c6bggdad71964ki0cchc992_255x255.jpg"
        },
        {
          "brandName": "CONVERSE",
          "brandId": 8641254,
          "link": "//h5.mogujie.com/brand-content/brand-homepage.html?brandId=1aafb8&acm=3.mce.1_5_1aafb8.126262.0.1Cvbor7Vrc37k.pos_2-sd_119-ctl_1z1xnxg_1z1wk6y_1z1wada",
          "acm": "3.mce.1_5_1aafb8.126262.0.1Cvbor7Vrc37k.pos_2-sd_119-ctl_1z1xnxg_1z1wk6y_1z1wada",
          "brandLogo": "https://s11.mogucdn.com/mlcdn/0ffcd9/180920_2ifaljedeaadiig521f2jeie128a4_136x136.png"
        }
      ],
      "height": 169
    },
    {
      "uid": 66374064,
      "career": "",
      "showName": "杨沁韵__",
      "avatarLink": "//h5.mogujie.com/brand-content/personal-homepage.html?uid=127195k&acm=3.mce.1_9_127195k.126262.84667.imcPSr7Vrc1jD.mid_126262-sd_115-gi_imcPSr7Vrc2TU-ctl_1z1xiq0_1z1xiuo_1z1x0rq-lc_201",
      "ctList": [
        {
          "scanIcon": "https://s10.mogucdn.com/mlcdn/c45406/180810_0a02124e70hcl6hd13d597idalb7e_28x28.png",
          "cover": "https://s3.mogucdn.com/mlcdn/c45406/181028_7ai63691k7jdci5ae9j1laff25c26_2869x2869.jpg",
          "bizType": "4",
          "contentId": 1059779816,
          "link": "//h5.mogujie.com/brand-content/personal-homepage.html?stickyId=11z6kug_11z6kz4_11z62w6&uid=127195k&acm=3.mce.1_19_1z1xiq0.126262.0-84667.imcPSr7Vrc1jD.sd_119_115-gi_imcPSr7Vrc2TU-pos_0-pri_9_127195k-lc_201-mid_126262-m_1059779816-pm_082-cid_1059779816",
          "isVideo": false,
          "acm": "3.mce.1_19_1z1xiq0.126262.0-84667.imcPSr7Vrc1jD.sd_119_115-gi_imcPSr7Vrc2TU-pos_0-pri_9_127195k-lc_201-mid_126262-m_1059779816-pm_082-cid_1059779816",
          "scanCount": 12287,
          "scanType": 1,
          "type": "20"
        },
        {
          "scanIcon": "https://s10.mogucdn.com/mlcdn/c45406/180810_0a02124e70hcl6hd13d597idalb7e_28x28.png",
          "cover": "https://s11.mogucdn.com/mlcdn/c45406/181028_705fg44i09di2i4dc0giej447hidg_1080x1080.jpg",
          "bizType": "4",
          "contentId": 1059779900,
          "link": "//h5.mogujie.com/brand-content/personal-homepage.html?stickyId=11z6kz4_11z6kug_11z62w6&uid=127195k&acm=3.mce.1_19_1z1xiuo.126262.0-84667.imcPSr7Vrc1jD.sd_119_115-gi_imcPSr7Vrc2TU-pos_1-pri_9_127195k-lc_201-mid_126262-m_1059779900-pm_077-cid_1059779900",
          "isVideo": false,
          "acm": "3.mce.1_19_1z1xiuo.126262.0-84667.imcPSr7Vrc1jD.sd_119_115-gi_imcPSr7Vrc2TU-pos_1-pri_9_127195k-lc_201-mid_126262-m_1059779900-pm_077-cid_1059779900",
          "scanCount": 2568,
          "showCover": "https://s5.mogucdn.com/mlcdn/c45406/181029_1c6f8c0h2915120029bjkdfh2l6b0_586x978.jpg",
          "scanType": 1,
          "type": "20"
        },
        {
          "scanIcon": "https://s10.mogucdn.com/mlcdn/c45406/180810_0a02124e70hcl6hd13d597idalb7e_28x28.png",
          "cover": "https://s11.mogucdn.com/mlcdn/c45406/181026_41d6igbcji5g5bhj52lffj1l462b9_1124x1124.png",
          "bizType": "4",
          "contentId": 1059768183,
          "link": "//h5.mogujie.com/brand-content/personal-homepage.html?stickyId=11z62w6_11z6kug_11z6kz4&uid=127195k&acm=3.mce.1_19_1z1x0rq.126262.0-84667.imcPSr7Vrc1jD.sd_119_115-gi_imcPSr7Vrc2TU-pos_2-pri_9_127195k-lc_201-mid_126262-m_1059768183-pm_082-cid_1059768183",
          "isVideo": false,
          "acm": "3.mce.1_19_1z1x0rq.126262.0-84667.imcPSr7Vrc1jD.sd_119_115-gi_imcPSr7Vrc2TU-pos_2-pri_9_127195k-lc_201-mid_126262-m_1059768183-pm_082-cid_1059768183",
          "scanCount": 12947,
          "scanType": 1,
          "type": "20"
        }
      ],
      "publishNum": 10,
      "location": "杭州",
      "acm": "3.mce.1_9_127195k.126262.84667.imcPSr7Vrc1jD.mid_126262-sd_115-gi_imcPSr7Vrc2TU-ctl_1z1xiq0_1z1xiuo_1z1x0rq-lc_201",
      "avatar": "https://s5.mogucdn.com/mlcdn/5abf39/181020_25alf662fi09k5a21a3c4gikeig1e_400x400.jpg",
      "brandInfo": [
        {
          "brandName": "CONVERSE",
          "brandId": 8641254,
          "link": "//h5.mogujie.com/brand-content/brand-homepage.html?brandId=1aafb8&acm=3.mce.1_5_1aafb8.126262.0.1Cvbor7Vrc37o.pos_0-sd_119-ctl_1z1xiq0_1z1xiuo_1z1x0rq",
          "acm": "3.mce.1_5_1aafb8.126262.0.1Cvbor7Vrc37o.pos_0-sd_119-ctl_1z1xiq0_1z1xiuo_1z1x0rq",
          "brandLogo": "https://s11.mogucdn.com/mlcdn/0ffcd9/180920_2ifaljedeaadiig521f2jeie128a4_136x136.png"
        },
        {
          "brandName": "CHACHA STUDIO",
          "brandId": 8642258,
          "link": "//h5.mogujie.com/brand-content/brand-homepage.html?brandId=1aagv0&acm=3.mce.1_5_1aagv0.126262.0.1Cvbor7Vrc37p.pos_1-sd_119-ctl_1z1xiq0_1z1xiuo_1z1x0rq",
          "acm": "3.mce.1_5_1aagv0.126262.0.1Cvbor7Vrc37p.pos_1-sd_119-ctl_1z1xiq0_1z1xiuo_1z1x0rq",
          "brandLogo": "https://s11.mogucdn.com/mlcdn/0ffcd9/180829_1e5lc9adhe0lh854jceb619laa8l7_468x468.png"
        },
        {
          "brandName": "im向",
          "brandId": 8642739,
          "link": "//h5.mogujie.com/brand-content/brand-homepage.html?brandId=1aahlq&acm=3.mce.1_5_1aahlq.126262.0.1Cvbor7Vrc37q.pos_2-sd_119-ctl_1z1xiq0_1z1xiuo_1z1x0rq",
          "acm": "3.mce.1_5_1aahlq.126262.0.1Cvbor7Vrc37q.pos_2-sd_119-ctl_1z1xiq0_1z1xiuo_1z1x0rq",
          "brandLogo": "https://s11.mogucdn.com/mlcdn/0ffcd9/180917_680898b2j39dakfb440e82bb6di14_223x223.png"
        }
      ],
      "title": "在天气好的秋天 一条针织连衣裙足够 #拒绝秋冬臃肿##冷淡or妩媚，都是女人味#"
    },
    {
      "uid": 104023709,
      "career": "",
      "showName": "巴黎每日街拍",
      "avatarLink": "//h5.mogujie.com/brand-content/personal-homepage.html?uid=13fv6gi&acm=3.mce.1_9_13fv6gi.126262.84667.imcPSr7Vrc1jD.mid_126262-sd_115-gi_imcPSr7Vrc2TV-ctl_1z1xp88_1z1xhyo_1z1xdfa-lc_201",
      "ctList": [
        {
          "scanIcon": "https://s10.mogucdn.com/mlcdn/c45406/180810_0a02124e70hcl6hd13d597idalb7e_28x28.png",
          "cover": "https://s3.mogucdn.com//mlcdn/7f0491/181028_2ekhec3ac6j5dh3d1k68154glliee_2400x3600.jpg",
          "bizType": "4",
          "contentId": 1059784032,
          "link": "//h5.mogujie.com/brand-content/personal-homepage.html?stickyId=11z6rco_11z6k34_11z6fjq&uid=13fv6gi&acm=3.mce.1_19_1z1xp88.126262.0-84667.imcPSr7Vrc1jD.sd_119_115-gi_imcPSr7Vrc2TV-pos_0-pri_9_13fv6gi-lc_201-mid_126262-m_1059784032-pm_077-cid_1059784032",
          "isVideo": false,
          "acm": "3.mce.1_19_1z1xp88.126262.0-84667.imcPSr7Vrc1jD.sd_119_115-gi_imcPSr7Vrc2TV-pos_0-pri_9_13fv6gi-lc_201-mid_126262-m_1059784032-pm_077-cid_1059784032",
          "scanCount": 2458,
          "scanType": 1,
          "type": "4"
        },
        {
          "scanIcon": "https://s10.mogucdn.com/mlcdn/c45406/180810_0a02124e70hcl6hd13d597idalb7e_28x28.png",
          "cover": "https://s3.mogucdn.com//mlcdn/7f0491/181005_50bgdhc28igkd4ha1iiiic2j6la7f_2008x3008.jpg",
          "bizType": "4",
          "contentId": 1059779324,
          "link": "//h5.mogujie.com/brand-content/personal-homepage.html?stickyId=11z6k34_11z6rco_11z6fjq&uid=13fv6gi&acm=3.mce.1_19_1z1xhyo.126262.0-84667.imcPSr7Vrc1jD.sd_119_115-gi_imcPSr7Vrc2TV-pos_1-pri_9_13fv6gi-lc_201-mid_126262-m_1059779324-pm_082-cid_1059779324",
          "isVideo": false,
          "acm": "3.mce.1_19_1z1xhyo.126262.0-84667.imcPSr7Vrc1jD.sd_119_115-gi_imcPSr7Vrc2TV-pos_1-pri_9_13fv6gi-lc_201-mid_126262-m_1059779324-pm_082-cid_1059779324",
          "scanCount": 5539,
          "scanType": 1,
          "type": "4"
        },
        {
          "scanIcon": "https://s10.mogucdn.com/mlcdn/c45406/180810_0a02124e70hcl6hd13d597idalb7e_28x28.png",
          "cover": "https://s11.mogucdn.com//mlcdn/7f0491/181007_311l0ga6khhf2fggbk63ed0e415l5_2400x3375.jpg",
          "bizType": "4",
          "contentId": 1059776383,
          "link": "//h5.mogujie.com/brand-content/personal-homepage.html?stickyId=11z6fjq_11z6rco_11z6k34&uid=13fv6gi&acm=3.mce.1_19_1z1xdfa.126262.0-84667.imcPSr7Vrc1jD.sd_119_115-gi_imcPSr7Vrc2TV-pos_2-pri_9_13fv6gi-lc_201-mid_126262-m_1059776383-pm_082-cid_1059776383",
          "isVideo": false,
          "acm": "3.mce.1_19_1z1xdfa.126262.0-84667.imcPSr7Vrc1jD.sd_119_115-gi_imcPSr7Vrc2TV-pos_2-pri_9_13fv6gi-lc_201-mid_126262-m_1059776383-pm_082-cid_1059776383",
          "scanCount": 5641,
          "scanType": 1,
          "type": "4"
        }
      ],
      "publishNum": 5,
      "location": "",
      "acm": "3.mce.1_9_13fv6gi.126262.84667.imcPSr7Vrc1jD.mid_126262-sd_115-gi_imcPSr7Vrc2TV-ctl_1z1xp88_1z1xhyo_1z1xdfa-lc_201",
      "avatar": "https://s11.mogucdn.com/b7/avatar/161017/1pxl7h_ifrtqzjvgmydkolbmizdambqhayde_400x400.jpg",
      "brandInfo": [],
      "title": "时装周也有“不成功”穿法，水粉色西服+破洞小脚牛仔裤+粉色尖头鞋，真的要靠明星气场才能避免俗艳感，普通人慎选哦！"
    },
    {
      "career": "学生",
      "showName": "ChildLv",
      "avatarLink": "//h5.mogujie.com/brand-content/personal-homepage.html?uid=1anv4b8&acm=3.mce.1_9_1anv4b8.126262.84667.imcPSr7Vrc1jD.mid_126262-sd_115-gi_imcPSr7Vrc2TW-ctl_1z1xj8q_1z1xi3m_1z1xib4-lc_201",
      "weight": 43,
      "acm": "3.mce.1_9_1anv4b8.126262.84667.imcPSr7Vrc1jD.mid_126262-sd_115-gi_imcPSr7Vrc2TW-ctl_1z1xj8q_1z1xi3m_1z1xib4-lc_201",
      "avatar": "https://s11.mogucdn.com/mlcdn/5abf39/181026_7bjc77j967d07jhd97k38e8062725_400x400.jpg",
      "title": "日系可爱穿搭 🧢HM 👔 6号巴士 👗有名商店 👟日本岗山硫化鞋 白衬衫搭配卡其色工装裤，帽子包包和领带都是为整体添彩的部分，如果觉得衣服有些单调的话不如像我一样加一条格子小领带来为衣服增添点色彩，包包上也可增加同色系挂件为自己加分！#精致细节在双十一中博出位##90后养生老年团神秘本##我为我校衣品代言##这个秋冬，选怀旧格纹就对了～#",
      "uid": 322372398,
      "ctList": [
        {
          "scanIcon": "https://s10.mogucdn.com/mlcdn/c45406/180810_0a02124e70hcl6hd13d597idalb7e_28x28.png",
          "cover": "https://s5.mogucdn.com/mlcdn/c45406/181028_719kh3d6214h5f48f6j27la2d3ljf_2914x3885.jpg",
          "bizType": "4",
          "contentId": 1059780153,
          "link": "//h5.mogujie.com/brand-content/personal-homepage.html?stickyId=11z6ld6_11z6k82_11z6kfk&uid=1anv4b8&acm=3.mce.1_19_1z1xj8q.126262.0-84667.imcPSr7Vrc1jD.sd_119_115-gi_imcPSr7Vrc2TW-pos_0-pri_9_1anv4b8-lc_201-mid_126262-m_1059780153-pm_077-cid_1059780153",
          "isVideo": false,
          "acm": "3.mce.1_19_1z1xj8q.126262.0-84667.imcPSr7Vrc1jD.sd_119_115-gi_imcPSr7Vrc2TW-pos_0-pri_9_1anv4b8-lc_201-mid_126262-m_1059780153-pm_077-cid_1059780153",
          "scanCount": 2108,
          "scanType": 1,
          "type": "20"
        },
        {
          "scanIcon": "https://s10.mogucdn.com/mlcdn/c45406/180810_0a02124e70hcl6hd13d597idalb7e_28x28.png",
          "cover": "https://s5.mogucdn.com/mlcdn/c45406/181028_2if82i206kd4fbb9lk8k01l2a00g6_1080x1080.jpg",
          "bizType": "4",
          "contentId": 1059779413,
          "link": "//h5.mogujie.com/brand-content/personal-homepage.html?stickyId=11z6k82_11z6ld6_11z6kfk&uid=1anv4b8&acm=3.mce.1_19_1z1xi3m.126262.0-84667.imcPSr7Vrc1jD.sd_119_115-gi_imcPSr7Vrc2TW-pos_1-pri_9_1anv4b8-lc_201-mid_126262-m_1059779413-pm_082-cid_1059779413",
          "isVideo": false,
          "acm": "3.mce.1_19_1z1xi3m.126262.0-84667.imcPSr7Vrc1jD.sd_119_115-gi_imcPSr7Vrc2TW-pos_1-pri_9_1anv4b8-lc_201-mid_126262-m_1059779413-pm_082-cid_1059779413",
          "scanCount": 10014,
          "showCover": "https://s5.mogucdn.com/mlcdn/c45406/181028_1chfh3ddfj76k06agkfbja7b99352_506x846.jpg",
          "scanType": 1,
          "type": "20"
        },
        {
          "scanIcon": "https://s10.mogucdn.com/mlcdn/c45406/180810_0a02124e70hcl6hd13d597idalb7e_28x28.png",
          "cover": "https://s5.mogucdn.com/mlcdn/c45406/181028_4h57ee5b1hheh51hfba31110397kc_2956x2956.jpg",
          "bizType": "4",
          "contentId": 1059779548,
          "link": "//h5.mogujie.com/brand-content/personal-homepage.html?stickyId=11z6kfk_11z6ld6_11z6k82&uid=1anv4b8&acm=3.mce.1_19_1z1xib4.126262.0-84667.imcPSr7Vrc1jD.sd_119_115-gi_imcPSr7Vrc2TW-pos_2-pri_9_1anv4b8-lc_201-mid_126262-m_1059779548-pm_082-cid_1059779548",
          "isVideo": false,
          "acm": "3.mce.1_19_1z1xib4.126262.0-84667.imcPSr7Vrc1jD.sd_119_115-gi_imcPSr7Vrc2TW-pos_2-pri_9_1anv4b8-lc_201-mid_126262-m_1059779548-pm_082-cid_1059779548",
          "scanCount": 7127,
          "scanType": 1,
          "type": "20"
        }
      ],
      "publishNum": 7,
      "location": "",
      "brandInfo": [
        {
          "brandName": "H&M",
          "brandId": 8641186,
          "link": "//h5.mogujie.com/brand-content/brand-homepage.html?brandId=1aaf7g&acm=3.mce.1_5_1aaf7g.126262.0.1Cvbor7Vrc37x.pos_0-sd_119-ctl_1z1xj8q_1z1xi3m_1z1xib4",
          "acm": "3.mce.1_5_1aaf7g.126262.0.1Cvbor7Vrc37x.pos_0-sd_119-ctl_1z1xj8q_1z1xi3m_1z1xib4",
          "brandLogo": "https://s11.mogucdn.com/mlcdn/0ffcd9/180831_34lig093i41jdh2j9jlg7d99dd9a3_197x202.png"
        },
        {
          "brandName": "ZARA",
          "brandId": 8641200,
          "link": "//h5.mogujie.com/brand-content/brand-homepage.html?brandId=1aaf88&acm=3.mce.1_5_1aaf88.126262.0.1Cvbor7Vrc37y.pos_1-sd_119-ctl_1z1xj8q_1z1xi3m_1z1xib4",
          "acm": "3.mce.1_5_1aaf88.126262.0.1Cvbor7Vrc37y.pos_1-sd_119-ctl_1z1xj8q_1z1xi3m_1z1xib4",
          "brandLogo": "https://s11.mogucdn.com/mlcdn/0ffcd9/180831_6g8i64kacd028d5375e9a6d42df1h_289x280.png"
        },
        {
          "brandName": "VANS",
          "brandId": 8641182,
          "link": "//h5.mogujie.com/brand-content/brand-homepage.html?brandId=1aaf78&acm=3.mce.1_5_1aaf78.126262.0.1Cvbor7Vrc37z.pos_2-sd_119-ctl_1z1xj8q_1z1xi3m_1z1xib4",
          "acm": "3.mce.1_5_1aaf78.126262.0.1Cvbor7Vrc37z.pos_2-sd_119-ctl_1z1xj8q_1z1xi3m_1z1xib4",
          "brandLogo": "https://s11.mogucdn.com/mlcdn/0ffcd9/180724_056a1gk1j42d47a4bhik7liae0ijl_364x327.png"
        },
        {
          "brandName": "mylittlebanana",
          "brandId": 8642058,
          "link": "//h5.mogujie.com/brand-content/brand-homepage.html?brandId=1aagjw&acm=3.mce.1_5_1aagjw.126262.0.1Cvbor7Vrc37A.pos_3-sd_119-ctl_1z1xj8q_1z1xi3m_1z1xib4",
          "acm": "3.mce.1_5_1aagjw.126262.0.1Cvbor7Vrc37A.pos_3-sd_119-ctl_1z1xj8q_1z1xi3m_1z1xib4",
          "brandLogo": "https://s11.mogucdn.com/mlcdn/0ffcd9/180828_86c5b64g5af9e0l4k3jjb6162h41c_400x400.png"
        },
        {
          "brandName": "CONVERSE",
          "brandId": 8641254,
          "link": "//h5.mogujie.com/brand-content/brand-homepage.html?brandId=1aafb8&acm=3.mce.1_5_1aafb8.126262.0.1Cvbor7Vrc37B.pos_4-sd_119-ctl_1z1xj8q_1z1xi3m_1z1xib4",
          "acm": "3.mce.1_5_1aafb8.126262.0.1Cvbor7Vrc37B.pos_4-sd_119-ctl_1z1xj8q_1z1xi3m_1z1xib4",
          "brandLogo": "https://s11.mogucdn.com/mlcdn/0ffcd9/180920_2ifaljedeaadiig521f2jeie128a4_136x136.png"
        }
      ],
      "height": 156
    },
    {
      "career": "",
      "showName": "弡火火很小只",
      "avatarLink": "//h5.mogujie.com/brand-content/personal-homepage.html?uid=137wbp4&acm=3.mce.1_9_137wbp4.126262.84667.imcPSr7Vrc1jD.mid_126262-sd_115-gi_imcPSr7Vrc2TX-ctl_1z1xlua_1z1xleq_1z1xe5s-lc_201",
      "weight": 38,
      "acm": "3.mce.1_9_137wbp4.126262.84667.imcPSr7Vrc1jD.mid_126262-sd_115-gi_imcPSr7Vrc2TX-ctl_1z1xlua_1z1xleq_1z1xe5s-lc_201",
      "avatar": "https://s5.mogucdn.com/mlcdn/5abf39/181005_70dk3e9dc5iadbb282gkbd2b9931i_400x400.jpg",
      "title": "【日常穿搭LOOK】#精致细节在双十一中博出位##90后养生老年团神秘本# 衬衫+马甲+牛仔 | 这条裤子穿法很多了 可束脚可阔腿 必入！",
      "uid": 97331968,
      "ctList": [
        {
          "scanIcon": "https://s10.mogucdn.com/mlcdn/c45406/180810_0a02124e70hcl6hd13d597idalb7e_28x28.png",
          "cover": "https://s5.mogucdn.com/mlcdn/c45406/181029_3c0i5c4dkl30eia62igheccc9j6f8_1080x1441.jpg",
          "bizType": "4",
          "contentId": 1059781837,
          "link": "//h5.mogujie.com/brand-content/personal-homepage.html?stickyId=11z6nyq_11z6nj6_11z6ga8&uid=137wbp4&acm=3.mce.1_19_1z1xlua.126262.0-84667.imcPSr7Vrc1jD.sd_119_115-gi_imcPSr7Vrc2TX-pos_0-pri_9_137wbp4-lc_201-mid_126262-m_1059781837-pm_077-cid_1059781837",
          "isVideo": false,
          "acm": "3.mce.1_19_1z1xlua.126262.0-84667.imcPSr7Vrc1jD.sd_119_115-gi_imcPSr7Vrc2TX-pos_0-pri_9_137wbp4-lc_201-mid_126262-m_1059781837-pm_077-cid_1059781837",
          "scanCount": 10113,
          "showCover": "https://s11.mogucdn.com/mlcdn/c45406/181029_0lddf4dcakbekd9fg438562849024_658x1097.jpg",
          "scanType": 1,
          "type": "20"
        },
        {
          "scanIcon": "https://s10.mogucdn.com/mlcdn/c45406/180810_0a02124e70hcl6hd13d597idalb7e_28x28.png",
          "cover": "https://s11.mogucdn.com/mlcdn/c45406/181029_36d4623109hgh6d2b3lkk43c8622f_1080x1440.jpg",
          "bizType": "4",
          "contentId": 1059781557,
          "link": "//h5.mogujie.com/brand-content/personal-homepage.html?stickyId=11z6nj6_11z6nyq_11z6ga8&uid=137wbp4&acm=3.mce.1_19_1z1xleq.126262.0-84667.imcPSr7Vrc1jD.sd_119_115-gi_imcPSr7Vrc2TX-pos_1-pri_9_137wbp4-lc_201-mid_126262-m_1059781557-pm_077-cid_1059781557",
          "isVideo": false,
          "acm": "3.mce.1_19_1z1xleq.126262.0-84667.imcPSr7Vrc1jD.sd_119_115-gi_imcPSr7Vrc2TX-pos_1-pri_9_137wbp4-lc_201-mid_126262-m_1059781557-pm_077-cid_1059781557",
          "scanCount": 6153,
          "showCover": "https://s11.mogucdn.com/mlcdn/c45406/181029_1e8flk7ebg95ke2h7gkf9jhk523e4_650x1085.jpg",
          "scanType": 1,
          "type": "20"
        },
        {
          "scanIcon": "https://s10.mogucdn.com/mlcdn/c45406/180810_0a02124e70hcl6hd13d597idalb7e_28x28.png",
          "cover": "https://s5.mogucdn.com/mlcdn/c45406/181027_2bkeeli7a6f921b1dcfd67el497l0_1080x1440.jpg",
          "bizType": "4",
          "contentId": 1059776860,
          "link": "//h5.mogujie.com/brand-content/personal-homepage.html?stickyId=11z6ga8_11z6nyq_11z6nj6&uid=137wbp4&acm=3.mce.1_19_1z1xe5s.126262.0-84667.imcPSr7Vrc1jD.sd_119_115-gi_imcPSr7Vrc2TX-pos_2-pri_9_137wbp4-lc_201-mid_126262-m_1059776860-pm_082-cid_1059776860",
          "isVideo": false,
          "acm": "3.mce.1_19_1z1xe5s.126262.0-84667.imcPSr7Vrc1jD.sd_119_115-gi_imcPSr7Vrc2TX-pos_2-pri_9_137wbp4-lc_201-mid_126262-m_1059776860-pm_082-cid_1059776860",
          "scanCount": 6493,
          "showCover": "https://s11.mogucdn.com/mlcdn/c45406/181028_8gflggifihb91hh7ad70aabg33hi1_626x1044.jpg",
          "scanType": 1,
          "type": "20"
        }
      ],
      "publishNum": 17,
      "location": "宁波",
      "brandInfo": [
        {
          "brandName": "NIKE",
          "brandId": 8641147,
          "link": "//h5.mogujie.com/brand-content/brand-homepage.html?brandId=1aaf5a&acm=3.mce.1_5_1aaf5a.126262.0.1Cvbor7Vrc37F.pos_0-sd_119-ctl_1z1xlua_1z1xleq_1z1xe5s",
          "acm": "3.mce.1_5_1aaf5a.126262.0.1Cvbor7Vrc37F.pos_0-sd_119-ctl_1z1xlua_1z1xleq_1z1xe5s",
          "brandLogo": "https://s3.mogucdn.com/mlcdn/0ffcd9/180723_251aje33k834bd72g1232l401g4jk_634x566.png"
        },
        {
          "brandName": "GUCCI",
          "brandId": 8641249,
          "link": "//h5.mogujie.com/brand-content/brand-homepage.html?brandId=1aafay&acm=3.mce.1_5_1aafay.126262.0.1Cvbor7Vrc37G.pos_1-sd_119-ctl_1z1xlua_1z1xleq_1z1xe5s",
          "acm": "3.mce.1_5_1aafay.126262.0.1Cvbor7Vrc37G.pos_1-sd_119-ctl_1z1xlua_1z1xleq_1z1xe5s",
          "brandLogo": "https://s11.mogucdn.com/mlcdn/0ffcd9/180904_1ci123kfh4lcd9bdh2728740fk1cf_303x303.png"
        }
      ],
      "height": 162
    },
    {
      "career": "时尚博主",
      "showName": "JoyceDress4Joys",
      "avatarLink": "//h5.mogujie.com/brand-content/personal-homepage.html?uid=1bsl6x8&acm=3.mce.1_9_1bsl6x8.126262.84667.imcPSr7Vrc1jD.mid_126262-sd_115-gi_imcPSr7Vrc2TY-ctl_1z1xie6_1z1xid6_1z1xiju-lc_201",
      "weight": 45,
      "acm": "3.mce.1_9_1bsl6x8.126262.84667.imcPSr7Vrc1jD.mid_126262-sd_115-gi_imcPSr7Vrc2TY-ctl_1z1xie6_1z1xid6_1z1xiju-lc_201",
      "avatar": "https://s11.mogucdn.com/mlcdn/5abf39/180903_6b9k4711d069j72e37ggedfdk05aj_400x400.jpg",
      "title": "优雅气质的白大衣，与休闲感牛仔裤👖，拎包和围巾的配色与服装呼应，正式又没有那么严肃的职场look。 #精致细节在双十一中博出位# ",
      "uid": 356572938,
      "ctList": [
        {
          "scanIcon": "https://s10.mogucdn.com/mlcdn/c45406/180810_0a02124e70hcl6hd13d597idalb7e_28x28.png",
          "cover": "https://s11.mogucdn.com/mlcdn/c45406/181028_6378c3396af44iifl538bi3d67fk2_1080x1620.jpg",
          "bizType": "4",
          "contentId": 1059779603,
          "link": "//h5.mogujie.com/brand-content/personal-homepage.html?stickyId=11z6kim_11z6khm_11z6koa&uid=1bsl6x8&acm=3.mce.1_19_1z1xie6.126262.0-84667.imcPSr7Vrc1jD.sd_119_115-gi_imcPSr7Vrc2TY-pos_0-pri_9_1bsl6x8-lc_201-mid_126262-m_1059779603-pm_082-cid_1059779603",
          "isVideo": false,
          "acm": "3.mce.1_19_1z1xie6.126262.0-84667.imcPSr7Vrc1jD.sd_119_115-gi_imcPSr7Vrc2TY-pos_0-pri_9_1bsl6x8-lc_201-mid_126262-m_1059779603-pm_082-cid_1059779603",
          "scanCount": 10879,
          "scanType": 1,
          "type": "20"
        },
        {
          "scanIcon": "https://s10.mogucdn.com/mlcdn/c45406/180810_0a02124e70hcl6hd13d597idalb7e_28x28.png",
          "cover": "https://s11.mogucdn.com/mlcdn/c45406/181028_819lb3fh57218c299i31b7e5e615e_1080x1620.jpg",
          "bizType": "4",
          "contentId": 1059779585,
          "link": "//h5.mogujie.com/brand-content/personal-homepage.html?stickyId=11z6khm_11z6kim_11z6koa&uid=1bsl6x8&acm=3.mce.1_19_1z1xid6.126262.0-84667.imcPSr7Vrc1jD.sd_119_115-gi_imcPSr7Vrc2TY-pos_1-pri_9_1bsl6x8-lc_201-mid_126262-m_1059779585-pm_082-cid_1059779585",
          "isVideo": false,
          "acm": "3.mce.1_19_1z1xid6.126262.0-84667.imcPSr7Vrc1jD.sd_119_115-gi_imcPSr7Vrc2TY-pos_1-pri_9_1bsl6x8-lc_201-mid_126262-m_1059779585-pm_082-cid_1059779585",
          "scanCount": 13082,
          "showCover": "https://s5.mogucdn.com/mlcdn/c45406/181028_0g1aicb39bcdl6656ba631af7i2c3_914x1524.jpg",
          "scanType": 1,
          "type": "20"
        },
        {
          "scanIcon": "https://s10.mogucdn.com/mlcdn/c45406/180810_0a02124e70hcl6hd13d597idalb7e_28x28.png",
          "cover": "https://s11.mogucdn.com/mlcdn/c45406/181028_31fbe7bgh7715ai1eb4blicij8gek_1080x1617.jpg",
          "bizType": "4",
          "contentId": 1059779705,
          "link": "//h5.mogujie.com/brand-content/personal-homepage.html?stickyId=11z6koa_11z6kim_11z6khm&uid=1bsl6x8&acm=3.mce.1_19_1z1xiju.126262.0-84667.imcPSr7Vrc1jD.sd_119_115-gi_imcPSr7Vrc2TY-pos_2-pri_9_1bsl6x8-lc_201-mid_126262-m_1059779705-pm_082-cid_1059779705",
          "isVideo": false,
          "acm": "3.mce.1_19_1z1xiju.126262.0-84667.imcPSr7Vrc1jD.sd_119_115-gi_imcPSr7Vrc2TY-pos_2-pri_9_1bsl6x8-lc_201-mid_126262-m_1059779705-pm_082-cid_1059779705",
          "scanCount": 181167,
          "scanType": 1,
          "type": "20"
        }
      ],
      "publishNum": 20,
      "location": "西城",
      "brandInfo": [
        {
          "brandName": "MaxMara",
          "brandId": 8641620,
          "link": "//h5.mogujie.com/brand-content/brand-homepage.html?brandId=1aafvk&acm=3.mce.1_5_1aafvk.126262.0.1Cvbor7Vrc38K.pos_0-sd_119-ctl_1z1xie6_1z1xid6_1z1xiju",
          "acm": "3.mce.1_5_1aafvk.126262.0.1Cvbor7Vrc38K.pos_0-sd_119-ctl_1z1xie6_1z1xid6_1z1xiju",
          "brandLogo": "https://s3.mogucdn.com/mlcdn/0ffcd9/180827_7f4caef2jkeach47c7jbld6i2l794_567x567.png"
        },
        {
          "brandName": "Massimo Dutti",
          "brandId": 8641276,
          "link": "//h5.mogujie.com/brand-content/brand-homepage.html?brandId=1aafcg&acm=3.mce.1_5_1aafcg.126262.0.1Cvbor7Vrc38L.pos_1-sd_119-ctl_1z1xie6_1z1xid6_1z1xiju",
          "acm": "3.mce.1_5_1aafcg.126262.0.1Cvbor7Vrc38L.pos_1-sd_119-ctl_1z1xie6_1z1xid6_1z1xiju",
          "brandLogo": "https://s3.mogucdn.com/mlcdn/0ffcd9/180831_84254al711e54lbg5g4i14k5igikb_236x234.png"
        },
        {
          "brandName": "H&M",
          "brandId": 8641186,
          "link": "//h5.mogujie.com/brand-content/brand-homepage.html?brandId=1aaf7g&acm=3.mce.1_5_1aaf7g.126262.0.1Cvbor7Vrc38M.pos_2-sd_119-ctl_1z1xie6_1z1xid6_1z1xiju",
          "acm": "3.mce.1_5_1aaf7g.126262.0.1Cvbor7Vrc38M.pos_2-sd_119-ctl_1z1xie6_1z1xid6_1z1xiju",
          "brandLogo": "https://s11.mogucdn.com/mlcdn/0ffcd9/180831_34lig093i41jdh2j9jlg7d99dd9a3_197x202.png"
        },
        {
          "brandName": "STUART WEITZMAN",
          "brandId": 8641880,
          "link": "//h5.mogujie.com/brand-content/brand-homepage.html?brandId=1aaga0&acm=3.mce.1_5_1aaga0.126262.0.1Cvbor7Vrc38N.pos_3-sd_119-ctl_1z1xie6_1z1xid6_1z1xiju",
          "acm": "3.mce.1_5_1aaga0.126262.0.1Cvbor7Vrc38N.pos_3-sd_119-ctl_1z1xie6_1z1xid6_1z1xiju",
          "brandLogo": "https://s11.mogucdn.com/mlcdn/0ffcd9/180906_666jdgcibl7k1hlj8hageh81768hf_400x400.jpg"
        }
      ],
      "height": 162
    }
  ],
  "isEnd": false,
  "nextPage": 2,
  "context": {
    "currentTime": 1540868022
  }
}