{
  "list": [
    {
      "modelType": "square_topic",
      "showName":"盘点双十一年度最佳“配角”",
      "ctList": [
        {
          "userId": "16928sq",
          "contentId": "1z1xpmo",
          "bizType": 4,
          "acm": "3.mce.1_19_1z1xpmo.127818..kLfbtr7WRVCzp.sd_130-gi_kLfbtr7WRVCzo-cid_1059784292",
          "cover": "https://s11.mogucdn.com/mlcdn/c45406/181026_5ba4hi3k14599le50h40i5al61hl3_750x1000.jpg",
          "link": "https://h5.mogujie.com/brand-content/topic-normal.html?tagId=11c8m9jo&acm=3.mce.1_19_1z1xpmo.127818..kLfbtr7WRVCzp.sd_130-gi_kLfbtr7WRVCzo-cid_1059784292",
          "desc": "#盘点双十一年度最佳“配角”#299元全买下！看不出品牌的包包就是时髦得很高级。要说全身最舍得花钱的地方就时包包了。送你一份不会撞款性价比还hin高的包包清单！\n🔗链接：\n1.软皮手拿小方包／店铺：北山制包所\n￥jqH4b7UAtOj￥\n2.格纹拼接贝壳包／店铺：lovingness\n￥KZlRb75Z3AI￥\n3.纯色束带手机包／店铺：URBAN REVIVO\n￥mgTcb75ZgUi￥\n4.牛皮圆桶包／店铺：AbbottVintage\n￥Bl6yb75ZTwF￥\n5.撞色盒子包／店铺：STARTOWN\n￥DCF6b75aIDW￥\n6.溜金牛皮铰包／店铺：AbbottVintage\n￥TEOSb75ZQaK￥",
          "scanCount": 1148013,
          "scanType": 1,
          "scanIcon": "https://s10.mogucdn.com/mlcdn/c45406/180810_0a02124e70hcl6hd13d597idalb7e_28x28.png",
          "isVideo": false
        },
        {
          "userId": "1b6cea6",
          "contentId": "1z1x4h0",
          "bizType": 4,
          "acm": "3.mce.1_19_1z1x4h0.127818..kLfbtr7WRVCzq.sd_130-gi_kLfbtr7WRVCzo-cid_1059770582",
          "cover": "https://s11.mogucdn.com/mlcdn/c45406/181026_5ba4hi3k14599le50h40i5al61hl3_750x1000.jpg",
          "link": "https://h5.mogujie.com/brand-content/topic-normal.html?tagId=11c8m9jo&acm=3.mce.1_19_1z1x4h0.127818..kLfbtr7WRVCzq.sd_130-gi_kLfbtr7WRVCzo-cid_1059770582",
          "desc": "#盘点双十一年度最佳“配角”#来自日本东京的森系潮牌crisp，清新简约的设计，不低调不张扬，自身带有北欧风情，将蕾丝、印花、刺绣、格纹等经典元素和素材融入到设计中，在细节处提现简约时尚，文艺清新的感觉，很适合大多数女孩儿们。\n\n购买链接：\n椭圆玻璃材质耳夹\n店铺：crisp旗舰店\n￥r5q9bSjkhuS￥\n\n针织仿珍珠耳夹\n店铺：crisp旗舰店\n￥y2LtbSjkFri￥\n\n纯色绒布圆球耳夹\n店铺：crisp旗舰店\n￥6BjbbSjkt7v￥\n\n布艺撞色小圆球耳夹\n店铺：crisp旗舰店\n￥HkXgbSjkzcb￥\n\n森系刺绣花卉耳饰\n店铺：crisp旗舰店\n￥ExmwbSjlZ9G￥\n\n森系花卉毛绒绒耳饰\n店铺：crisp旗舰店\n￥VKwpbSjliEN￥\n\n甜美布艺圆圈耳夹\n店铺：crisp旗舰店\n￥w5usbSjl5Dz￥",
          "scanCount": 769456,
          "scanType": 1,
          "scanIcon": "https://s10.mogucdn.com/mlcdn/c45406/180810_0a02124e70hcl6hd13d597idalb7e_28x28.png",
          "isVideo": false
        },
        {
          "userId": "16gfzwy",
          "contentId": "1z1x53u",
          "bizType": 4,
          "acm": "3.mce.1_19_1z1x53u.127818..kLfbtr7WRVCzr.sd_130-gi_kLfbtr7WRVCzo-cid_1059770993",
          "cover": "https://s11.mogucdn.com/mlcdn/c45406/181026_5ba4hi3k14599le50h40i5al61hl3_750x1000.jpg",
          "link": "https://h5.mogujie.com/brand-content/topic-normal.html?tagId=11c8m9jo&acm=3.mce.1_19_1z1x53u.127818..kLfbtr7WRVCzr.sd_130-gi_kLfbtr7WRVCzo-cid_1059770993",
          "desc": "#盘点双十一年度最佳“配角”#\n\n💁🏼懒得洗头的冬天也能让你美美的秒出门，复古又甜美的贝雷帽简直就是懒癌同学的恩物，而且让你甜美指数爆表，即使全身穿着基本款也非常有范儿哦~\n\n购买链接：\nLook 1：\n店铺：SEVENHOUSES  \n￥U1VnbS9hJHU￥\n\nLook 2：\n店铺：SEVENHOUSES \n￥YoCpbS9SBz8￥\n\nLook 3：\n店铺：SEVENHOUSES\n￥io4DbS97Fe3￥\n\nLook 4：\n店铺：SEVENHOUSES  \n￥seVXbS9iiL4￥\n\nLook 5：\n店铺：SEVENHOUSES\n￥HfcObS9iQEU￥\n\nLook 6：\n店铺：SEVENHOUSES  \n￥vAXWbS9RP5p￥",
          "scanCount": 722966,
          "scanType": 1,
          "scanIcon": "https://s10.mogucdn.com/mlcdn/c45406/180810_0a02124e70hcl6hd13d597idalb7e_28x28.png",
          "isVideo": false
        }
      ],
      "rightIcon": "",
      "avatar": "https://s5.mogucdn.com/mlcdn/c45406/181029_07ikea8g208affkc58fhlfh5b8243_225x225.jpg",
      "topicLogo": "https://s10.mogucdn.com/mlcdn/c45406/181011_4i5edci1hf80ejab9792ll9gf8bck_66x66.png",
      "title": "🎀粉白组cp，超温柔的淑女风look！\n\n👧🏻身高161.7 体重47.5 是个小黑妹～穿的都是s码哦！\n纯色的毛衣最适合日常穿了！很好搭配，无论是搭配牛仔裤还是半生裙都会很漂亮~今天我给自己搭配了一条皮质百褶裙，材质很特别，而且粉嫩嫩的超淑女！\n#MOGU Studio × 西溪银泰城 “超级试衣间”##可以穿到80岁的裙子##",
      "topicName": "MOGU Studio × 西溪银泰城 “超级试衣间”",
      "avatarLink": "https://h5.mogujie.com/brand-content/topic-normal.html?tagId=11c8m99u&acm=3.mce.1_17_11c8m99u.127818..kLfbtr7WRVCzD.sd_130-gi_kLfbtr7WRVCzw",
     
      "brandInfo": [
        {
          "brandName": "URBAN REVIVO",
          "brandLogo": "http://s11.mogucdn.com/mlcdn/0ffcd9/180920_8gfh25b4li3g6629h47hf72i20660_205x206.png",
          "link": "https://h5.mogujie.com/brand-content/brand-homepage.html?brandId=1aaf72&acm=3.mce.1_5_1aaf72.127818..kLfbtr7WRVCzu.sd_130-gi_kLfbtr7WRVCzo",
          "brandId": "1aaf72",
          "acm": "3.mce.1_5_1aaf72.127818..kLfbtr7WRVCzu.sd_130-gi_kLfbtr7WRVCzo",
          "countryOriginName": "中国 香港",
          "publishNum": 1149
        },
        {
          "brandName": "KITAYAMA北山制包所",
          "brandLogo": "http://s3.mogucdn.com/mlcdn/0ffcd9/180914_3k871iejdde5d5l10bgje317bebl6_243x242.png",
          "link": "https://h5.mogujie.com/brand-content/brand-homepage.html?brandId=1aah9i&acm=3.mce.1_5_1aah9i.127818..kLfbtr7WRVCzt.sd_130-gi_kLfbtr7WRVCzo",
          "brandId": "1aah9i",
          "acm": "3.mce.1_5_1aah9i.127818..kLfbtr7WRVCzt.sd_130-gi_kLfbtr7WRVCzo",
          "countryOriginName": "中国",
          "publishNum": 141
        },
        {
          "brandName": "Abbott VINTAGE",
          "brandLogo": "http://s11.mogucdn.com/mlcdn/0ffcd9/180917_6l81f649ld3k1bk15dh27720jl2fe_197x197.png",
          "link": "https://h5.mogujie.com/brand-content/brand-homepage.html?brandId=1aahme&acm=3.mce.1_5_1aahme.127818..kLfbtr7WRVCzs.sd_130-gi_kLfbtr7WRVCzo",
          "brandId": "1aahme",
          "acm": "3.mce.1_5_1aahme.127818..kLfbtr7WRVCzs.sd_130-gi_kLfbtr7WRVCzo",
          "countryOriginName": "中国",
          "publishNum": 119
        }
      ],
      "publishNum": 37,
      "lookTotal": 77,
      "publishUserCount": 33,
      "acm": "3.mce.1_17_11c8m9jo.127818..kLfbtr7WRVCzv.sd_130-gi_kLfbtr7WRVCzo",
      "showType": 1
      
    },
    {
      "modelType": "square_topic",
      "showName":"🎀粉白组cp，超温柔的淑女风look！",
          "ctList": [
            {
              "userId": "1hftym",
              "contentId": "1z1xte6",
              "bizType": 4,
              "acm": "3.mce.1_19_1z1xte6.127818..kLfbtr7WRVCzx.sd_130-gi_kLfbtr7WRVCzw-cid_1059786731",
              "cover": "https://s5.mogucdn.com/mlcdn/c45406/181030_69add7ih358bfakli11kgelb6j4kb_1080x1440.jpg",
              "showCover": "https://s11.mogucdn.com/mlcdn/c45406/181030_83196eia4h3geg72hk205927c7ddk_736x1227.jpg",
              "link": "https://h5.mogujie.com/brand-content/topic-normal.html?tagId=11c8m99u&acm=3.mce.1_19_1z1xte6.127818..kLfbtr7WRVCzx.sd_130-gi_kLfbtr7WRVCzw-cid_1059786731",
              "desc": "🎀粉白组cp，超温柔的淑女风look！\n\n👧🏻身高161.7 体重47.5 是个小黑妹～穿的都是s码哦！\n纯色的毛衣最适合日常穿了！很好搭配，无论是搭配牛仔裤还是半生裙都会很漂亮~今天我给自己搭配了一条皮质百褶裙，材质很特别，而且粉嫩嫩的超淑女！\n#MOGU Studio × 西溪银泰城 “超级试衣间”##可以穿到80岁的裙子##",
              "scanCount": 388455,
              "scanType": 1,
              "scanIcon": "https://s10.mogucdn.com/mlcdn/c45406/180810_0a02124e70hcl6hd13d597idalb7e_28x28.png",
              "isVideo": false,
              "shopIcon": "https://s11.mogucdn.com/mlcdn/c45406/180820_4elccj9cb0lfh129illfccg01g0c9_28x28.png"
            },
            {
              "userId": "1hftym",
              "contentId": "1z1xmnk",
              "bizType": 4,
              "acm": "3.mce.1_19_1z1xmnk.127818..kLfbtr7WRVCzy.sd_130-gi_kLfbtr7WRVCzw-cid_1059782364",
              "cover": "https://s11.mogucdn.com/mlcdn/c45406/181029_3j636k1jjj1bf359k08b8ii2fc1hk_1080x1439.jpg",
              "showCover": "https://s11.mogucdn.com/mlcdn/c45406/181029_0g63k8j46jf5c941433h313gj724i_722x1204.jpg",
              "link": "https://h5.mogujie.com/brand-content/topic-normal.html?tagId=11c8m99u&acm=3.mce.1_19_1z1xmnk.127818..kLfbtr7WRVCzy.sd_130-gi_kLfbtr7WRVCzw-cid_1059782364",
              "desc": "🎀超可爱！！减龄满分的娃娃衫！👧🏻👧🏻👧🏻\n\n👧🏻身高161.7 体重47.5 是个小黑妹～穿的都是s码～\n本老阿姨又来装嫩了！超级可爱的娃娃衫，减龄效果非常棒，效果堪比羊胎素！（那是有点夸张了，哈哈）为了避免穿搭太单调，搭配了一件毛衣假装是披肩～\n#MOGU Studio × 西溪银泰城 “超级试衣间”##这个秋冬，选怀旧格纹就对了～#\n👏欢迎关注我哦～",
              "scanCount": 269481,
              "scanType": 1,
              "scanIcon": "https://s10.mogucdn.com/mlcdn/c45406/180810_0a02124e70hcl6hd13d597idalb7e_28x28.png",
              "isVideo": false,
              "shopIcon": "https://s11.mogucdn.com/mlcdn/c45406/180820_4elccj9cb0lfh129illfccg01g0c9_28x28.png"
            },
            {
              "userId": "19tljhc",
              "contentId": "1z1xwtw",
              "bizType": 4,
              "acm": "3.mce.1_19_1z1xwtw.127818..kLfbtr7WRVCzz.sd_130-gi_kLfbtr7WRVCzw-cid_1059788958",
              "cover": "https://s3.mogucdn.com/mlcdn/c45406/181030_63j7fcb5ihf70fh7ci9594fbakdji_1080x1478.jpg",
              "showCover": "https://s3.mogucdn.com/mlcdn/c45406/181030_02k7b845d6j39dhjc5g1kked2cgag_648x1081.jpg",
              "link": "https://h5.mogujie.com/brand-content/topic-normal.html?tagId=11c8m99u&acm=3.mce.1_19_1z1xwtw.127818..kLfbtr7WRVCzz.sd_130-gi_kLfbtr7WRVCzw-cid_1059788958",
              "desc": "自己私服一套，个子比较矮小，喜欢穿毛衣，粉色毛衣加浅色半裙，舒适百搭，\n#MOGU Studio × 西溪银泰城 “超级试衣间”#",
              "scanCount": 3843,
              "scanType": 1,
              "scanIcon": "https://s10.mogucdn.com/mlcdn/c45406/180810_0a02124e70hcl6hd13d597idalb7e_28x28.png",
              "isVideo": false
            }
          ],
          "rightIcon": "",
          "avatar": "https://s5.mogucdn.com/mlcdn/c45406/181029_07ikea8g208affkc58fhlfh5b8243_225x225.jpg",
          "topicLogo": "https://s10.mogucdn.com/mlcdn/c45406/181011_4i5edci1hf80ejab9792ll9gf8bck_66x66.png",
          "title": "🎀粉白组cp，超温柔的淑女风look！\n\n👧🏻身高161.7 体重47.5 是个小黑妹～穿的都是s码哦！\n纯色的毛衣最适合日常穿了！很好搭配，无论是搭配牛仔裤还是半生裙都会很漂亮~今天我给自己搭配了一条皮质百褶裙，材质很特别，而且粉嫩嫩的超淑女！\n#MOGU Studio × 西溪银泰城 “超级试衣间”##可以穿到80岁的裙子##",
          "topicName": "MOGU Studio × 西溪银泰城 “超级试衣间”",
          "avatarLink": "https://h5.mogujie.com/brand-content/topic-normal.html?tagId=11c8m99u&acm=3.mce.1_17_11c8m99u.127818..kLfbtr7WRVCzD.sd_130-gi_kLfbtr7WRVCzw",
          "brandInfo": [
            {
              "brandName": "梅子熟了",
              "brandLogo": "http://s11.mogucdn.com/mlcdn/0ffcd9/181015_2li4fj6bg1akf0c6a3d6654fk1f89_218x218.png",
              "link": "https://h5.mogujie.com/brand-content/brand-homepage.html?brandId=1aaf86&acm=3.mce.1_5_1aaf86.127818..kLfbtr7WRVCzB.sd_130-gi_kLfbtr7WRVCzw",
              "brandId": "1aaf86",
              "acm": "3.mce.1_5_1aaf86.127818..kLfbtr7WRVCzB.sd_130-gi_kLfbtr7WRVCzw",
              "countryOriginName": "中国",
              "publishNum": 62
            },
            {
              "brandName": "爱爱丸",
              "brandLogo": "http://s3.mogucdn.com/mlcdn/0ffcd9/180917_158bhigke7h154l7akddlhb8c0122_254x255.png",
              "link": "https://h5.mogujie.com/brand-content/brand-homepage.html?brandId=1aahem&acm=3.mce.1_5_1aahem.127818..kLfbtr7WRVCzC.sd_130-gi_kLfbtr7WRVCzw",
              "brandId": "1aahem",
              "acm": "3.mce.1_5_1aahem.127818..kLfbtr7WRVCzC.sd_130-gi_kLfbtr7WRVCzw",
              "countryOriginName": "中国",
              "publishNum": 123
            },
            {
              "brandName": "ME&CITY",
              "brandLogo": "http://s3.mogucdn.com/mlcdn/0ffcd9/180724_3jf22if8h83hekl2he2jic9gh0idk_118x113.png",
              "link": "https://h5.mogujie.com/brand-content/brand-homepage.html?brandId=1aafck&acm=3.mce.1_5_1aafck.127818..kLfbtr7WRVCzA.sd_130-gi_kLfbtr7WRVCzw",
              "brandId": "1aafck",
              "acm": "3.mce.1_5_1aafck.127818..kLfbtr7WRVCzA.sd_130-gi_kLfbtr7WRVCzw",
              "countryOriginName": "中国",
              "publishNum": 40
            }
          ],
          "publishNum": 197,
          "lookTotal": 498,
          "publishUserCount": 114,
          "acm": "3.mce.1_17_11c8m99u.127818..kLfbtr7WRVCzD.sd_130-gi_kLfbtr7WRVCzw",
          "showType": 1
      
    },
    {
      "modelType": "square_topic",
      "showName":"90后的双十一：要够潮够拽够个性!",
          "ctList": [
            {
              "userId": "16928sq",
              "contentId": "1z1x5s0",
              "bizType": 4,
              "acm": "3.mce.1_19_1z1x5s0.127818..kLfbtr7WRVCzF.sd_130-gi_kLfbtr7WRVCzE-cid_1059771428",
              "cover": "https://s11.mogucdn.com/mlcdn/c45406/181029_0l4272a6jad73e448626k95bjbj8g_750x1000.jpg",
              "link": "https://h5.mogujie.com/brand-content/topic-normal.html?tagId=11c8maoq&acm=3.mce.1_19_1z1x5s0.127818..kLfbtr7WRVCzF.sd_130-gi_kLfbtr7WRVCzE-cid_1059771428",
              "desc": "#90后的双十一：要够潮够拽够个性!#土酷风你肯定听说过，但是具体穿什么单品确切的叫“土酷”肯定要想想了。复古风运动服套装、高帮的短袜、复古运动球鞋、腰包等等。80年代复古校园风回潮，这些个性又吸睛的单品，快来get吧。\n链接：\n1.复古红色休闲运动套装/店铺：太平鸟\n￥qJTZbS9Gupy￥\n2.国潮复古校服运动夹克/店铺：YOOMORE\n￥j0u8bS9t8sz￥\n3.港味格子复古衬衫外套/店铺：太平鸟\n￥ZyLvbS9tBrp￥\n4.连帽宽松运动衫紫色卫衣/店铺：Bershka\n￥sEekbS9tIPA￥\n5.拼色休闲哈伦裤/店铺：YEP\n￥0w2ubS9tB7n￥\n6.嘻哈风加绒套头连帽卫衣/店铺：YEP\n ￥Qk7MbS9Ho7j￥",
              "scanCount": 114941,
              "scanType": 1,
              "scanIcon": "https://s10.mogucdn.com/mlcdn/c45406/180810_0a02124e70hcl6hd13d597idalb7e_28x28.png",
              "isVideo": false
            },
            {
              "userId": "18ezphm",
              "contentId": "1z1xoyo",
              "bizType": 4,
              "acm": "3.mce.1_19_1z1xoyo.127818..kLfbtr7WRVCzG.sd_130-gi_kLfbtr7WRVCzE-cid_1059783860",
              "cover": "https://s11.mogucdn.com/mlcdn/c45406/181029_4g55f6a213k50lf98l1e93000c10f_1080x1440.jpg",
              "showCover": "https://s11.mogucdn.com/mlcdn/c45406/181029_3k27i5a4gd5d21j02i57ib7jl2a3i_554x925.jpg",
              "link": "https://h5.mogujie.com/brand-content/topic-normal.html?tagId=11c8maoq&acm=3.mce.1_19_1z1xoyo.127818..kLfbtr7WRVCzG.sd_130-gi_kLfbtr7WRVCzE-cid_1059783860",
              "desc": "💞💞意外的发现粉紫色和灰色真的很配哦\r大大的毛衣🎊羊驼绒的材质很舒hu~🔆带来温暖与美的享受\r💋上身以后更多的是慵懒随性的调调🛌\r搭配a字版型的灰色半身裙🎀整个LOOK很是甜美的感觉\r🌟看起来就软萌软萌的又温暖💖大爱~发射小心心💕💕\n#11.11购齐秋冬流行色##90后的双十一：要够潮够拽够个性!##精致细节在双十一中博出位#",
              "scanCount": 339782,
              "scanType": 1,
              "scanIcon": "https://s10.mogucdn.com/mlcdn/c45406/180810_0a02124e70hcl6hd13d597idalb7e_28x28.png",
              "isVideo": false,
              "shopIcon": "https://s11.mogucdn.com/mlcdn/c45406/180820_4elccj9cb0lfh129illfccg01g0c9_28x28.png"
            },
            {
              "userId": "12tx36e",
              "contentId": "1z1xj1e",
              "bizType": 4,
              "acm": "3.mce.1_19_1z1xj1e.127818..kLfbtr7WRVCzH.sd_130-gi_kLfbtr7WRVCzE-cid_1059780021",
              "cover": "https://s5.mogucdn.com/mlcdn/c45406/181028_57ch28hfice399114e7ii3k7iibgh_1080x1594.jpg",
              "showCover": "https://s11.mogucdn.com/mlcdn/c45406/181028_541h12efa5f0fb2ei1li5ibe2819i_852x1420.jpg",
              "link": "https://h5.mogujie.com/brand-content/topic-normal.html?tagId=11c8maoq&acm=3.mce.1_19_1z1xj1e.127818..kLfbtr7WRVCzH.sd_130-gi_kLfbtr7WRVCzE-cid_1059780021",
              "desc": "如何穿出牛仔酷美风|小个子超气场穿搭\n牛仔单品人人有，和女人味单品混搭更时髦吸睛。\n百年可以穿的廓形牛仔外套，\n内搭黑色吊带连衣裤，恰到好处的开叉，\n非常显腿长，搭配白色漆皮短靴，#我把ZARA穿的贵贵的#\n时髦摩登又气质，红色的鞋跟呼应纯色，\n金色饰品，加强搭配气势感！\n黑色logo腰包有巧妙提高腰线的作用，\n非常吸睛的细节十足的出街搭配！#冷淡or妩媚，都是女人味##精致细节在双十一中博出位##11.11购齐秋冬流行色##11.11联名款首发清单##11.11购齐秋冬流行色##可以穿到80岁的裙子##我为我校衣品代言##正流行的罂粟红，你PICK了吗##Layer it！叠穿最时尚##娘man平衡##90后的双十一：要够潮够拽够个性!##盘点双十一最佳“配角”#",
              "scanCount": 481800,
              "scanType": 1,
              "scanIcon": "https://s10.mogucdn.com/mlcdn/c45406/180810_0a02124e70hcl6hd13d597idalb7e_28x28.png",
              "isVideo": false
            }
          ],
          "rightIcon": "https://s10.mogucdn.com/mlcdn/c45406/181013_38d24e4aj49aedc20jcd055l6hj7c_150x45.png",
          "avatar": "https://s11.mogucdn.com/mlcdn/c45406/181025_36bgle9fl29h4h1gi7clk34628ihe_225x225.png",
          "topicLogo": "https://s10.mogucdn.com/mlcdn/c45406/181011_4i5edci1hf80ejab9792ll9gf8bck_66x66.png",
          "title": "#90后的双十一：要够潮够拽够个性!#土酷风你肯定听说过，但是具体穿什么单品确切的叫“土酷”肯定要想想了。复古风运动服套装、高帮的短袜、复古运动球鞋、腰包等等。80年代复古校园风回潮，这些个性又吸睛的单品，快来get吧。\n链接：\n1.复古红色休闲运动套装/店铺：太平鸟\n￥qJTZbS9Gupy￥\n2.国潮复古校服运动夹克/店铺：YOOMORE\n￥j0u8bS9t8sz￥\n3.港味格子复古衬衫外套/店铺：太平鸟\n￥ZyLvbS9tBrp￥\n4.连帽宽松运动衫紫色卫衣/店铺：Bershka\n￥sEekbS9tIPA￥\n5.拼色休闲哈伦裤/店铺：YEP\n￥0w2ubS9tB7n￥\n6.嘻哈风加绒套头连帽卫衣/店铺：YEP\n ￥Qk7MbS9Ho7j￥",
          "topicName": "90后的双十一：要够潮够拽够个性!",
          "avatarLink": "https://h5.mogujie.com/brand-content/topic-normal.html?tagId=11c8maoq&acm=3.mce.1_17_11c8maoq.127818..kLfbtr7WRVCzP.sd_130-gi_kLfbtr7WRVCzE",
          "brandInfo": [
            {
              "brandName": "Bershka",
              "brandLogo": "http://s11.mogucdn.com/mlcdn/0ffcd9/180903_3a716ahji18kd2i62g9975kjfiig9_396x396.png",
              "link": "https://h5.mogujie.com/brand-content/brand-homepage.html?brandId=1aaf7e&acm=3.mce.1_5_1aaf7e.127818..kLfbtr7WRVCzI.sd_130-gi_kLfbtr7WRVCzE",
              "brandId": "1aaf7e",
              "acm": "3.mce.1_5_1aaf7e.127818..kLfbtr7WRVCzI.sd_130-gi_kLfbtr7WRVCzE",
              "countryOriginName": "西班牙",
              "publishNum": 923
            },
            {
              "brandName": "太平鸟",
              "brandLogo": "http://s3.mogucdn.com/mlcdn/0ffcd9/180724_2194gb5g31670el4339j58438a3a6_281x282.png",
              "link": "https://h5.mogujie.com/brand-content/brand-homepage.html?brandId=1aaf6s&acm=3.mce.1_5_1aaf6s.127818..kLfbtr7WRVCzJ.sd_130-gi_kLfbtr7WRVCzE",
              "brandId": "1aaf6s",
              "acm": "3.mce.1_5_1aaf6s.127818..kLfbtr7WRVCzJ.sd_130-gi_kLfbtr7WRVCzE",
              "countryOriginName": "中国",
              "publishNum": 199
            },
            {
              "brandName": "ZARA",
              "brandLogo": "http://s11.mogucdn.com/mlcdn/0ffcd9/180831_6g8i64kacd028d5375e9a6d42df1h_289x280.png",
              "link": "https://h5.mogujie.com/brand-content/brand-homepage.html?brandId=1aaf88&acm=3.mce.1_5_1aaf88.127818..kLfbtr7WRVCzO.sd_130-gi_kLfbtr7WRVCzE",
              "brandId": "1aaf88",
              "acm": "3.mce.1_5_1aaf88.127818..kLfbtr7WRVCzO.sd_130-gi_kLfbtr7WRVCzE",
              "countryOriginName": "西班牙",
              "publishNum": 6000
            },
            {
              "brandName": "CELINE",
              "brandLogo": "http://s11.mogucdn.com/mlcdn/0ffcd9/180906_6dbfd524k4h5kej0fi6el3ici4b27_262x263.png",
              "link": "https://h5.mogujie.com/brand-content/brand-homepage.html?brandId=1aag0u&acm=3.mce.1_5_1aag0u.127818..kLfbtr7WRVCzN.sd_130-gi_kLfbtr7WRVCzE",
              "brandId": "1aag0u",
              "acm": "3.mce.1_5_1aag0u.127818..kLfbtr7WRVCzN.sd_130-gi_kLfbtr7WRVCzE",
              "countryOriginName": "法国",
              "publishNum": 660
            },
            {
              "brandName": "CHANEL",
              "brandLogo": "http://s3.mogucdn.com/mlcdn/0ffcd9/180917_18ei335aj37k8hgi886cjjd6bi8fa_232x231.png",
              "link": "https://h5.mogujie.com/brand-content/brand-homepage.html?brandId=1aah3e&acm=3.mce.1_5_1aah3e.127818..kLfbtr7WRVCzL.sd_130-gi_kLfbtr7WRVCzE",
              "brandId": "1aah3e",
              "acm": "3.mce.1_5_1aah3e.127818..kLfbtr7WRVCzL.sd_130-gi_kLfbtr7WRVCzE",
              "countryOriginName": "法国",
              "publishNum": 589
            },
            {
              "brandName": "SUMMER STUDIO",
              "brandLogo": "http://s3.mogucdn.com/mlcdn/0ffcd9/180914_086ehh52fihdei62cdh5je373gfi1_200x200.png",
              "link": "https://h5.mogujie.com/brand-content/brand-homepage.html?brandId=1aah9a&acm=3.mce.1_5_1aah9a.127818..kLfbtr7WRVCzK.sd_130-gi_kLfbtr7WRVCzE",
              "brandId": "1aah9a",
              "acm": "3.mce.1_5_1aah9a.127818..kLfbtr7WRVCzK.sd_130-gi_kLfbtr7WRVCzE",
              "countryOriginName": "中国",
              "publishNum": 167
            },
            {
              "brandName": "GUCCI",
              "brandLogo": "http://s11.mogucdn.com/mlcdn/0ffcd9/180904_1ci123kfh4lcd9bdh2728740fk1cf_303x303.png",
              "link": "https://h5.mogujie.com/brand-content/brand-homepage.html?brandId=1aafay&acm=3.mce.1_5_1aafay.127818..kLfbtr7WRVCzM.sd_130-gi_kLfbtr7WRVCzE",
              "brandId": "1aafay",
              "acm": "3.mce.1_5_1aafay.127818..kLfbtr7WRVCzM.sd_130-gi_kLfbtr7WRVCzE",
              "countryOriginName": "意大利",
              "publishNum": 1157
            }
          ],
          "publishNum": 1147,
          "lookTotal": 1194,
          "publishUserCount": 525,
          "acm": "3.mce.1_17_11c8maoq.127818..kLfbtr7WRVCzP.sd_130-gi_kLfbtr7WRVCzE",
          "showType": 1
      
    },
    {
      "modelType": "square_topic",
      "showName":"双十一吹爆动物纹##90后的双十一",
          "ctList": [
            {
              "userId": "12ru5h2",
              "contentId": "1z1xtm4",
              "bizType": 4,
              "acm": "3.mce.1_19_1z1xtm4.127818..kLfbtr7WRVCzR.sd_130-gi_kLfbtr7WRVCzQ-cid_1059786874",
              "cover": "https://s5.mogucdn.com/mlcdn/c45406/181030_729413bf6gldk19c5j7bj5ejb70kd_800x800.jpg",
              "showCover": "https://s11.mogucdn.com/mlcdn/c45406/181030_53g3175a8lhjld2hkle7ia6ke7kgj_450x752.jpg",
              "link": "https://h5.mogujie.com/brand-content/topic-normal.html?tagId=11c8m9by&acm=3.mce.1_19_1z1xtm4.127818..kLfbtr7WRVCzR.sd_130-gi_kLfbtr7WRVCzQ-cid_1059786874",
              "desc": "#双十一吹爆动物纹##90后的双十一：要够潮够拽够个性!#今年秋冬bi入的卫衣绒衫！！！！！\n\n好看炸裂的撞色拼接卫衣！\n\n首先面料是加绒的棉 触感很棒！同时保暖！\n\n重点是 领子和袖子都用了毛线面料去拼接！前面还有个性的字母印花啊\n\n领子翻起来折下去都很赞！\n\n2个颜色 都很好看！！！\n\n秋冬也要来点两眼点的颜色！人群中一眼就看到你！\n\n黑色敲百搭啊 蓝色的撞色领子也很抢眼特别\n\n卡其色有点复古 带点休闲的feel\n\n2色都是自留款 ！！！真的超好看的 不入会后悔的o\n\n简约系 日常百搭必备~",
              "scanCount": 84755,
              "scanType": 1,
              "scanIcon": "https://s10.mogucdn.com/mlcdn/c45406/180810_0a02124e70hcl6hd13d597idalb7e_28x28.png",
              "isVideo": false,
              "shopIcon": "https://s11.mogucdn.com/mlcdn/c45406/180820_4elccj9cb0lfh129illfccg01g0c9_28x28.png"
            },
            {
              "userId": "167jhi0",
              "contentId": "1z1wm2u",
              "bizType": 4,
              "acm": "3.mce.1_19_1z1wm2u.127818..kLfbtr7WRVCzS.sd_130-gi_kLfbtr7WRVCzQ-cid_1059758663",
              "cover": "https://s5.mogucdn.com/mlcdn/c45406/181024_0h82clk0lhhackkbebheb84631i38_750x1000.png",
              "link": "https://h5.mogujie.com/brand-content/topic-normal.html?tagId=11c8m9by&acm=3.mce.1_19_1z1wm2u.127818..kLfbtr7WRVCzS.sd_130-gi_kLfbtr7WRVCzQ-cid_1059758663",
              "desc": "#双十一吹爆动物纹#   \n今年大热的豹纹元素运用在冬款上很赞！豹纹毛衣本来就百搭，各种裤子裙子外套都可以，很柔软的绒绒面料，更加保暖~关键是一件套头豹纹毛衣才不到100元，真的性价比超高哦！今天嗷嗷酱就为你推荐6件超值单品~\n\n购买链接淘口令：\n1.豹纹圆领毛衣￥Ty2dbhFwp4Y￥\n2.豹纹V领毛衣￥83vObhFDYEK￥\n3.豹纹圆领毛衣￥FUUPbhFxB73￥\n4.豹纹V领毛衣￥kFNPbhvqIFB￥\n5.豹纹圆领毛衣￥osrmbhFxPq3￥\n6.豹纹圆领毛衣￥iGembhFxNKK￥",
              "scanCount": 751658,
              "scanType": 1,
              "scanIcon": "https://s10.mogucdn.com/mlcdn/c45406/180810_0a02124e70hcl6hd13d597idalb7e_28x28.png",
              "isVideo": false
            },
            {
              "userId": "16928sq",
              "contentId": "1z1wgx0",
              "bizType": 4,
              "acm": "3.mce.1_19_1z1wgx0.127818..kLfbtr7WRVCzT.sd_130-gi_kLfbtr7WRVCzQ-cid_1059755318",
              "cover": "https://s11.mogucdn.com/mlcdn/c45406/181023_3fdfc6lek9712dcbl8lghi5hbje77_750x1000.png",
              "link": "https://h5.mogujie.com/brand-content/topic-normal.html?tagId=11c8m9by&acm=3.mce.1_19_1z1wgx0.127818..kLfbtr7WRVCzT.sd_130-gi_kLfbtr7WRVCzQ-cid_1059755318",
              "desc": "#双十一吹爆动物纹#  \n\n朋友圈摄影大赛吸赞无数 多亏了这对豹纹耳环\n\n🎁时髦的妹纸都知道，饰品也是分季节的。秋冬的耳环一定要有季节感。比如今年大热的动物纹元素。豹纹图案是首选，款式抢眼、还不挑人。绝对吸睛无数。\n\n💰优惠信息：\n豹纹耳环推荐70元封顶、每款都有优惠、最高直降50元。\n\n1.￥dQ7GbhpnxNw￥\n2.￥VMorbhpogrJ￥\n3.￥XYgbbhpMEZs￥\n4.￥vl20bhpotS4￥\n5.￥qL8ubhpMv6r￥\n6.￥OmHHbhpLe76￥\n7.￥yIlCbhpL5MM￥\n8.￥iV3obhpLbis￥\n9.￥vJeXbhpLJjT￥",
              "scanCount": 367546,
              "scanType": 1,
              "scanIcon": "https://s10.mogucdn.com/mlcdn/c45406/180810_0a02124e70hcl6hd13d597idalb7e_28x28.png",
              "isVideo": false
            }
          ],
          "rightIcon": "https://s10.mogucdn.com/mlcdn/c45406/181013_38d24e4aj49aedc20jcd055l6hj7c_150x45.png",
          "avatar": "https://s11.mogucdn.com/mlcdn/c45406/181025_1a3d7d52b707kj7acfecigkk2a9lg_225x225.png",
          "topicLogo": "https://s10.mogucdn.com/mlcdn/c45406/181011_4i5edci1hf80ejab9792ll9gf8bck_66x66.png",
          "title": "#双十一吹爆动物纹##90后的双十一：要够潮够拽够个性!#今年秋冬bi入的卫衣绒衫！！！！！\n\n好看炸裂的撞色拼接卫衣！\n\n首先面料是加绒的棉 触感很棒！同时保暖！\n\n重点是 领子和袖子都用了毛线面料去拼接！前面还有个性的字母印花啊\n\n领子翻起来折下去都很赞！\n\n2个颜色 都很好看！！！\n\n秋冬也要来点两眼点的颜色！人群中一眼就看到你！\n\n黑色敲百搭啊 蓝色的撞色领子也很抢眼特别\n\n卡其色有点复古 带点休闲的feel\n\n2色都是自留款 ！！！真的超好看的 不入会后悔的o\n\n简约系 日常百搭必备~",
          "topicName": "双十一吹爆动物纹",
          "avatarLink": "https://h5.mogujie.com/brand-content/topic-normal.html?tagId=11c8m9by&acm=3.mce.1_17_11c8m9by.127818..kLfbtr7WRVCzW.sd_130-gi_kLfbtr7WRVCzQ",
          "brandInfo": [
            {
              "brandName": "stradivarius",
              "brandLogo": "http://s11.mogucdn.com/mlcdn/0ffcd9/180724_471i807e00kblgke2fbjgiak54hlh_431x391.png",
              "link": "https://h5.mogujie.com/brand-content/brand-homepage.html?brandId=1aaf6e&acm=3.mce.1_5_1aaf6e.127818..kLfbtr7WRVCzV.sd_130-gi_kLfbtr7WRVCzQ",
              "brandId": "1aaf6e",
              "acm": "3.mce.1_5_1aaf6e.127818..kLfbtr7WRVCzV.sd_130-gi_kLfbtr7WRVCzQ",
              "countryOriginName": "西班牙",
              "publishNum": 208
            },
            {
              "brandName": "CONVERSE",
              "brandLogo": "http://s11.mogucdn.com/mlcdn/0ffcd9/180920_2ifaljedeaadiig521f2jeie128a4_136x136.png",
              "link": "https://h5.mogujie.com/brand-content/brand-homepage.html?brandId=1aafb8&acm=3.mce.1_5_1aafb8.127818..kLfbtr7WRVCzU.sd_130-gi_kLfbtr7WRVCzQ",
              "brandId": "1aafb8",
              "acm": "3.mce.1_5_1aafb8.127818..kLfbtr7WRVCzU.sd_130-gi_kLfbtr7WRVCzQ",
              "countryOriginName": "美国",
              "publishNum": 2638
            }
          ],
          "publishNum": 377,
          "lookTotal": 528,
          "publishUserCount": 232,
          "acm": "3.mce.1_17_11c8m9by.127818..kLfbtr7WRVCzW.sd_130-gi_kLfbtr7WRVCzQ",
          "showType": 1
     
    },
    {
      "modelType": "square_topic",
      "showName":"每日穿搭，你需要一个罂粟红水桶包！",
          "ctList": [
            {
              "userId": "1b66cxm",
              "contentId": "1z1xuoc",
              "bizType": 4,
              "acm": "3.mce.1_19_1z1xuoc.127818..kLfbtr7WRVCzY.sd_130-gi_kLfbtr7WRVCzX-cid_1059787562",
              "cover": "https://s11.mogucdn.com/mlcdn/c45406/181030_8f6babjag2157d38j1d9f4cd0d5f3_1080x1620.jpg",
              "showCover": "https://s11.mogucdn.com/mlcdn/c45406/181030_2h24700l5ii34i2i3h9ea3j2d4347_760x1267.jpg",
              "link": "https://h5.mogujie.com/brand-content/topic-normal.html?tagId=11c8md04&acm=3.mce.1_19_1z1xuoc.127818..kLfbtr7WRVCzY.sd_130-gi_kLfbtr7WRVCzX-cid_1059787562",
              "desc": "每日穿搭 | 今年秋冬，你需要一个罂粟红水桶包！\n\n水桶包的容量不容置疑，是所有包型里面最能装的！随身必备的东西都可以放进去～\n牛仔也是秋冬常客，搭配一条黑色吊带连体裤简约时髦。\n\n#正流行的罂粟红，你PICK了吗##11.11购齐秋冬流行色#",
              "scanCount": 56165,
              "scanType": 1,
              "scanIcon": "https://s10.mogucdn.com/mlcdn/c45406/180810_0a02124e70hcl6hd13d597idalb7e_28x28.png",
              "isVideo": false
            },
            {
              "userId": "1bh6q9g",
              "contentId": "1z1xk9k",
              "bizType": 4,
              "acm": "3.mce.1_19_1z1xk9k.127818..kLfbtr7WRVCzZ.sd_130-gi_kLfbtr7WRVCzX-cid_1059780816",
              "cover": "https://s11.mogucdn.com/mlcdn/c45406/181028_6j188jgdjk62871ahjk04heih3el4_1080x1645.jpg",
              "showCover": "https://s3.mogucdn.com/mlcdn/c45406/181028_698hd24ekeid12c05720b4jfjj47a_766x1279.jpg",
              "link": "https://h5.mogujie.com/brand-content/topic-normal.html?tagId=11c8md04&acm=3.mce.1_19_1z1xk9k.127818..kLfbtr7WRVCzZ.sd_130-gi_kLfbtr7WRVCzX-cid_1059780816",
              "desc": "宝石配色，秋冬穿搭。\n伪红绿灯配色，灯芯绒深红色外套搭配墨绿色毛衣和深姜黄百褶裙，色彩感超棒～\n包包选了和毛衣同色的墨绿色小包，靴子则选了与半裙同色的丝绒短靴。蛮复古感的一套LOOK。\n#11.11购齐秋冬流行色##我把ZARA穿的贵贵的##正流行的罂粟红，你PICK了吗#",
              "scanCount": 415667,
              "scanType": 1,
              "scanIcon": "https://s10.mogucdn.com/mlcdn/c45406/180810_0a02124e70hcl6hd13d597idalb7e_28x28.png",
              "isVideo": false
            },
            {
              "userId": "12tx36e",
              "contentId": "1z1xj1e",
              "bizType": 4,
              "acm": "3.mce.1_19_1z1xj1e.127818..kLfbtr7WRVCz0.sd_130-gi_kLfbtr7WRVCzX-cid_1059780021",
              "cover": "https://s5.mogucdn.com/mlcdn/c45406/181028_57ch28hfice399114e7ii3k7iibgh_1080x1594.jpg",
              "showCover": "https://s11.mogucdn.com/mlcdn/c45406/181028_541h12efa5f0fb2ei1li5ibe2819i_852x1420.jpg",
              "link": "https://h5.mogujie.com/brand-content/topic-normal.html?tagId=11c8md04&acm=3.mce.1_19_1z1xj1e.127818..kLfbtr7WRVCz0.sd_130-gi_kLfbtr7WRVCzX-cid_1059780021",
              "desc": "如何穿出牛仔酷美风|小个子超气场穿搭\n牛仔单品人人有，和女人味单品混搭更时髦吸睛。\n百年可以穿的廓形牛仔外套，\n内搭黑色吊带连衣裤，恰到好处的开叉，\n非常显腿长，搭配白色漆皮短靴，#我把ZARA穿的贵贵的#\n时髦摩登又气质，红色的鞋跟呼应纯色，\n金色饰品，加强搭配气势感！\n黑色logo腰包有巧妙提高腰线的作用，\n非常吸睛的细节十足的出街搭配！#冷淡or妩媚，都是女人味##精致细节在双十一中博出位##11.11购齐秋冬流行色##11.11联名款首发清单##11.11购齐秋冬流行色##可以穿到80岁的裙子##我为我校衣品代言##正流行的罂粟红，你PICK了吗##Layer it！叠穿最时尚##娘man平衡##90后的双十一：要够潮够拽够个性!##盘点双十一最佳“配角”#",
              "scanCount": 481800,
              "scanType": 1,
              "scanIcon": "https://s10.mogucdn.com/mlcdn/c45406/180810_0a02124e70hcl6hd13d597idalb7e_28x28.png",
              "isVideo": false
            }
          ],
          "rightIcon": "",
          "avatar": "https://s5.mogucdn.com/mlcdn/c45406/181029_2i9e0d4427chaakg3hbl7gbgj3jg2_225x225.jpg",
          "topicLogo": "https://s10.mogucdn.com/mlcdn/c45406/181011_4i5edci1hf80ejab9792ll9gf8bck_66x66.png",
          "title": "每日穿搭 | 今年秋冬，你需要一个罂粟红水桶包！\n\n水桶包的容量不容置疑，是所有包型里面最能装的！随身必备的东西都可以放进去～\n牛仔也是秋冬常客，搭配一条黑色吊带连体裤简约时髦。\n\n#正流行的罂粟红，你PICK了吗##11.11购齐秋冬流行色#",
          "topicName": "正流行的罂粟红，你PICK了吗",
          "avatarLink": "https://h5.mogujie.com/brand-content/topic-normal.html?tagId=11c8md04&acm=3.mce.1_17_11c8md04.127818..kLfbtr7WRVCz5.sd_130-gi_kLfbtr7WRVCzX",
          "brandInfo": [
            {
              "brandName": "H&M",
              "brandLogo": "http://s11.mogucdn.com/mlcdn/0ffcd9/180831_34lig093i41jdh2j9jlg7d99dd9a3_197x202.png",
              "link": "https://h5.mogujie.com/brand-content/brand-homepage.html?brandId=1aaf7g&acm=3.mce.1_5_1aaf7g.127818..kLfbtr7WRVCz1.sd_130-gi_kLfbtr7WRVCzX",
              "brandId": "1aaf7g",
              "acm": "3.mce.1_5_1aaf7g.127818..kLfbtr7WRVCz1.sd_130-gi_kLfbtr7WRVCzX",
              "countryOriginName": "瑞典",
              "publishNum": 3692
            },
            {
              "brandName": "ZARA",
              "brandLogo": "http://s11.mogucdn.com/mlcdn/0ffcd9/180831_6g8i64kacd028d5375e9a6d42df1h_289x280.png",
              "link": "https://h5.mogujie.com/brand-content/brand-homepage.html?brandId=1aaf88&acm=3.mce.1_5_1aaf88.127818..kLfbtr7WRVCz2.sd_130-gi_kLfbtr7WRVCzX",
              "brandId": "1aaf88",
              "acm": "3.mce.1_5_1aaf88.127818..kLfbtr7WRVCz2.sd_130-gi_kLfbtr7WRVCzX",
              "countryOriginName": "西班牙",
              "publishNum": 6000
            },
            {
              "brandName": "CELINE",
              "brandLogo": "http://s11.mogucdn.com/mlcdn/0ffcd9/180906_6dbfd524k4h5kej0fi6el3ici4b27_262x263.png",
              "link": "https://h5.mogujie.com/brand-content/brand-homepage.html?brandId=1aag0u&acm=3.mce.1_5_1aag0u.127818..kLfbtr7WRVCz3.sd_130-gi_kLfbtr7WRVCzX",
              "brandId": "1aag0u",
              "acm": "3.mce.1_5_1aag0u.127818..kLfbtr7WRVCz3.sd_130-gi_kLfbtr7WRVCzX",
              "countryOriginName": "法国",
              "publishNum": 660
            }
          ],
          "publishNum": 134,
          "lookTotal": 212,
          "publishUserCount": 149,
          "acm": "3.mce.1_17_11c8md04.127818..kLfbtr7WRVCz5.sd_130-gi_kLfbtr7WRVCzX",
          "showType": 1
    
    },
    {
      "modelType": "square_topic",
      "showName":"Ada日常是有点嬉皮风元素的休闲混搭LOOK",
          "ctList": [
            {
              "userId": "1gzpm",
              "contentId": "1z1xube",
              "bizType": 4,
              "acm": "3.mce.1_19_1z1xube.127818..kLfbtr7WRVCz7.sd_130-gi_kLfbtr7WRVCz6-cid_1059787329",
              "cover": "https://s11.mogucdn.com/mlcdn/c45406/181030_6gj1g8edl99bdedl69k4ekhbbg5bl_1080x1440.jpg",
              "showCover": "https://s11.mogucdn.com/mlcdn/c45406/181030_87i7cbi3l6dij21cicl73e72k8477_690x1153.jpg",
              "link": "https://h5.mogujie.com/brand-content/topic-normal.html?tagId=11c8m6q8&acm=3.mce.1_19_1z1xube.127818..kLfbtr7WRVCz7.sd_130-gi_kLfbtr7WRVCz6-cid_1059787329",
              "desc": "Ada日常|📷今日是有点嬉皮风元素的休闲混搭LOOK：在毛衫里穿了长款衬衣，配合毛边破洞牛仔裤和色彩斑斓针织的围巾，休闲随性。#精致细节在双十一中博出位##90后的双十一：要够潮够拽够个性!#\n衬衣：优衣库\n牛仔裤：zara\n鞋：vans\n以上，秋安。",
              "scanCount": 28614,
              "scanType": 1,
              "scanIcon": "https://s10.mogucdn.com/mlcdn/c45406/180810_0a02124e70hcl6hd13d597idalb7e_28x28.png",
              "isVideo": false
            },
            {
              "userId": "1ava0mk",
              "contentId": "1z1vfg6",
              "bizType": 4,
              "acm": "3.mce.1_19_1z1vfg6.127818..kLfbtr7WRVCz8.sd_130-gi_kLfbtr7WRVCz6-cid_1059731039",
              "cover": "https://s11.mogucdn.com/mlcdn/c45406/181024_250lj9cce409246c58d0g960fdd22_750x1000.png",
              "link": "https://h5.mogujie.com/brand-content/topic-normal.html?tagId=11c8m6q8&acm=3.mce.1_19_1z1vfg6.127818..kLfbtr7WRVCz8.sd_130-gi_kLfbtr7WRVCz6-cid_1059731039",
              "desc": "#精致细节在双十一中博出位#\n管他冬天还是夏天，露肩啥，想撩就撩！\n谁说天气冷了就不能露露露了呢！\n小露香肩，微微的性感。\n既要温度又要风度，\n还能妥妥的拿下男神！\n绝对是约会中的必杀技！\n淘口令在手，可以开始买买买啦！\n￥ZzW9b6fuKqV￥\n￥Yzfyb6U9frX￥\n￥YwM5b6UnVxE￥\n￥Pyw6b6UppL7￥\n￥EBHWb6Utfkv￥\n￥Wi50b6fs1Zv￥\n￥QoTNb6fssx3￥\n￥tZ0Ab6fGMYp￥\n￥1lavb6fscJh￥\n",
              "scanCount": 2799488,
              "scanType": 1,
              "scanIcon": "https://s10.mogucdn.com/mlcdn/c45406/180810_0a02124e70hcl6hd13d597idalb7e_28x28.png",
              "isVideo": false
            },
            {
              "userId": "1ltm8a",
              "contentId": "1z1x5gi",
              "bizType": 4,
              "acm": "3.mce.1_19_1z1x5gi.127818..kLfbtr7WRVCz9.sd_130-gi_kLfbtr7WRVCz6-cid_1059771221",
              "cover": "https://s11.mogucdn.com/mlcdn/c45406/181026_1l6368gde02231al68f716d7i3je8_1080x1621.jpg",
              "showCover": "https://s11.mogucdn.com/mlcdn/c45406/181026_71a94ghf1ad9ikigl0e49d654dc6f_848x1416.jpg",
              "link": "https://h5.mogujie.com/brand-content/topic-normal.html?tagId=11c8m6q8&acm=3.mce.1_19_1z1x5gi.127818..kLfbtr7WRVCz9.sd_130-gi_kLfbtr7WRVCz6-cid_1059771221",
              "desc": "#11.11购齐秋冬流行色##精致细节在双十一中博出位##我为我校衣品代言#只有复古学院风是我百穿不腻的\n\nHello大家好，这里是大鱼穿搭测评第367期，这一期和大家分享的是马甲穿搭。\n\n❤️身高体重163|43，给大家做个参考。\n\n❤️这套搭配是在华师的阳光码头拍哒，一个很文艺的文创街区哈哈，不过拍照真的很好看。\n内搭是一件米色的半高领毛衣，有弹力薄款，贴身穿还不错。\n外搭的是一件格子马甲，咖啡色真的很秋冬，而且又百搭，宽松款均码尺寸，小v领学院风很浓哦。\n波点半身裙也是均码，腰围有弹力，纯棉质量，推荐购入。\n\n❤️喜欢记得给我点赞留言哦！！",
              "scanCount": 70198,
              "scanType": 1,
              "scanIcon": "https://s10.mogucdn.com/mlcdn/c45406/180810_0a02124e70hcl6hd13d597idalb7e_28x28.png",
              "isVideo": false
            }
          ],
          "rightIcon": "https://s10.mogucdn.com/mlcdn/c45406/181013_38d24e4aj49aedc20jcd055l6hj7c_150x45.png",
          "avatar": "https://s5.mogucdn.com/mlcdn/c45406/181025_1db6048f9561hd55k5jg2g626kf3c_225x225.png",
          "topicLogo": "https://s10.mogucdn.com/mlcdn/c45406/181011_4i5edci1hf80ejab9792ll9gf8bck_66x66.png",
          "title": "Ada日常|📷今日是有点嬉皮风元素的休闲混搭LOOK：在毛衫里穿了长款衬衣，配合毛边破洞牛仔裤和色彩斑斓针织的围巾，休闲随性。#精致细节在双十一中博出位##90后的双十一：要够潮够拽够个性!#\n衬衣：优衣库\n牛仔裤：zara\n鞋：vans\n以上，秋安。",
          "topicName": "精致细节在双十一中博出位",
          "avatarLink": "https://h5.mogujie.com/brand-content/topic-normal.html?tagId=11c8m6q8&acm=3.mce.1_17_11c8m6q8.127818..kLfbtr7WRVCzd.sd_130-gi_kLfbtr7WRVCz6",
          "brandInfo": [
            {
              "brandName": "ZARA",
              "brandLogo": "http://s11.mogucdn.com/mlcdn/0ffcd9/180831_6g8i64kacd028d5375e9a6d42df1h_289x280.png",
              "link": "https://h5.mogujie.com/brand-content/brand-homepage.html?brandId=1aaf88&acm=3.mce.1_5_1aaf88.127818..kLfbtr7WRVCza.sd_130-gi_kLfbtr7WRVCz6",
              "brandId": "1aaf88",
              "acm": "3.mce.1_5_1aaf88.127818..kLfbtr7WRVCza.sd_130-gi_kLfbtr7WRVCz6",
              "countryOriginName": "西班牙",
              "publishNum": 6000
            },
            {
              "brandName": "VANS",
              "brandLogo": "http://s11.mogucdn.com/mlcdn/0ffcd9/180724_056a1gk1j42d47a4bhik7liae0ijl_364x327.png",
              "link": "https://h5.mogujie.com/brand-content/brand-homepage.html?brandId=1aaf78&acm=3.mce.1_5_1aaf78.127818..kLfbtr7WRVCzc.sd_130-gi_kLfbtr7WRVCz6",
              "brandId": "1aaf78",
              "acm": "3.mce.1_5_1aaf78.127818..kLfbtr7WRVCzc.sd_130-gi_kLfbtr7WRVCz6",
              "countryOriginName": "美国",
              "publishNum": 1213
            },
            {
              "brandName": "UNIQLO",
              "brandLogo": "http://s11.mogucdn.com/mlcdn/0ffcd9/180920_2fg382ebj1l93jdli5h8081k2ijbg_266x266.png",
              "link": "https://h5.mogujie.com/brand-content/brand-homepage.html?brandId=1aaf82&acm=3.mce.1_5_1aaf82.127818..kLfbtr7WRVCzb.sd_130-gi_kLfbtr7WRVCz6",
              "brandId": "1aaf82",
              "acm": "3.mce.1_5_1aaf82.127818..kLfbtr7WRVCzb.sd_130-gi_kLfbtr7WRVCz6",
              "countryOriginName": "日本",
              "publishNum": 2928
            }
          ],
          "publishNum": 1868,
          "lookTotal": 2443,
          "publishUserCount": 688,
          "acm": "3.mce.1_17_11c8m6q8.127818..kLfbtr7WRVCzd.sd_130-gi_kLfbtr7WRVCz6",
          "showType": 1
     
    },
    {
      "modelType": "square_topic",
      "showName":"90后养生老年团神秘本#凉风起",
          "ctList": [
            {
              "userId": "1251352",
              "contentId": "1z1wx54",
              "bizType": 4,
              "acm": "3.mce.1_19_1z1wx54.127818..kLfbtr7WRVCzf.sd_130-gi_kLfbtr7WRVCze-cid_1059765832",
              "cover": "https://s3.mogucdn.com/mlcdn/c45406/181025_2h2abj8k1jij4935751b51a7efihd_750x1000.jpg",
              "link": "https://h5.mogujie.com/brand-content/topic-normal.html?tagId=11c8m75y&acm=3.mce.1_19_1z1wx54.127818..kLfbtr7WRVCzf.sd_130-gi_kLfbtr7WRVCze-cid_1059765832",
              "desc": "#90后养生老年团神秘本#凉风起，要御寒也要美得“帽”尖儿!出门前不用手忙脚乱地洗头吹头，也不再担心头发在风中凌乱让自己秒变疯子，还能在轻松凹出个人风格和穿搭态度的同时守住暖意，这一切美好都始于一顶时髦好看的帽子。\n购买链接》\n均来自店铺：邪恶先生的帽子铺\nlook1：\n毛呢软檐报童帽\n￥enGibS3Upjz￥\nlook2：\n蝴蝶结水手帽\n￥0VNlbS3hR5U￥\nlook3：\n纯色毛线帽\n￥38pbbS3qz1A￥\nlook4：\n复古简约报童帽\n￥l4zUbS36c7T￥\nlook5：\n字母灯芯绒渔夫帽\n￥bohObS3Sszn￥\nlook6：\n日系格子八角帽\n￥QRZQbS3hfNc￥\nlook7：\n原宿蝴蝶呢贝雷帽\n￥3TFpbS36Zxk￥\nlook8：\n鹿角贴布毛线帽\n￥XLtTbS37PSc￥\n",
              "scanCount": 400565,
              "scanType": 1,
              "scanIcon": "https://s10.mogucdn.com/mlcdn/c45406/180810_0a02124e70hcl6hd13d597idalb7e_28x28.png",
              "isVideo": false
            },
            {
              "userId": "1b9ck40",
              "contentId": "1z1wwba",
              "bizType": 4,
              "acm": "3.mce.1_19_1z1wwba.127818..kLfbtr7WRVCzg.sd_130-gi_kLfbtr7WRVCze-cid_1059765295",
              "cover": "https://s11.mogucdn.com/mlcdn/c45406/181026_685032l2625ijjd6778j712fk28aj_750x1000.jpg",
              "link": "https://h5.mogujie.com/brand-content/topic-normal.html?tagId=11c8m75y&acm=3.mce.1_19_1z1wwba.127818..kLfbtr7WRVCzg.sd_130-gi_kLfbtr7WRVCze-cid_1059765295",
              "desc": "#90后养生老年团神秘本#\n\n我又胖了！家里三个电子秤统一的告诉我，你变胖了！\n看看前两天11点吃的宵夜，想想每天坐着，下午还喝一杯一点点！\n一点点没有错，错的是你居然以为喝无糖的奶茶就可以不变胖？\n所以这一期，我要推荐我减肥时期喝过好喝，重点是0卡的饮料！！\n\n\nLook 1：\n￥5PyPbSdFFnb￥\nlook2：\n￥Tw0FbSdFzU8￥\nlook3： \n￥0IMVbSdv87J￥\nlook4：\n￥Ii7cbSdvOjy￥\nlook5：\n￥tupAbSdE6mR￥\nlook6：\n￥GKuRbSdEzYt￥\nlook7：\n￥BRjcbSdEywj￥\nlook8：\n￥eRQQbSdw5qb￥",
              "scanCount": 245609,
              "scanType": 1,
              "scanIcon": "https://s10.mogucdn.com/mlcdn/c45406/180810_0a02124e70hcl6hd13d597idalb7e_28x28.png",
              "isVideo": false
            },
            {
              "userId": "11db11a",
              "contentId": "1z1w43s",
              "bizType": 4,
              "acm": "3.mce.1_19_1z1w43s.127818..kLfbtr7WRVCzh.sd_130-gi_kLfbtr7WRVCze-cid_1059747016",
              "cover": "https://s5.mogucdn.com/mlcdn/c45406/181025_4idf6fa7jcfe04l7gdk3fj7cda10i_750x1000.jpg",
              "link": "https://h5.mogujie.com/brand-content/topic-normal.html?tagId=11c8m75y&acm=3.mce.1_19_1z1w43s.127818..kLfbtr7WRVCzh.sd_130-gi_kLfbtr7WRVCze-cid_1059747016",
              "desc": "#90后养生老年团神秘本#\n最近降温厉害，阴晴不定的天气经常让人冷的措手不及，这种时候胖胖觉得有一件保暖的外套是hin重要的事情了！今天就给泥萌介绍9款外套，不但抗风保暖，还是凹造型的利器，重点是搭什么都好看，绝对能拯救你的选择障碍，不要太感谢我~\n\n🔗T口令戳下👇\n1⃣️€buLDbhZfiup€\n2⃣️€dnfjbhZUUXj€\n3⃣️€GONmbhZUZG2€\n4⃣️€jYd2bhZUQpE€\n5⃣️€VruBbhZUGRq€\n6⃣️€RyDZbhZ5uke€\n7⃣️€DZDpbhZ5T8m€\n8⃣️€PK0ZbhZ5zUN€\n9⃣️€NQtJbhZgS3n€",
              "scanCount": 525024,
              "scanType": 1,
              "scanIcon": "https://s10.mogucdn.com/mlcdn/c45406/180810_0a02124e70hcl6hd13d597idalb7e_28x28.png",
              "isVideo": false
            }
          ],
          "rightIcon": "https://s10.mogucdn.com/mlcdn/c45406/181013_38d24e4aj49aedc20jcd055l6hj7c_150x45.png",
          "avatar": "https://s11.mogucdn.com/mlcdn/c45406/181025_13h2fi46cj4h1gfg36j66a44456dl_225x225.jpg",
          "topicLogo": "https://s10.mogucdn.com/mlcdn/c45406/181011_4i5edci1hf80ejab9792ll9gf8bck_66x66.png",
          "title": "#90后养生老年团神秘本#凉风起，要御寒也要美得“帽”尖儿!出门前不用手忙脚乱地洗头吹头，也不再担心头发在风中凌乱让自己秒变疯子，还能在轻松凹出个人风格和穿搭态度的同时守住暖意，这一切美好都始于一顶时髦好看的帽子。\n购买链接》\n均来自店铺：邪恶先生的帽子铺\nlook1：\n毛呢软檐报童帽\n￥enGibS3Upjz￥\nlook2：\n蝴蝶结水手帽\n￥0VNlbS3hR5U￥\nlook3：\n纯色毛线帽\n￥38pbbS3qz1A￥\nlook4：\n复古简约报童帽\n￥l4zUbS36c7T￥\nlook5：\n字母灯芯绒渔夫帽\n￥bohObS3Sszn￥\nlook6：\n日系格子八角帽\n￥QRZQbS3hfNc￥\nlook7：\n原宿蝴蝶呢贝雷帽\n￥3TFpbS36Zxk￥\nlook8：\n鹿角贴布毛线帽\n￥XLtTbS37PSc￥\n",
          "topicName": "90后养生老年团神秘本",
          "avatarLink": "https://h5.mogujie.com/brand-content/topic-normal.html?tagId=11c8m75y&acm=3.mce.1_17_11c8m75y.127818..kLfbtr7WRVCzk.sd_130-gi_kLfbtr7WRVCze",
          "brandInfo": [
            {
              "brandName": "CHACHA STUDIO",
              "brandLogo": "http://s11.mogucdn.com/mlcdn/0ffcd9/180829_1e5lc9adhe0lh854jceb619laa8l7_468x468.png",
              "link": "https://h5.mogujie.com/brand-content/brand-homepage.html?brandId=1aagv0&acm=3.mce.1_5_1aagv0.127818..kLfbtr7WRVCzi.sd_130-gi_kLfbtr7WRVCze",
              "brandId": "1aagv0",
              "acm": "3.mce.1_5_1aagv0.127818..kLfbtr7WRVCzi.sd_130-gi_kLfbtr7WRVCze",
              "countryOriginName": "中国",
              "publishNum": 72
            },
            {
              "brandName": "DAMOSTUDIO",
              "brandLogo": "http://s11.mogucdn.com/mlcdn/0ffcd9/180828_28ddej43jkk63962535717ie1ji4k_369x369.png",
              "link": "https://h5.mogujie.com/brand-content/brand-homepage.html?brandId=1aagbm&acm=3.mce.1_5_1aagbm.127818..kLfbtr7WRVCzj.sd_130-gi_kLfbtr7WRVCze",
              "brandId": "1aagbm",
              "acm": "3.mce.1_5_1aagbm.127818..kLfbtr7WRVCzj.sd_130-gi_kLfbtr7WRVCze",
              "countryOriginName": "中国",
              "publishNum": 116
            }
          ],
          "publishNum": 662,
          "lookTotal": 890,
          "publishUserCount": 343,
          "acm": "3.mce.1_17_11c8m75y.127818..kLfbtr7WRVCzk.sd_130-gi_kLfbtr7WRVCze",
          "showType": 1
     
    },
    {
      "modelType": "square_topic",
      "showName":"11.11购齐秋冬流行色",
          "ctList": [
            {
              "userId": "1bdpsvw",
              "contentId": "1z1w82g",
              "bizType": 4,
              "acm": "3.mce.1_19_1z1w82g.127818..kLfbtr7WRVCzm.sd_130-gi_kLfbtr7WRVCzl-cid_1059749584",
              "cover": "https://s11.mogucdn.com/mlcdn/c45406/181024_09kk6gg5lf343de3a097g3l7j5ka8_750x1000.png",
              "link": "https://h5.mogujie.com/brand-content/topic-normal.html?tagId=11c8m686&acm=3.mce.1_19_1z1w82g.127818..kLfbtr7WRVCzm.sd_130-gi_kLfbtr7WRVCzl-cid_1059749584",
              "desc": "#11.11购齐秋冬流行色# \n【绿色美学| 鼠尾草绿单品也太好看了吧】\n鼠尾草原产于地中海沿岸，叶片上带有灰度的绿一直是北欧风的热门色系，它比墨绿更年轻，比橄榄绿更质感，鼠尾草绿自带温暖气息，适合任何肤色任何年龄，也是18秋冬热门流行色之一。\n（购买链接评论自取，复制打开TB即可）\n\n",
              "scanCount": 3425899,
              "scanType": 1,
              "scanIcon": "https://s10.mogucdn.com/mlcdn/c45406/180810_0a02124e70hcl6hd13d597idalb7e_28x28.png",
              "isVideo": false
            },
            {
              "userId": "17nzscw",
              "contentId": "1z1wdoq",
              "bizType": 4,
              "acm": "3.mce.1_19_1z1wdoq.127818..kLfbtr7WRVCAn.sd_130-gi_kLfbtr7WRVCzl-cid_1059753225",
              "cover": "https://s5.mogucdn.com/mlcdn/c45406/181023_563e37867i47b0ih5i2f4c6ebfl2k_750x1000.png",
              "link": "https://h5.mogujie.com/brand-content/topic-normal.html?tagId=11c8m686&acm=3.mce.1_19_1z1wdoq.127818..kLfbtr7WRVCAn.sd_130-gi_kLfbtr7WRVCzl-cid_1059753225",
              "desc": "#11.11购齐秋冬流行色#\n粉色大衣到底有多治愈寒冷的冬天，穿过的小仙女们都会懂~！看似梦幻般的色调，却完美融合了大女人的气场和小女生的温柔。今年秋冬流行的柔粉色，绝对算是气质款了！不管你的肤色是白是暗，穿上粉色大衣——减龄没说的！\n\n淘口令购买链接：\n小鹿要飞  粉色羊绒毛呢大衣 \n￥70Z8bho6zRf￥\n花妖 粉色格子双面呢大衣 \n￥eIeAbhohxG8￥\n乐町 加厚毛呢复古外套  \n￥L3udbho68u8￥\n梦依格 粉色毛呢小外套 \n￥kKa2bho6NWy￥\n榴莲家粉色毛呢大衣\n￥X6sjbho6fUO￥\n爱丽缇粉色毛呢外套\n￥q0kIbhoTdGX￥",
              "scanCount": 2915173,
              "scanType": 1,
              "scanIcon": "https://s10.mogucdn.com/mlcdn/c45406/180810_0a02124e70hcl6hd13d597idalb7e_28x28.png",
              "isVideo": false
            },
            {
              "userId": "11ej2wi",
              "contentId": "1z1x4wo",
              "bizType": 4,
              "acm": "3.mce.1_19_1z1x4wo.127818..kLfbtr7WRVCAo.sd_130-gi_kLfbtr7WRVCzl-cid_1059770864",
              "cover": "https://s11.mogucdn.com/mlcdn/c45406/181026_5ihkbei1ek894dlc85h3ij3jijc68_1080x1501.jpg",
              "showCover": "https://s11.mogucdn.com/mlcdn/c45406/181026_455d962igki48k84f2blc5319fdh5_810x1350.jpg",
              "link": "https://h5.mogujie.com/brand-content/topic-normal.html?tagId=11c8m686&acm=3.mce.1_19_1z1x4wo.127818..kLfbtr7WRVCAo.sd_130-gi_kLfbtr7WRVCzl-cid_1059770864",
              "desc": "毛衣今年流行这样的！#OOTD##11.11购齐秋冬流行色##精致细节在双十一中博出位##这个秋冬，选怀旧格纹就对了～#\n毛衣今年流行的和夏装一样都是在印花设计中带入现代元素啦，这个针织字母就看起来很洋气，配色也好看，穿着舒适又温暖，这家店铺推荐给大家，衣服的设计都很用心又精致，我搭配了简洁的怀旧格纹裤子和匡威高帮帆布鞋，蓝帽子和毛衣呼应，是不是很好看，快夸我～",
              "scanCount": 2932291,
              "scanType": 1,
              "scanIcon": "https://s10.mogucdn.com/mlcdn/c45406/180810_0a02124e70hcl6hd13d597idalb7e_28x28.png",
              "isVideo": false
            }
          ],
          "rightIcon": "https://s10.mogucdn.com/mlcdn/c45406/181013_38d24e4aj49aedc20jcd055l6hj7c_150x45.png",
          "avatar": "https://s11.mogucdn.com/mlcdn/c45406/181025_43945kafk559b3ljlgdg3l3i2lj5g_225x225.png",
          "topicLogo": "https://s10.mogucdn.com/mlcdn/c45406/181011_4i5edci1hf80ejab9792ll9gf8bck_66x66.png",
          "title": "#11.11购齐秋冬流行色# \n【绿色美学| 鼠尾草绿单品也太好看了吧】\n鼠尾草原产于地中海沿岸，叶片上带有灰度的绿一直是北欧风的热门色系，它比墨绿更年轻，比橄榄绿更质感，鼠尾草绿自带温暖气息，适合任何肤色任何年龄，也是18秋冬热门流行色之一。\n（购买链接评论自取，复制打开TB即可）\n\n",
          "topicName": "11.11购齐秋冬流行色",
          "avatarLink": "https://h5.mogujie.com/brand-content/topic-normal.html?tagId=11c8m686&acm=3.mce.1_17_11c8m686.127818..kLfbtr7WRVCAu.sd_130-gi_kLfbtr7WRVCzl",
          "brandInfo": [
            {
              "brandName": "COS",
              "brandLogo": "http://s3.mogucdn.com/mlcdn/0ffcd9/180831_74fb4h0fc2df795j558hc7i41dba5_286x285.png",
              "link": "https://h5.mogujie.com/brand-content/brand-homepage.html?brandId=1aafgc&acm=3.mce.1_5_1aafgc.127818..kLfbtr7WRVCAp.sd_130-gi_kLfbtr7WRVCzl",
              "brandId": "1aafgc",
              "acm": "3.mce.1_5_1aafgc.127818..kLfbtr7WRVCAp.sd_130-gi_kLfbtr7WRVCzl",
              "countryOriginName": "瑞典",
              "publishNum": 381
            },
            {
              "brandName": "LILY",
              "brandLogo": "http://s3.mogucdn.com/mlcdn/0ffcd9/180724_36f8edja8iiiec0j1e41d38774e71_115x116.png",
              "link": "https://h5.mogujie.com/brand-content/brand-homepage.html?brandId=1aafbs&acm=3.mce.1_5_1aafbs.127818..kLfbtr7WRVCAq.sd_130-gi_kLfbtr7WRVCzl",
              "brandId": "1aafbs",
              "acm": "3.mce.1_5_1aafbs.127818..kLfbtr7WRVCAq.sd_130-gi_kLfbtr7WRVCzl",
              "countryOriginName": "中国",
              "publishNum": 38
            },
            {
              "brandName": "小鹿要飞",
              "brandLogo": "http://s11.mogucdn.com/mlcdn/0ffcd9/180830_6h5j8hjjak88heihf99f37a274gfh_310x310.png",
              "link": "https://h5.mogujie.com/brand-content/brand-homepage.html?brandId=1aah0m&acm=3.mce.1_5_1aah0m.127818..kLfbtr7WRVCAr.sd_130-gi_kLfbtr7WRVCzl",
              "brandId": "1aah0m",
              "acm": "3.mce.1_5_1aah0m.127818..kLfbtr7WRVCAr.sd_130-gi_kLfbtr7WRVCzl",
              "countryOriginName": "中国",
              "publishNum": 14
            },
            {
              "brandName": "乐町",
              "brandLogo": "http://s11.mogucdn.com/mlcdn/0ffcd9/180724_0hf1026ghbh4873c0hld785gbcf68_116x115.png",
              "link": "https://h5.mogujie.com/brand-content/brand-homepage.html?brandId=1aafbw&acm=3.mce.1_5_1aafbw.127818..kLfbtr7WRVCAs.sd_130-gi_kLfbtr7WRVCzl",
              "brandId": "1aafbw",
              "acm": "3.mce.1_5_1aafbw.127818..kLfbtr7WRVCAs.sd_130-gi_kLfbtr7WRVCzl",
              "countryOriginName": "中国",
              "publishNum": 84
            },
            {
              "brandName": "CONVERSE",
              "brandLogo": "http://s11.mogucdn.com/mlcdn/0ffcd9/180920_2ifaljedeaadiig521f2jeie128a4_136x136.png",
              "link": "https://h5.mogujie.com/brand-content/brand-homepage.html?brandId=1aafb8&acm=3.mce.1_5_1aafb8.127818..kLfbtr7WRVCAt.sd_130-gi_kLfbtr7WRVCzl",
              "brandId": "1aafb8",
              "acm": "3.mce.1_5_1aafb8.127818..kLfbtr7WRVCAt.sd_130-gi_kLfbtr7WRVCzl",
              "countryOriginName": "美国",
              "publishNum": 2638
            }
          ],
          "publishNum": 2152,
          "lookTotal": 2710,
          "publishUserCount": 813,
          "acm": "3.mce.1_17_11c8m686.127818..kLfbtr7WRVCAu.sd_130-gi_kLfbtr7WRVCzl",
          "showType": 1
     
    },
    {
      "modelType": "square_topic",
      "showName":"毛衣是最容易玩下半身失踪的单品",
          "ctList": [
            {
              "userId": "1ar2iem",
              "contentId": "1z1xway",
              "bizType": 4,
              "acm": "3.mce.1_19_1z1xway.127818..kLfbtr7WRVCAw.sd_130-gi_kLfbtr7WRVCAv-cid_1059788617",
              "cover": "https://s11.mogucdn.com/mlcdn/c45406/181030_655jaac38a25bac3fif08ji141a60_1080x1438.jpg",
              "showCover": "https://s5.mogucdn.com/mlcdn/c45406/181030_6h18e0fcifilb881kb1ih7gj3d705_764x1276.jpg",
              "link": "https://h5.mogujie.com/brand-content/topic-normal.html?tagId=11c8mcyo&acm=3.mce.1_19_1z1xway.127818..kLfbtr7WRVCAw.sd_130-gi_kLfbtr7WRVCAv-cid_1059788617",
              "desc": "毛衣是最容易玩下半身失踪的单品\n所以话不多说！请欣赏毛衣下露腿和不露腿的两个look哈哈～\n#“下半身失踪”玩法，拿走不谢##精致细节在双十一中博出位##90后的双十一：要够潮够拽够个性!##ootd#",
              "scanCount": 1509,
              "scanType": 1,
              "scanIcon": "https://s10.mogucdn.com/mlcdn/c45406/180810_0a02124e70hcl6hd13d597idalb7e_28x28.png",
              "isVideo": false
            },
            {
              "userId": "1b7qhb0",
              "contentId": "1z1xwey",
              "bizType": 4,
              "acm": "3.mce.1_19_1z1xwey.127818..kLfbtr7WRVCAx.sd_130-gi_kLfbtr7WRVCAv-cid_1059788689",
              "cover": "https://s5.mogucdn.com/mlcdn/c45406/181030_7f2lh969ldl7h0l70kb4b19671dlg_1080x1440.jpg",
              "link": "https://h5.mogujie.com/brand-content/topic-normal.html?tagId=11c8mcyo&acm=3.mce.1_19_1z1xwey.127818..kLfbtr7WRVCAx.sd_130-gi_kLfbtr7WRVCAv-cid_1059788689",
              "desc": "#“下半身失踪”玩法，拿走不谢#\n\n秋季必备不可少的时髦卫衣\n遮住你的小肉肉\n配任何短裤短裙\n都能让你大玩下半身消失法～\n其实就是显瘦又时髦的穿搭大法～",
              "scanCount": 1501,
              "scanType": 1,
              "scanIcon": "https://s10.mogucdn.com/mlcdn/c45406/180810_0a02124e70hcl6hd13d597idalb7e_28x28.png",
              "isVideo": false
            },
            {
              "userId": "16hrt3w",
              "contentId": "1z1xvr6",
              "bizType": 4,
              "acm": "3.mce.1_19_1z1xvr6.127818..kLfbtr7WRVCAy.sd_130-gi_kLfbtr7WRVCAv-cid_1059788261",
              "cover": "https://s5.mogucdn.com/mlcdn/c45406/181030_6460kjb136f1b8gbi05lcjc8db6ki_1080x1510.jpg",
              "showCover": "https://s11.mogucdn.com/mlcdn/c45406/181030_74c88e715k10dkhljbd9533e1lj2g_726x1210.jpg",
              "link": "https://h5.mogujie.com/brand-content/topic-normal.html?tagId=11c8mcyo&acm=3.mce.1_19_1z1xvr6.127818..kLfbtr7WRVCAy.sd_130-gi_kLfbtr7WRVCAv-cid_1059788261",
              "desc": "今天也是撞色小姐姐。\n粉蓝色撞色超好看了！是sensitive家的卫衣，oversize的版型真是爱不释手\n#“下半身失踪”玩法，拿走不谢#\n下身失踪显腿长，快来pink一下~",
              "scanCount": 3649,
              "scanType": 1,
              "scanIcon": "https://s10.mogucdn.com/mlcdn/c45406/180810_0a02124e70hcl6hd13d597idalb7e_28x28.png",
              "isVideo": false
            }
          ],
          "rightIcon": "",
          "avatar": "https://s11.mogucdn.com/mlcdn/c45406/181026_30l94c8bjgdh5a8323ij2b9ibia7c_225x225.jpg",
          "topicLogo": "https://s10.mogucdn.com/mlcdn/c45406/181011_4i5edci1hf80ejab9792ll9gf8bck_66x66.png",
          "title": "毛衣是最容易玩下半身失踪的单品\n所以话不多说！请欣赏毛衣下露腿和不露腿的两个look哈哈～\n#“下半身失踪”玩法，拿走不谢##精致细节在双十一中博出位##90后的双十一：要够潮够拽够个性!##ootd#",
          "topicName": "“下半身失踪”玩法，拿走不谢",
          "avatarLink": "https://h5.mogujie.com/brand-content/topic-normal.html?tagId=11c8mcyo&acm=3.mce.1_17_11c8mcyo.127818..kLfbtr7WRVCAE.sd_130-gi_kLfbtr7WRVCAv",
          "brandInfo": [
            {
              "brandName": "Stella McCartney",
              "brandLogo": "http://s11.mogucdn.com/mlcdn/0ffcd9/180828_7f2hddkkl345i848lk40b3b2848a0_255x255.png",
              "link": "https://h5.mogujie.com/brand-content/brand-homepage.html?brandId=1aag9e&acm=3.mce.1_5_1aag9e.127818..kLfbtr7WRVCAz.sd_130-gi_kLfbtr7WRVCAv",
              "brandId": "1aag9e",
              "acm": "3.mce.1_5_1aag9e.127818..kLfbtr7WRVCAz.sd_130-gi_kLfbtr7WRVCAv",
              "countryOriginName": "英国",
              "publishNum": 30
            },
            {
              "brandName": "sensitive",
              "brandLogo": "http://s11.mogucdn.com/mlcdn/0ffcd9/181018_3ge8kb368k678i5i23l4lc4aj54f2_347x347.png",
              "link": "https://h5.mogujie.com/brand-content/brand-homepage.html?brandId=1aahzc&acm=3.mce.1_5_1aahzc.127818..kLfbtr7WRVCAD.sd_130-gi_kLfbtr7WRVCAv",
              "brandId": "1aahzc",
              "acm": "3.mce.1_5_1aahzc.127818..kLfbtr7WRVCAD.sd_130-gi_kLfbtr7WRVCAv",
              "countryOriginName": "中国",
              "publishNum": 17
            },
            {
              "brandName": "ZARA",
              "brandLogo": "http://s11.mogucdn.com/mlcdn/0ffcd9/180831_6g8i64kacd028d5375e9a6d42df1h_289x280.png",
              "link": "https://h5.mogujie.com/brand-content/brand-homepage.html?brandId=1aaf88&acm=3.mce.1_5_1aaf88.127818..kLfbtr7WRVCAB.sd_130-gi_kLfbtr7WRVCAv",
              "brandId": "1aaf88",
              "acm": "3.mce.1_5_1aaf88.127818..kLfbtr7WRVCAB.sd_130-gi_kLfbtr7WRVCAv",
              "countryOriginName": "西班牙",
              "publishNum": 6000
            },
            {
              "brandName": "ICY",
              "brandLogo": "http://s11.mogucdn.com/mlcdn/0ffcd9/180724_40808a33a0hlbg8g70dd9809a4f4d_125x98.png",
              "link": "https://h5.mogujie.com/brand-content/brand-homepage.html?brandId=1aafb2&acm=3.mce.1_5_1aafb2.127818..kLfbtr7WRVCAA.sd_130-gi_kLfbtr7WRVCAv",
              "brandId": "1aafb2",
              "acm": "3.mce.1_5_1aafb2.127818..kLfbtr7WRVCAA.sd_130-gi_kLfbtr7WRVCAv",
              "countryOriginName": "中国",
              "publishNum": 1484
            },
            {
              "brandName": "CHANEL",
              "brandLogo": "http://s3.mogucdn.com/mlcdn/0ffcd9/180917_18ei335aj37k8hgi886cjjd6bi8fa_232x231.png",
              "link": "https://h5.mogujie.com/brand-content/brand-homepage.html?brandId=1aah3e&acm=3.mce.1_5_1aah3e.127818..kLfbtr7WRVCAC.sd_130-gi_kLfbtr7WRVCAv",
              "brandId": "1aah3e",
              "acm": "3.mce.1_5_1aah3e.127818..kLfbtr7WRVCAC.sd_130-gi_kLfbtr7WRVCAv",
              "countryOriginName": "法国",
              "publishNum": 589
            }
          ],
          "publishNum": 265,
          "lookTotal": 398,
          "publishUserCount": 245,
          "acm": "3.mce.1_17_11c8mcyo.127818..kLfbtr7WRVCAE.sd_130-gi_kLfbtr7WRVCAv",
          "showType": 1
     
    },
    {
      "modelType": "square_topic",
      "showName":"冷淡or妩媚，都是女人味",
          "ctList": [
            {
              "userId": "1b7ceeo",
              "contentId": "1z1xw8u",
              "bizType": 4,
              "acm": "3.mce.1_19_1z1xw8u.127818..kLfbtr7WRVCAG.sd_130-gi_kLfbtr7WRVCAF-cid_1059788579",
              "cover": "https://s5.mogucdn.com/mlcdn/c45406/181030_832cdk1140g56gl3d1260a82ca111_1080x1620.jpg",
              "link": "https://h5.mogujie.com/brand-content/topic-normal.html?tagId=11c8mdbm&acm=3.mce.1_19_1z1xw8u.127818..kLfbtr7WRVCAG.sd_130-gi_kLfbtr7WRVCAF-cid_1059788579",
              "desc": "#冷淡or妩媚，都是女人味#\n身高162 体重92 尺码均码\n\n蓝色针织衫\n浅杏色西裤\n简单却配色非常耐看\n温婉大气",
              "scanCount": 4174,
              "scanType": 1,
              "scanIcon": "https://s10.mogucdn.com/mlcdn/c45406/180810_0a02124e70hcl6hd13d597idalb7e_28x28.png",
              "isVideo": false
            },
            {
              "userId": "1b77fli",
              "contentId": "1z1xuu6",
              "bizType": 4,
              "acm": "3.mce.1_19_1z1xuu6.127818..kLfbtr7WRVCAH.sd_130-gi_kLfbtr7WRVCAF-cid_1059787667",
              "cover": "https://s3.mogucdn.com/mlcdn/c45406/181030_38eef2j7ej0dj529l4if2cl5edacf_1244x1691.jpg",
              "link": "https://h5.mogujie.com/brand-content/topic-normal.html?tagId=11c8mdbm&acm=3.mce.1_19_1z1xuu6.127818..kLfbtr7WRVCAH.sd_130-gi_kLfbtr7WRVCAF-cid_1059787667",
              "desc": "#我为我校衣品代言##这个“拉腿神裤”请小姐姐查收#这样穿，秋冬也能拥有小鸟腿🖤\n\n▪️Ruki又来更新穿搭啦哈哈🌟\nblingbling内搭是打折捡漏的，ICY白色开衫外套别看她薄，其实很保暖，而且袖子侧边都是开扣设计，小小的特别~\n🔺如果冬天不运动也想拥有大长瘦腿怎么办❓❗️尝试下黑色打底袜和深色高腰短裙的搭配吧，最好打底袜有一定的瘦腿功效~相信我，视觉效果瘦到爆💥\n#精致细节在双十一中博出位##冷淡or妩媚，都是女人味#",
              "scanCount": 19833,
              "scanType": 1,
              "scanIcon": "https://s10.mogucdn.com/mlcdn/c45406/180810_0a02124e70hcl6hd13d597idalb7e_28x28.png",
              "isVideo": false
            },
            {
              "userId": "1bh2zhc",
              "contentId": "1z1xui4",
              "bizType": 4,
              "acm": "3.mce.1_19_1z1xui4.127818..kLfbtr7WRVCAI.sd_130-gi_kLfbtr7WRVCAF-cid_1059787450",
              "cover": "https://s11.mogucdn.com/mlcdn/c45406/181030_5je8fa3829ebl464951a494ieh8ll_1080x1643.jpg",
              "showCover": "https://s11.mogucdn.com/mlcdn/c45406/181030_837e3270gbl1hc0j03cge1fkll113_747x1244.jpg",
              "link": "https://h5.mogujie.com/brand-content/topic-normal.html?tagId=11c8mdbm&acm=3.mce.1_19_1z1xui4.127818..kLfbtr7WRVCAI.sd_130-gi_kLfbtr7WRVCAF-cid_1059787450",
              "desc": "zARA试衣间这套让前男友后悔不迭!\n#90后的双十一：要够潮够拽够个性!##精致细节在双十一中博出位##冷淡or妩媚，都是女人味#\n秋天照样可以穿吊带裙,要长款,要黑色,要开叉,若隐若现,单穿太隆重,再说也冷啊!加上一件休闲短款灯芯绒夹克,轻松拥有好比例,休闲中透着性感,一块小丝巾还很优雅呢!\n外套货号:6929212704\n连衣裙货号:0387168800\n丝巾货号:4758205",
              "scanCount": 9603,
              "scanType": 1,
              "scanIcon": "https://s10.mogucdn.com/mlcdn/c45406/180810_0a02124e70hcl6hd13d597idalb7e_28x28.png",
              "isVideo": false
            }
          ],
          "rightIcon": "",
          "avatar": "https://s3.mogucdn.com/mlcdn/c45406/181026_8109971cd6cj88kheikcld0jh207e_225x225.jpg",
          "topicLogo": "https://s10.mogucdn.com/mlcdn/c45406/181011_4i5edci1hf80ejab9792ll9gf8bck_66x66.png",
          "title": "#冷淡or妩媚，都是女人味#\n身高162 体重92 尺码均码\n\n蓝色针织衫\n浅杏色西裤\n简单却配色非常耐看\n温婉大气",
          "topicName": "冷淡or妩媚，都是女人味",
          "avatarLink": "https://h5.mogujie.com/brand-content/topic-normal.html?tagId=11c8mdbm&acm=3.mce.1_17_11c8mdbm.127818..kLfbtr7WRVCAO.sd_130-gi_kLfbtr7WRVCAF",
          "brandInfo": [
            {
              "brandName": "BIGKING 大金家",
              "brandLogo": "http://s11.mogucdn.com/mlcdn/0ffcd9/180827_4c0f770jdj5lf1ik3gf91bii102i4_255x255.png",
              "link": "https://h5.mogujie.com/brand-content/brand-homepage.html?brandId=1aafva&acm=3.mce.1_5_1aafva.127818..kLfbtr7WRVCAJ.sd_130-gi_kLfbtr7WRVCAF",
              "brandId": "1aafva",
              "acm": "3.mce.1_5_1aafva.127818..kLfbtr7WRVCAJ.sd_130-gi_kLfbtr7WRVCAF",
              "countryOriginName": "中国",
              "publishNum": 61
            },
            {
              "brandName": "ZARA",
              "brandLogo": "http://s11.mogucdn.com/mlcdn/0ffcd9/180831_6g8i64kacd028d5375e9a6d42df1h_289x280.png",
              "link": "https://h5.mogujie.com/brand-content/brand-homepage.html?brandId=1aaf88&acm=3.mce.1_5_1aaf88.127818..kLfbtr7WRVCAM.sd_130-gi_kLfbtr7WRVCAF",
              "brandId": "1aaf88",
              "acm": "3.mce.1_5_1aaf88.127818..kLfbtr7WRVCAM.sd_130-gi_kLfbtr7WRVCAF",
              "countryOriginName": "西班牙",
              "publishNum": 6000
            },
            {
              "brandName": "ICY",
              "brandLogo": "http://s11.mogucdn.com/mlcdn/0ffcd9/180724_40808a33a0hlbg8g70dd9809a4f4d_125x98.png",
              "link": "https://h5.mogujie.com/brand-content/brand-homepage.html?brandId=1aafb2&acm=3.mce.1_5_1aafb2.127818..kLfbtr7WRVCAK.sd_130-gi_kLfbtr7WRVCAF",
              "brandId": "1aafb2",
              "acm": "3.mce.1_5_1aafb2.127818..kLfbtr7WRVCAK.sd_130-gi_kLfbtr7WRVCAF",
              "countryOriginName": "中国",
              "publishNum": 1484
            },
            {
              "brandName": "forever 21",
              "brandLogo": "http://s11.mogucdn.com/mlcdn/0ffcd9/180920_0le7dc2gk6b01ai5lfg4h1ika29cd_305x304.png",
              "link": "https://h5.mogujie.com/brand-content/brand-homepage.html?brandId=1aafai&acm=3.mce.1_5_1aafai.127818..kLfbtr7WRVCAL.sd_130-gi_kLfbtr7WRVCAF",
              "brandId": "1aafai",
              "acm": "3.mce.1_5_1aafai.127818..kLfbtr7WRVCAL.sd_130-gi_kLfbtr7WRVCAF",
              "countryOriginName": "美国",
              "publishNum": 437
            }
          ],
          "publishNum": 808,
          "lookTotal": 1147,
          "publishUserCount": 404,
          "acm": "3.mce.1_17_11c8mdbm.127818..kLfbtr7WRVCAO.sd_130-gi_kLfbtr7WRVCAF",
          "showType": 1
    }
  ],
  "isEnd": false,
  "nextPage": 2
}