{
  "120293": {
    "list": [
      {
        "cKey": "fmUfuq",
        "fcid": 50252,
        "link": "//m.mogujie.com/wall/book/clothing?fcid=50252&title=气质毛呢&tabType=collocation&acm=3.mce.1_10_1jrfy.120293.0.5fV4dr7ykmZ8F.pos_0-m_460987-sd_119",
        "acm": "3.mce.1_10_1jrfy.120293.0.5fV4dr7ykmZ8F.pos_0-m_460987-sd_119",
        "title": "气质毛呢"
      },
      {
        "cKey": "fmUfuq",
        "fcid": 50262,
        "link": "//m.mogujie.com/wall/book/clothing?fcid=50262&title=温暖棉服&tabType=collocation&acm=3.mce.1_10_1jrg0.120293.0.5fV4dr7ykmZ8G.pos_1-m_460988-sd_119",
        "acm": "3.mce.1_10_1jrg0.120293.0.5fV4dr7ykmZ8G.pos_1-m_460988-sd_119",
        "title": "温暖棉服"
      },
      {
        "cKey": "fmUfuq",
        "fcid": 50243,
        "link": "//m.mogujie.com/wall/book/clothing?fcid=50243&title=%E6%97%B6%E5%B0%9A%E5%A5%97%E8%A3%85&tabType=collocation&acm=3.mce.1_10_1jlvi.120293.0.5fV4dr7ykmZ8H.pos_2-m_457379-sd_119",
        "acm": "3.mce.1_10_1jlvi.120293.0.5fV4dr7ykmZ8H.pos_2-m_457379-sd_119",
        "title": "时髦套装"
      },
      {
        "cKey": "fmUfuq",
        "fcid": 50253,
        "link": "//m.mogujie.com/wall/book/clothing?fcid=50253&title=甜美毛衣&tabType=collocation&acm=3.mce.1_10_1jlva.120293.0.5fV4dr7ykmZ8I.pos_3-m_457375-sd_119",
        "acm": "3.mce.1_10_1jlva.120293.0.5fV4dr7ykmZ8I.pos_3-m_457375-sd_119",
        "title": "甜美毛衣"
      },
      {
        "cKey": "fmUfuq",
        "fcid": 50273,
        "link": "//m.mogujie.com/wall/book/clothing?fcid=50273&title=百搭卫衣&tabType=collocation&acm=3.mce.1_10_1jmai.120293.0.5fV4dr7ykmZ8J.pos_4-m_457649-sd_119",
        "acm": "3.mce.1_10_1jmai.120293.0.5fV4dr7ykmZ8J.pos_4-m_457649-sd_119",
        "title": "百搭卫衣"
      },
      {
        "cKey": "fmUfuq",
        "fcid": 50047,
        "link": "//m.mogujie.com/wall/book/clothing?fcid=50047&title=半身裙&tabType=collocation&acm=3.mce.1_10_1jlzg.120293.0.5fV4dr7ykmZ8K.pos_5-m_457450-sd_119",
        "acm": "3.mce.1_10_1jlzg.120293.0.5fV4dr7ykmZ8K.pos_5-m_457450-sd_119",
        "title": "半身裙"
      },
      {
        "cKey": "fmUfuq",
        "fcid": 50207,
        "link": "//m.mogujie.com/wall/book/clothing?fcid=50207&title=秋冬阔腿裤&tabType=collocation&acm=3.mce.1_10_1jnu4.120293.0.5fV4dr7ykmZ8L.pos_6-m_458650-sd_119",
        "acm": "3.mce.1_10_1jnu4.120293.0.5fV4dr7ykmZ8L.pos_6-m_458650-sd_119",
        "title": "秋冬阔腿裤"
      }
    ],
    "isEnd": true,
    "nextPage": 1,
    "context": {
      "currentTime": 1540526540
    }
  },
  "122995": {
    "list": [
      {
        "image": "https://s5.mogucdn.com/mlcdn/1689c6/180815_581eg9b5kej7bhk9ii5h27k00ld9b_210x280.png",
        "backgroundImage": "https://s10.mogucdn.com/mlcdn/c45406/180918_4fab0c58k47f54395gb7didb5b6ib_165x165.png",
        "tagTitle": "￥49",
        "link": "//qiang.mogujie.com/fastbuy/indexh5?topId=1m2hzk&topType=2&eventTime=1540526400&acm=3.mce.0_4_1lmgfho.122995.0-68824-68974.tPlDsr7ykmZ9x.sd_119_122_117-nbt_17-t_-oc_9-pos_0-mc_122996-kq_18534060-kqRId_129",
        "countdown": 3460,
        "acm": "3.mce.0_4_1lmgfho.122995.0-68824-68974.tPlDsr7ykmZ9x.sd_119_122_117-nbt_17-t_-oc_9-pos_0-mc_122996-kq_18534060-kqRId_129",
        "title": "限时快抢",
        "categoryId": "",
        "timestamp": 1540530000
      },
      {
        "image": "",
        "backgroundImage": "https://s10.mogucdn.com/mlcdn/c45406/181018_5ilhialjik7aa89klj5i12i928hd0_165x165.jpg",
        "fcid": "",
        "cornerMark": "",
        "link": "//act.mogujie.com/rxbd1015?acm=3.mce.1_10_1jotm.122995.0.5fV4dr7ykmZjL.sd_119-pos_1-m_459289-mc_122993",
        "acm": "3.mce.1_10_1jotm.122995.0.5fV4dr7ykmZjL.sd_119-pos_1-m_459289-mc_122993",
        "sort": 1,
        "title": "热销榜单",
        "categoryId": 704
      },
      {
        "image": "",
        "backgroundImage": "https://s10.mogucdn.com/mlcdn/c45406/180918_57alkhb6252668g0de89718e38l3f_165x165.png",
        "fcid": "",
        "cornerMark": "",
        "link": "//act.mogujie.com/xinpinzhekou1010?acm=3.mce.1_10_1jkoc.122995.0.5fV4dr7ykmZjM.sd_119-pos_2-m_456602-mc_122997",
        "acm": "3.mce.1_10_1jkoc.122995.0.5fV4dr7ykmZjM.sd_119-pos_2-m_456602-mc_122997",
        "sort": 1,
        "title": "超级福利",
        "categoryId": ""
      },
      {
        "image": "",
        "backgroundImage": "https://s10.mogucdn.com/mlcdn/c45406/181024_4jgggd27l0575fhil233li7l2fkfj_165x165.png",
        "fcid": "",
        "cornerMark": "",
        "link": "//act.mogujie.com/kqhuodong/xinpinnew?acm=3.mce.1_10_1jrxa.122995.0-78699.hx4gCr7ykmZ7A.sd_119_115-mid_122998-pos_3-m_461299-mc_122998-lc_201",
        "acm": "3.mce.1_10_1jrxa.122995.0-78699.hx4gCr7ykmZ7A.sd_119_115-mid_122998-pos_3-m_461299-mc_122998-lc_201",
        "sort": 1,
        "title": "新品发现",
        "categoryId": ""
      }
    ],
    "isEnd": true,
    "nextPage": 1,
    "context": {
      "currentTime": 1540526540
    }
  },
  "123000": {
    "list": [
      {
        "modelType": "app_1xn_theme_banner",
        "list": [
          {
            "image": "https://s10.mogucdn.com/mlcdn/c45406/181016_1f89ebl0j9i15132kgc0499h1dlkl_750x200.jpg",
            "subtitle": "解锁初冬单品穿搭LOOK→",
            "link": "//act.mogujie.com/scmrjxzt?acm=3.mce.1_10_1jnmw.123001.0.5fV4dr7ykmZ8E.pos_0-m_458520-sd_119",
            "acm": "3.mce.1_10_1jnmw.123001.0.5fV4dr7ykmZ8E.pos_0-m_458520-sd_119",
            "title": "热门精选"
          }
        ]
      },
      {
        "modelType": "app_1xn_theme",
        "list": [
          {
            "image": "https://s10.mogucdn.com/mlcdn/c45406/181016_3jfjfj833eil15lkj0ijjgld3hheg_226x302.jpg",
            "subtitle": "外穿内搭人手一件",
            "link": "//act.mogujie.com/my2?acm=3.mce.1_10_1jnn6.123002.0.5fV4dr7ykmZ96.pos_5-m_458525-sd_119",
            "acm": "3.mce.1_10_1jnn6.123002.0.5fV4dr7ykmZ96.pos_5-m_458525-sd_119",
            "title": "毛衣种草单"
          },
          {
            "image": "https://s10.mogucdn.com/mlcdn/c45406/181016_15763gbgc52cjc1j25d84hh0k7e90_226x302.jpg",
            "subtitle": "水嫩小仙女的秘密",
            "link": "//act.mogujie.com/strzc?acm=3.mce.1_10_1jnx4.123002.0.5fV4dr7ykmZ99.pos_8-m_458704-sd_119",
            "acm": "3.mce.1_10_1jnx4.123002.0.5fV4dr7ykmZ99.pos_8-m_458704-sd_119",
            "title": "种草身体乳"
          },
          {
            "image": "https://s10.mogucdn.com/mlcdn/c45406/181016_221he01c3hef55g1el46kc1b3fgg6_226x302.jpg",
            "subtitle": "瞬间营造九头身比例",
            "link": "//act.mogujie.com/mdx?acm=3.mce.1_10_1jno2.123002.0.5fV4dr7ykmZ9b.pos_10-m_458541-sd_119",
            "acm": "3.mce.1_10_1jno2.123002.0.5fV4dr7ykmZ9b.pos_10-m_458541-sd_119",
            "title": "爆款马丁靴"
          },
          {
            "image": "https://s10.mogucdn.com/mlcdn/c45406/181023_8780g60cd67hdif96eecc40k35lhc_226x302.jpg",
            "subtitle": "彰显你的冬日品位",
            "link": "//act.mogujie.com/mn1?acm=3.mce.1_10_1jreg.123002.0.5fV4dr7ykmZ92.pos_1-m_460960-sd_119",
            "acm": "3.mce.1_10_1jreg.123002.0.5fV4dr7ykmZ92.pos_1-m_460960-sd_119",
            "title": "毛呢大衣の解锁"
          },
          {
            "image": "https://s10.mogucdn.com/mlcdn/c45406/181017_1faf5a727l73704k0cfd3jae4i7a1_226x302.jpg",
            "subtitle": "甜美可人 轻松斩男",
            "link": "//act.mogujie.com/zhuanti1016?acm=3.mce.1_10_1joji.123002.0.5fV4dr7ykmZ95.pos_4-m_459107-sd_119",
            "acm": "3.mce.1_10_1joji.123002.0.5fV4dr7ykmZ95.pos_4-m_459107-sd_119",
            "title": "甜美配饰任你选"
          },
          {
            "image": "https://s10.mogucdn.com/mlcdn/c45406/181022_48825ei6kl6c9jcgil3b4fdg9l48j_226x302.jpg",
            "subtitle": "回头率100%",
            "link": "//act.mogujie.com/whtk1?acm=3.mce.1_10_1jqaq.123002.0.5fV4dr7ykmZ98.pos_7-m_460245-sd_119",
            "acm": "3.mce.1_10_1jqaq.123002.0.5fV4dr7ykmZ98.pos_7-m_460245-sd_119",
            "title": "网红穿搭大公开"
          }
        ]
      }
    ],
    "isEnd": true,
    "nextPage": 1,
    "context": {
      "currentTime": 1540526540
    }
  },
  "123003": {
    "list": [
      {
        "image": "https://s10.mogucdn.com/mlcdn/c45406/181015_171hhjgahgfjc63eheeb9906e37bf_160x120.png",
        "link": "//m.mogujie.com/wall/book/clothing?fcid=10055242&title=%E5%85%A5%E7%A7%8B%E5%A5%97%E8%A3%85&acm=3.mce.1_10_1jnhi.123003.0-85269.0SM7Xr7ykmZ6r.sd_119_115-mid_123003-pos_0-m_458423-lc_201",
        "acm": "3.mce.1_10_1jnhi.123003.0-85269.0SM7Xr7ykmZ6r.sd_119_115-mid_123003-pos_0-m_458423-lc_201",
        "sort": 1,
        "title": "秋冬套装",
        "pc_link": "//list.mogujie.com/book/clothing/10055242",
        "fcid": 10055242
      },
      {
        "image": "https://s10.mogucdn.com/mlcdn/c45406/181015_1j3l9245a2496k3chf2g9af55d7cd_160x120.png",
        "link": "//m.mogujie.com/wall/book/clothing?fcid=20003604&title=%E6%AF%9B%E8%A1%A3%E6%90%AD%E9%85%8D&acm=3.mce.1_10_1jngm.123003.0-85269.0SM7Xr7ykmZ6r.sd_119_115-mid_123003-pos_1-m_458407-lc_201",
        "acm": "3.mce.1_10_1jngm.123003.0-85269.0SM7Xr7ykmZ6r.sd_119_115-mid_123003-pos_1-m_458407-lc_201",
        "sort": 1,
        "title": "毛衣搭配",
        "pc_link": "//list.mogujie.com/book/clothing/20003604",
        "fcid": 20003604
      },
      {
        "image": "https://s10.mogucdn.com/mlcdn/c45406/181012_1173d80deaa3j8c8bebe639gf2f4j_160x120.png",
        "link": "//m.mogujie.com/wall/book/clothing?fcid=20003805&title=软萌羊羔毛&acm=3.mce.1_10_1jmni.123003.0-85269.0SM7Xr7ykmZ6r.sd_119_115-mid_123003-pos_2-m_457883-lc_201",
        "acm": "3.mce.1_10_1jmni.123003.0-85269.0SM7Xr7ykmZ6r.sd_119_115-mid_123003-pos_2-m_457883-lc_201",
        "sort": 1,
        "title": "软萌羊羔毛",
        "pc_link": "//list.mogujie.com/book/clothing/20003805",
        "fcid": 20003805
      },
      {
        "image": "https://s10.mogucdn.com/mlcdn/c45406/181016_50j8k7ceea74kll9a4a4870clb380_160x120.png",
        "link": "//m.mogujie.com/wall/book/clothing?fcid=20001591&title=冬日必备外套&acm=3.mce.1_10_1jntq.123003.0-85269.0SM7Xr7ykmZ6r.sd_119_115-mid_123003-pos_3-m_458643-lc_201",
        "acm": "3.mce.1_10_1jntq.123003.0-85269.0SM7Xr7ykmZ6r.sd_119_115-mid_123003-pos_3-m_458643-lc_201",
        "sort": 1,
        "title": "冬日必备外套",
        "pc_link": "//list.mogujie.com/book/clothing/20001591",
        "fcid": 52408
      },
      {
        "image": "https://s10.mogucdn.com/mlcdn/c45406/180817_083acjhfla682h2df38gk7cl4gfb3_160x120.png",
        "link": "//m.mogujie.com/wall/book/shopping?fcid=50866&title=时尚妈咪套装&acm=3.mce.1_10_1j1sw.123003.0-85269.0SM7Xr7ykmZ6r.sd_119_115-mid_123003-pos_4-m_444372-lc_201",
        "acm": "3.mce.1_10_1j1sw.123003.0-85269.0SM7Xr7ykmZ6r.sd_119_115-mid_123003-pos_4-m_444372-lc_201",
        "sort": 1,
        "title": "时尚妈咪套装",
        "pc_link": "//list.mogujie.com/book/baby/50866",
        "fcid": 50866
      },
      {
        "image": "https://s10.mogucdn.com/mlcdn/c45406/180817_3aic2g2fhhi6lh44b85j9jk130ig6_160x120.png",
        "link": "//m.mogujie.com/wall/book/clothing?fcid=10059386&title=chic%E5%8D%AB%E8%A1%A3%E6%90%AD%E9%85%8D&acm=3.mce.1_10_1j1qi.123003.0-85269.0SM7Xr7ykmZ6r.sd_119_115-mid_123003-pos_5-m_444329-lc_201",
        "acm": "3.mce.1_10_1j1qi.123003.0-85269.0SM7Xr7ykmZ6r.sd_119_115-mid_123003-pos_5-m_444329-lc_201",
        "sort": 1,
        "title": "卫衣搭配",
        "pc_link": "//list.mogujie.com/book/clothing/10059386",
        "fcid": 10059386
      },
      {
        "image": "https://s10.mogucdn.com/mlcdn/c45406/181012_0df616d1keeh6iigk27c4i1dcaa0a_160x120.png",
        "link": "//m.mogujie.com/wall/book/clothing?fcid=50252&title=%E6%B0%94%E8%B4%A8%E6%AF%9B%E5%91%A2&acm=3.mce.1_10_1jmmm.123003.0-85269.0SM7Xr7ykmZ6r.sd_119_115-mid_123003-pos_6-m_457867-lc_201",
        "acm": "3.mce.1_10_1jmmm.123003.0-85269.0SM7Xr7ykmZ6r.sd_119_115-mid_123003-pos_6-m_457867-lc_201",
        "sort": 1,
        "title": "气质毛呢",
        "pc_link": "//list.mogujie.com/book/clothing/50252",
        "fcid": 50252
      },
      {
        "image": "https://s10.mogucdn.com/mlcdn/c45406/181012_1188c52l0g32jdcck3flcj4ije2g0_160x120.png",
        "link": "//m.mogujie.com/wall/book/clothing?fcid=50262&title=温暖棉服&acm=3.mce.1_10_1jmna.123003.0-85269.0SM7Xr7ykmZ6r.sd_119_115-mid_123003-pos_7-m_457879-lc_201",
        "acm": "3.mce.1_10_1jmna.123003.0-85269.0SM7Xr7ykmZ6r.sd_119_115-mid_123003-pos_7-m_457879-lc_201",
        "sort": 1,
        "title": "温暖棉服",
        "pc_link": "//list.mogujie.com/book/clothing/50262",
        "fcid": 50262
      },
      {
        "image": "https://s10.mogucdn.com/mlcdn/c45406/181012_2b0126heiih116ijg25a3dega7i1e_160x120.png",
        "link": "//m.mogujie.com/wall/book/clothing?fcid=51284&title=毛衣开衫&acm=3.mce.1_10_1jmmo.123003.0-85269.0SM7Xr7ykmZ6r.sd_119_115-mid_123003-pos_8-m_457868-lc_201",
        "acm": "3.mce.1_10_1jmmo.123003.0-85269.0SM7Xr7ykmZ6r.sd_119_115-mid_123003-pos_8-m_457868-lc_201",
        "sort": 1,
        "title": "毛衣开衫",
        "pc_link": "//list.mogujie.com/book/clothing/51284",
        "fcid": 51284
      }
    ],
    "isEnd": true,
    "nextPage": 1,
    "context": {
      "currentTime": 1540526540
    }
  },
  "126975": {
    "list": [
      {
        "image": "https://s10.mogucdn.com/mlcdn/c45406/180827_477g91hi2lbh9560j6ic857cdkjd9_100x100.png",
        "link": "//m.mogujie.com/wall/s?q=牛仔外套&acm=3.mce.1_10_1jhss.126975.0.5fV4dr7ykmZ9M.pos_0-m_454738-sd_119",
        "acm": "3.mce.1_10_1jhss.126975.0.5fV4dr7ykmZ9M.pos_0-m_454738-sd_119",
        "sort": 1,
        "title": "女装",
        "marketId": 0,
        "startColor": "#666666",
        "cid": 2695
      },
      {
        "image": "https://s10.mogucdn.com/mlcdn/c45406/180827_86fc528icabiihegg5e4ig6135k7d_100x100.jpg",
        "link": "//m.mogujie.com/wall/s?q=棒球外套&acm=3.mce.1_10_1jhsw.126975.0.5fV4dr7ykmZ9N.pos_1-m_454740-sd_119",
        "acm": "3.mce.1_10_1jhsw.126975.0.5fV4dr7ykmZ9N.pos_1-m_454740-sd_119",
        "sort": 2,
        "title": "上衣",
        "marketId": 0,
        "startColor": "#666666",
        "cid": 699
      },
      {
        "image": "https://s10.mogucdn.com/mlcdn/c45406/180831_4kbi2ad3902i0ic00140c40iha0el_100x100.jpg",
        "link": "//m.mogujie.com/wall/s?q=连衣裙&acm=3.mce.1_10_1jht0.126975.0.5fV4dr7ykmZ9O.pos_2-m_454742-sd_119",
        "acm": "3.mce.1_10_1jht0.126975.0.5fV4dr7ykmZ9O.pos_2-m_454742-sd_119",
        "sort": 3,
        "title": "裙子",
        "marketId": 0,
        "startColor": "#666666",
        "cid": 705
      },
      {
        "image": "https://s10.mogucdn.com/mlcdn/c45406/180827_6ei7k70gajc9bhdg5kakh257a8h6c_100x100.png",
        "link": "//m.mogujie.com/wall/s?q=休闲裤&acm=3.mce.1_10_1jht4.126975.0.5fV4dr7ykmZ9P.pos_3-m_454744-sd_119",
        "acm": "3.mce.1_10_1jht4.126975.0.5fV4dr7ykmZ9P.pos_3-m_454744-sd_119",
        "sort": 4,
        "title": "裤子",
        "marketId": 0,
        "startColor": "#666666",
        "cid": 10005407
      },
      {
        "image": "https://s10.mogucdn.com/mlcdn/c45406/180903_4d68447i8h71eljk1gfdhkccfjbba_180x180.jpg",
        "link": "//m.mogujie.com/wall/s?q=套装&acm=3.mce.1_10_1jhuk.126975.0.5fV4dr7ykmZ9Q.pos_4-m_454770-sd_119",
        "acm": "3.mce.1_10_1jhuk.126975.0.5fV4dr7ykmZ9Q.pos_4-m_454770-sd_119",
        "sort": 5,
        "title": "套装",
        "marketId": 0,
        "startColor": "#666666",
        "cid": 703
      },
      {
        "image": "https://s10.mogucdn.com/mlcdn/c45406/180827_77a9aie7hk50f36g5f7kh9hkb71i4_100x100.png",
        "link": "//m.mogujie.com/wall/s?q=女鞋&acm=3.mce.1_10_1jhta.126975.0.5fV4dr7ykmZ9R.pos_5-m_454747-sd_119",
        "acm": "3.mce.1_10_1jhta.126975.0.5fV4dr7ykmZ9R.pos_5-m_454747-sd_119",
        "sort": 6,
        "title": "女鞋",
        "marketId": 0,
        "startColor": "#666666",
        "cid": 765
      },
      {
        "image": "https://s10.mogucdn.com/mlcdn/c45406/180827_7l6g7d7f92i2h6406ae64kh6k4ffl_180x180.jpg",
        "link": "//m.mogujie.com/wall/s?q=美妆个护&acm=3.mce.1_10_1jhte.126975.0.5fV4dr7ykmZ9S.pos_6-m_454749-sd_119",
        "acm": "3.mce.1_10_1jhte.126975.0.5fV4dr7ykmZ9S.pos_6-m_454749-sd_119",
        "sort": 7,
        "title": "美妆个护",
        "marketId": 0,
        "startColor": "#666666",
        "cid": 1176
      },
      {
        "image": "https://s10.mogucdn.com/mlcdn/c45406/180827_82el2jcc7klj224ika7lfk91d6697_100x100.png",
        "link": "//m.mogujie.com/wall/s?q=包配&acm=3.mce.1_10_1jhtm.126975.0.5fV4dr7ykmZ9T.pos_7-m_454753-sd_119",
        "acm": "3.mce.1_10_1jhtm.126975.0.5fV4dr7ykmZ9T.pos_7-m_454753-sd_119",
        "sort": 8,
        "title": "包配",
        "marketId": 0,
        "startColor": "#666666",
        "cid": 779
      },
      {
        "image": "https://s10.mogucdn.com/mlcdn/c45406/180827_71kh8000bc14369fj0ajh7147l4j5_100x100.png",
        "link": "//m.mogujie.com/wall/s?q=家居服&acm=3.mce.1_10_1jhto.126975.0.5fV4dr7ykmZ9U.pos_8-m_454754-sd_119",
        "acm": "3.mce.1_10_1jhto.126975.0.5fV4dr7ykmZ9U.pos_8-m_454754-sd_119",
        "sort": 9,
        "title": "内衣",
        "marketId": 0,
        "startColor": "#666666",
        "cid": 1395
      },
      {
        "image": "https://s10.mogucdn.com/mlcdn/c45406/180906_1kgj0l0f8112301e3d131i8h32lke_100x100.jpg",
        "link": "//m.mogujie.com/wall/s?q=运动户外&acm=3.mce.1_10_1jhtq.126975.0.5fV4dr7ykmZ9V.pos_9-m_454755-sd_119",
        "acm": "3.mce.1_10_1jhtq.126975.0.5fV4dr7ykmZ9V.pos_9-m_454755-sd_119",
        "sort": 10,
        "title": "运动",
        "marketId": 0,
        "startColor": "#666666",
        "cid": 1585
      },
      {
        "image": "https://s10.mogucdn.com/mlcdn/c45406/180913_2f65l7aie02jei4l36d93iaa655dc_100x100.jpg",
        "link": "//m.mogujie.com/wall/s?q=男装&acm=3.mce.1_10_1jhtu.126975.0.5fV4dr7ykmZ9W.pos_10-m_454757-sd_119",
        "acm": "3.mce.1_10_1jhtu.126975.0.5fV4dr7ykmZ9W.pos_10-m_454757-sd_119",
        "sort": 11,
        "title": "男友",
        "marketId": 0,
        "startColor": "#666666",
        "cid": 822
      },
      {
        "image": "https://s10.mogucdn.com/mlcdn/c45406/180827_4h427elah2e4j9a0f40lhi63clb41_100x100.png",
        "link": "//m.mogujie.com/wall/s?q=家居百货&acm=3.mce.1_10_1jhty.126975.0.5fV4dr7ykmZ9X.pos_11-m_454759-sd_119",
        "acm": "3.mce.1_10_1jhty.126975.0.5fV4dr7ykmZ9X.pos_11-m_454759-sd_119",
        "sort": 12,
        "title": "家居",
        "marketId": 0,
        "startColor": "#666666",
        "cid": 925
      },
      {
        "image": "https://s10.mogucdn.com/mlcdn/c45406/180827_7f2ghh74c8931g99f6a2d9klfj168_100x100.jpg",
        "link": "//m.mogujie.com/wall/s?q=母婴&acm=3.mce.1_10_1jhu0.126975.0.5fV4dr7ykmZ9Y.pos_12-m_454760-sd_119",
        "acm": "3.mce.1_10_1jhu0.126975.0.5fV4dr7ykmZ9Y.pos_12-m_454760-sd_119",
        "sort": 13,
        "title": "母婴",
        "marketId": 0,
        "startColor": "#666666",
        "cid": 1417
      },
      {
        "image": "https://s10.mogucdn.com/mlcdn/c45406/180827_5jed535bab8ei9d61kl7d6i909beg_100x100.jpg",
        "link": "//m.mogujie.com/wall/s?q=食品&acm=3.mce.1_10_1jhu2.126975.0.5fV4dr7ykmZ9Z.pos_13-m_454761-sd_119",
        "acm": "3.mce.1_10_1jhu2.126975.0.5fV4dr7ykmZ9Z.pos_13-m_454761-sd_119",
        "sort": 14,
        "title": "食品",
        "marketId": 0,
        "startColor": "#666666",
        "cid": 1263
      },
      {
        "image": "https://s10.mogucdn.com/mlcdn/c45406/180913_1b41j1h31ga3k5g9dalaja4kc3h11_100x100.jpg",
        "link": "//m.mogujie.com/wall/s?q=医美&acm=3.mce.1_10_1jhu8.126975.0.5fV4dr7ykmZ90.pos_14-m_454764-sd_119",
        "acm": "3.mce.1_10_1jhu8.126975.0.5fV4dr7ykmZ90.pos_14-m_454764-sd_119",
        "sort": 15,
        "title": "医美健康",
        "marketId": 0,
        "startColor": "#666666",
        "cid": 10005820
      }
    ],
    "isEnd": true,
    "nextPage": 1,
    "context": {
      "currentTime": 1540526540
    }
  }
}