{
  "info": {
    "downUpdateCount": 10
  },
  "list": [
    {
      "uid": 374347313,
      "career": "自由职业",
      "showName": "喜大牙",
      "avatarLink": "//h5.mogujie.com/brand-content/personal-homepage.html?uid=1cdr4ii&acm=3.mce.1_9_1cdr4ii.126262.84667.uOrjFr7VkJg3E.mid_126262-sd_115-gi_uOrjFr7VkJhv1-ctl_1z1xmwi_1z1xo7w_1z1xn6s-lc_201",
      "ctList": [
        {
          "scanIcon": "https://s10.mogucdn.com/mlcdn/c45406/180810_0a02124e70hcl6hd13d597idalb7e_28x28.png",
          "cover": "https://s3.mogucdn.com/mlcdn/c45406/181029_543ag88791hd830l07bl4hkfif1j8_1080x1080.jpg",
          "bizType": "4",
          "contentId": 1059782525,
          "link": "//h5.mogujie.com/brand-content/personal-homepage.html?stickyId=11z6p0y_11z6qcc_11z6pb8&uid=1cdr4ii&acm=3.mce.1_19_1z1xmwi.126262.0-84667.uOrjFr7VkJg3E.sd_119_115-gi_uOrjFr7VkJhv1-pos_0-pri_9_1cdr4ii-lc_201-mid_126262-m_1059782525-pm_077-cid_1059782525",
          "isVideo": false,
          "acm": "3.mce.1_19_1z1xmwi.126262.0-84667.uOrjFr7VkJg3E.sd_119_115-gi_uOrjFr7VkJhv1-pos_0-pri_9_1cdr4ii-lc_201-mid_126262-m_1059782525-pm_077-cid_1059782525",
          "scanCount": 3304,
          "showCover": "https://s5.mogucdn.com/mlcdn/c45406/181029_0j0589hfg8l22jj7ik9c3k65ll3ia_615x1024.jpg",
          "scanType": 1,
          "type": "20"
        },
        {
          "scanIcon": "https://s10.mogucdn.com/mlcdn/c45406/180810_0a02124e70hcl6hd13d597idalb7e_28x28.png",
          "cover": "https://s3.mogucdn.com/mlcdn/c45406/181029_2k7714k4g70298524ka59l2kh5g6d_1080x1080.jpg",
          "bizType": "4",
          "contentId": 1059783378,
          "link": "//h5.mogujie.com/brand-content/personal-homepage.html?stickyId=11z6qcc_11z6p0y_11z6pb8&uid=1cdr4ii&acm=3.mce.1_19_1z1xo7w.126262.0-84667.uOrjFr7VkJg3E.sd_119_115-gi_uOrjFr7VkJhv1-pos_1-pri_9_1cdr4ii-lc_201-mid_126262-m_1059783378-pm_077-cid_1059783378",
          "isVideo": false,
          "acm": "3.mce.1_19_1z1xo7w.126262.0-84667.uOrjFr7VkJg3E.sd_119_115-gi_uOrjFr7VkJhv1-pos_1-pri_9_1cdr4ii-lc_201-mid_126262-m_1059783378-pm_077-cid_1059783378",
          "scanCount": 3005,
          "showCover": "https://s3.mogucdn.com/mlcdn/c45406/181029_1dc10428gb92bdgaij4h89a2fg5k4_620x1035.jpg",
          "scanType": 1,
          "type": "20"
        },
        {
          "scanIcon": "https://s10.mogucdn.com/mlcdn/c45406/180810_0a02124e70hcl6hd13d597idalb7e_28x28.png",
          "cover": "https://s5.mogucdn.com/mlcdn/c45406/181029_6hf8l5kieedka5d9kl78ie94k68e6_1080x1080.jpg",
          "bizType": "4",
          "contentId": 1059782710,
          "link": "//h5.mogujie.com/brand-content/personal-homepage.html?stickyId=11z6pb8_11z6p0y_11z6qcc&uid=1cdr4ii&acm=3.mce.1_19_1z1xn6s.126262.0-84667.uOrjFr7VkJg3E.sd_119_115-gi_uOrjFr7VkJhv1-pos_2-pri_9_1cdr4ii-lc_201-mid_126262-m_1059782710-pm_077-cid_1059782710",
          "isVideo": false,
          "acm": "3.mce.1_19_1z1xn6s.126262.0-84667.uOrjFr7VkJg3E.sd_119_115-gi_uOrjFr7VkJhv1-pos_2-pri_9_1cdr4ii-lc_201-mid_126262-m_1059782710-pm_077-cid_1059782710",
          "scanCount": 3295,
          "showCover": "https://s5.mogucdn.com/mlcdn/c45406/181029_07ehhf8h5bli9gggjil2ibf4ld0ej_648x1080.jpg",
          "scanType": 1,
          "type": "20"
        }
      ],
      "publishNum": 4,
      "location": "",
      "acm": "3.mce.1_9_1cdr4ii.126262.84667.uOrjFr7VkJg3E.mid_126262-sd_115-gi_uOrjFr7VkJhv1-ctl_1z1xmwi_1z1xo7w_1z1xn6s-lc_201",
      "avatar": "https://s11.mogucdn.com/mlcdn/5abf39/181029_3b8bi56cchk00aac632cdjkb9jbfc_400x400.jpg",
      "brandInfo": [
        {
          "brandName": "CONVERSE",
          "brandId": 8641254,
          "link": "//h5.mogujie.com/brand-content/brand-homepage.html?brandId=1aafb8&acm=3.mce.1_5_1aafb8.126262.0.9uh1mr7VkJhKP.pos_0-sd_119-ctl_1z1xmwi_1z1xo7w_1z1xn6s",
          "acm": "3.mce.1_5_1aafb8.126262.0.9uh1mr7VkJhKP.pos_0-sd_119-ctl_1z1xmwi_1z1xo7w_1z1xn6s",
          "brandLogo": "https://s11.mogucdn.com/mlcdn/0ffcd9/180920_2ifaljedeaadiig521f2jeie128a4_136x136.png"
        },
        {
          "brandName": "ZARA",
          "brandId": 8641200,
          "link": "//h5.mogujie.com/brand-content/brand-homepage.html?brandId=1aaf88&acm=3.mce.1_5_1aaf88.126262.0.9uh1mr7VkJhKQ.pos_1-sd_119-ctl_1z1xmwi_1z1xo7w_1z1xn6s",
          "acm": "3.mce.1_5_1aaf88.126262.0.9uh1mr7VkJhKQ.pos_1-sd_119-ctl_1z1xmwi_1z1xo7w_1z1xn6s",
          "brandLogo": "https://s11.mogucdn.com/mlcdn/0ffcd9/180831_6g8i64kacd028d5375e9a6d42df1h_289x280.png"
        },
        {
          "brandName": "MONKI",
          "brandId": 8641195,
          "link": "//h5.mogujie.com/brand-content/brand-homepage.html?brandId=1aaf7y&acm=3.mce.1_5_1aaf7y.126262.0.9uh1mr7VkJhKR.pos_2-sd_119-ctl_1z1xmwi_1z1xo7w_1z1xn6s",
          "acm": "3.mce.1_5_1aaf7y.126262.0.9uh1mr7VkJhKR.pos_2-sd_119-ctl_1z1xmwi_1z1xo7w_1z1xn6s",
          "brandLogo": "https://s3.mogucdn.com/mlcdn/0ffcd9/180724_13lk072hf3386e54aa9k83k13ji36_116x115.png"
        },
        {
          "brandName": "MUJI",
          "brandId": 8641184,
          "link": "//h5.mogujie.com/brand-content/brand-homepage.html?brandId=1aaf7c&acm=3.mce.1_5_1aaf7c.126262.0.9uh1mr7VkJhKS.pos_3-sd_119-ctl_1z1xmwi_1z1xo7w_1z1xn6s",
          "acm": "3.mce.1_5_1aaf7c.126262.0.9uh1mr7VkJhKS.pos_3-sd_119-ctl_1z1xmwi_1z1xo7w_1z1xn6s",
          "brandLogo": "https://s3.mogucdn.com/mlcdn/0ffcd9/180724_3fd11ilhkkde8gb2h3719hjah15a3_448x414.png"
        },
        {
          "brandName": "PULL&BEAR",
          "brandId": 8641171,
          "link": "//h5.mogujie.com/brand-content/brand-homepage.html?brandId=1aaf6m&acm=3.mce.1_5_1aaf6m.126262.0.9uh1mr7VkJhKT.pos_4-sd_119-ctl_1z1xmwi_1z1xo7w_1z1xn6s",
          "acm": "3.mce.1_5_1aaf6m.126262.0.9uh1mr7VkJhKT.pos_4-sd_119-ctl_1z1xmwi_1z1xo7w_1z1xn6s",
          "brandLogo": "https://s3.mogucdn.com/mlcdn/0ffcd9/180724_7k4aj41f9d9i2a7ifhaf00aeg700a_450x441.png"
        }
      ],
      "title": "#11.11购齐秋冬流行色##可以穿到80岁的裙子# 卫衣配裙子 运动又活泼ː̗̀(o›ᴗ‹o)ː̖́ 整个衣服色系都很容易避免了踩雷 卫衣里面偷偷塞了一件白衣服做内搭露出来的小心机，整体看起来层次更多更丰富一些啦"
    },
    {
      "modelType": "square_topic",
      "list": [
        {
          "rightIcon": "https://s10.mogucdn.com/mlcdn/c45406/181013_38d24e4aj49aedc20jcd055l6hj7c_150x45.png",
          "publishUserCount": 31,
          "avatarLink": "//h5.mogujie.com/brand-content/topic-normal.html?tagId=11c8m9jo&acm=3.mce.1_17_11c8m9jo.128389..1rYAZr7VkJgtn.sd_130-gi_1rYAZr7VkJgtg",
          "acm": "3.mce.1_17_11c8m9jo.128389..1rYAZr7VkJgtn.sd_130-gi_1rYAZr7VkJgtg",
          "avatar": "https://s11.mogucdn.com/mlcdn/c45406/181030_3ki031b7i6ll8dd8lb5ck5di9l75j_750x328.jpg",
          "timeE": 0,
          "title": "#盘点双十一年度最佳“配角”#299元全买下！看不出品牌的包包就是时髦得很高级。要说全身最舍得花钱的地方就时包包了。送你一份不会撞款性价比还hin高的包包清单！\n🔗链接：\n1.软皮手拿小方包／店铺：北山制包所\n￥jqH4b7UAtOj￥\n2.格纹拼接贝壳包／店铺：lovingness\n￥KZlRb75Z3AI￥\n3.纯色束带手机包／店铺：URBAN REVIVO\n￥mgTcb75ZgUi￥\n4.牛皮圆桶包／店铺：AbbottVintage\n￥Bl6yb75ZTwF￥\n5.撞色盒子包／店铺：STARTOWN\n￥DCF6b75aIDW￥\n6.溜金牛皮铰包／店铺：AbbottVintage\n￥TEOSb75ZQaK￥",
          "timeS": 0,
          "topicLogo": "https://s10.mogucdn.com/mlcdn/c45406/181011_4i5edci1hf80ejab9792ll9gf8bck_66x66.png",
          "ctList": [
            {
              "cover": "https://s3.mogucdn.com/mlcdn/c45406/181029_67d38dgb8ifllhkcjhfedbcl98bfc_750x1000.jpg",
              "scanIcon": "https://s10.mogucdn.com/mlcdn/c45406/180810_0a02124e70hcl6hd13d597idalb7e_28x28.png",
              "bizType": 4,
              "contentId": "1z1xpmo",
              "link": "//h5.mogujie.com/brand-content/topic-normal.html?tagId=11c8m9jo&acm=3.mce.1_19_1z1xpmo.128389..1rYAZr7VkJgth.sd_130-gi_1rYAZr7VkJgtg-cid_1059784292",
              "isVideo": false,
              "acm": "3.mce.1_19_1z1xpmo.128389..1rYAZr7VkJgth.sd_130-gi_1rYAZr7VkJgtg-cid_1059784292",
              "brandList": [
                {
                  "countryOriginName": "中国",
                  "brandName": "Abbott VINTAGE",
                  "brandId": "1aahme",
                  "link": "//h5.mogujie.com/brand-content/brand-homepage.html?brandId=1aahme&acm=3.mce.1_5_1aahme.128389..1rYAZr7VkJgtk.sd_130-gi_1rYAZr7VkJgtg",
                  "publishNum": 117,
                  "acm": "3.mce.1_5_1aahme.128389..1rYAZr7VkJgtk.sd_130-gi_1rYAZr7VkJgtg",
                  "brandLogo": "https://s11.mogucdn.com/mlcdn/0ffcd9/180917_6l81f649ld3k1bk15dh27720jl2fe_197x197.png"
                },
                {
                  "countryOriginName": "中国",
                  "brandName": "KITAYAMA北山制包所",
                  "brandId": "1aah9i",
                  "link": "//h5.mogujie.com/brand-content/brand-homepage.html?brandId=1aah9i&acm=3.mce.1_5_1aah9i.128389..1rYAZr7VkJgtl.sd_130-gi_1rYAZr7VkJgtg",
                  "publishNum": 141,
                  "acm": "3.mce.1_5_1aah9i.128389..1rYAZr7VkJgtl.sd_130-gi_1rYAZr7VkJgtg",
                  "brandLogo": "https://s3.mogucdn.com/mlcdn/0ffcd9/180914_3k871iejdde5d5l10bgje317bebl6_243x242.png"
                },
                {
                  "countryOriginName": "中国 香港",
                  "brandName": "URBAN REVIVO",
                  "brandId": "1aaf72",
                  "link": "//h5.mogujie.com/brand-content/brand-homepage.html?brandId=1aaf72&acm=3.mce.1_5_1aaf72.128389..1rYAZr7VkJgtm.sd_130-gi_1rYAZr7VkJgtg",
                  "publishNum": 1136,
                  "acm": "3.mce.1_5_1aaf72.128389..1rYAZr7VkJgtm.sd_130-gi_1rYAZr7VkJgtg",
                  "brandLogo": "https://s11.mogucdn.com/mlcdn/0ffcd9/180920_8gfh25b4li3g6629h47hf72i20660_205x206.png"
                }
              ],
              "scanCount": 448371,
              "scanType": 1,
              "userId": "16928sq",
              "desc": "#盘点双十一年度最佳“配角”#299元全买下！看不出品牌的包包就是时髦得很高级。要说全身最舍得花钱的地方就时包包了。送你一份不会撞款性价比还hin高的包包清单！\n🔗链接：\n1.软皮手拿小方包／店铺：北山制包所\n￥jqH4b7UAtOj￥\n2.格纹拼接贝壳包／店铺：lovingness\n￥KZlRb75Z3AI￥\n3.纯色束带手机包／店铺：URBAN REVIVO\n￥mgTcb75ZgUi￥\n4.牛皮圆桶包／店铺：AbbottVintage\n￥Bl6yb75ZTwF￥\n5.撞色盒子包／店铺：STARTOWN\n￥DCF6b75aIDW￥\n6.溜金牛皮铰包／店铺：AbbottVintage\n￥TEOSb75ZQaK￥"
            },
            {
              "cover": "https://s3.mogucdn.com/mlcdn/c45406/181026_8a7ic6jkfc1hdei6006lge7je9ee2_750x1000.jpg",
              "scanIcon": "https://s10.mogucdn.com/mlcdn/c45406/180810_0a02124e70hcl6hd13d597idalb7e_28x28.png",
              "bizType": 4,
              "contentId": "1z1x4h0",
              "link": "//h5.mogujie.com/brand-content/topic-normal.html?tagId=11c8m9jo&acm=3.mce.1_19_1z1x4h0.128389..1rYAZr7VkJgti.sd_130-gi_1rYAZr7VkJgtg-cid_1059770582",
              "isVideo": false,
              "acm": "3.mce.1_19_1z1x4h0.128389..1rYAZr7VkJgti.sd_130-gi_1rYAZr7VkJgtg-cid_1059770582",
              "scanCount": 288148,
              "scanType": 1,
              "userId": "1b6cea6",
              "desc": "#盘点双十一年度最佳“配角”#来自日本东京的森系潮牌crisp，清新简约的设计，不低调不张扬，自身带有北欧风情，将蕾丝、印花、刺绣、格纹等经典元素和素材融入到设计中，在细节处提现简约时尚，文艺清新的感觉，很适合大多数女孩儿们。\n\n购买链接：\n椭圆玻璃材质耳夹\n店铺：crisp旗舰店\n￥r5q9bSjkhuS￥\n\n针织仿珍珠耳夹\n店铺：crisp旗舰店\n￥y2LtbSjkFri￥\n\n纯色绒布圆球耳夹\n店铺：crisp旗舰店\n￥6BjbbSjkt7v￥\n\n布艺撞色小圆球耳夹\n店铺：crisp旗舰店\n￥HkXgbSjkzcb￥\n\n森系刺绣花卉耳饰\n店铺：crisp旗舰店\n￥ExmwbSjlZ9G￥\n\n森系花卉毛绒绒耳饰\n店铺：crisp旗舰店\n￥VKwpbSjliEN￥\n\n甜美布艺圆圈耳夹\n店铺：crisp旗舰店\n￥w5usbSjl5Dz￥"
            },
            {
              "cover": "https://s11.mogucdn.com/mlcdn/c45406/181026_5ba4hi3k14599le50h40i5al61hl3_750x1000.jpg",
              "scanIcon": "https://s10.mogucdn.com/mlcdn/c45406/180810_0a02124e70hcl6hd13d597idalb7e_28x28.png",
              "bizType": 4,
              "contentId": "1z1x53u",
              "link": "//h5.mogujie.com/brand-content/topic-normal.html?tagId=11c8m9jo&acm=3.mce.1_19_1z1x53u.128389..1rYAZr7VkJgtj.sd_130-gi_1rYAZr7VkJgtg-cid_1059770993",
              "isVideo": false,
              "acm": "3.mce.1_19_1z1x53u.128389..1rYAZr7VkJgtj.sd_130-gi_1rYAZr7VkJgtg-cid_1059770993",
              "scanCount": 270868,
              "scanType": 1,
              "userId": "16gfzwy",
              "desc": "#盘点双十一年度最佳“配角”#\n\n💁🏼懒得洗头的冬天也能让你美美的秒出门，复古又甜美的贝雷帽简直就是懒癌同学的恩物，而且让你甜美指数爆表，即使全身穿着基本款也非常有范儿哦~\n\n购买链接：\nLook 1：\n店铺：SEVENHOUSES  \n￥U1VnbS9hJHU￥\n\nLook 2：\n店铺：SEVENHOUSES \n￥YoCpbS9SBz8￥\n\nLook 3：\n店铺：SEVENHOUSES\n￥io4DbS97Fe3￥\n\nLook 4：\n店铺：SEVENHOUSES  \n￥seVXbS9iiL4￥\n\nLook 5：\n店铺：SEVENHOUSES\n￥HfcObS9iQEU￥\n\nLook 6：\n店铺：SEVENHOUSES  \n￥vAXWbS9RP5p￥"
            }
          ],
          "publishNum": 26,
          "showType": 1,
          "topicName": "盘点双十一年度最佳“配角”",
          "lookTotal": 66,
          "brandInfo": [
            {
              "countryOriginName": "中国 香港",
              "brandName": "URBAN REVIVO",
              "brandId": "1aaf72",
              "link": "//h5.mogujie.com/brand-content/brand-homepage.html?brandId=1aaf72&acm=3.mce.1_5_1aaf72.128389..1rYAZr7VkJgtm.sd_130-gi_1rYAZr7VkJgtg",
              "publishNum": 1136,
              "acm": "3.mce.1_5_1aaf72.128389..1rYAZr7VkJgtm.sd_130-gi_1rYAZr7VkJgtg",
              "brandLogo": "https://s11.mogucdn.com/mlcdn/0ffcd9/180920_8gfh25b4li3g6629h47hf72i20660_205x206.png"
            },
            {
              "countryOriginName": "中国",
              "brandName": "KITAYAMA北山制包所",
              "brandId": "1aah9i",
              "link": "//h5.mogujie.com/brand-content/brand-homepage.html?brandId=1aah9i&acm=3.mce.1_5_1aah9i.128389..1rYAZr7VkJgtl.sd_130-gi_1rYAZr7VkJgtg",
              "publishNum": 141,
              "acm": "3.mce.1_5_1aah9i.128389..1rYAZr7VkJgtl.sd_130-gi_1rYAZr7VkJgtg",
              "brandLogo": "https://s3.mogucdn.com/mlcdn/0ffcd9/180914_3k871iejdde5d5l10bgje317bebl6_243x242.png"
            },
            {
              "countryOriginName": "中国",
              "brandName": "Abbott VINTAGE",
              "brandId": "1aahme",
              "link": "//h5.mogujie.com/brand-content/brand-homepage.html?brandId=1aahme&acm=3.mce.1_5_1aahme.128389..1rYAZr7VkJgtk.sd_130-gi_1rYAZr7VkJgtg",
              "publishNum": 117,
              "acm": "3.mce.1_5_1aahme.128389..1rYAZr7VkJgtk.sd_130-gi_1rYAZr7VkJgtg",
              "brandLogo": "https://s11.mogucdn.com/mlcdn/0ffcd9/180917_6l81f649ld3k1bk15dh27720jl2fe_197x197.png"
            }
          ],
          "contentIds": []
        }
      ]
    },
    {
      "career": "研究生",
      "showName": "奶茶留给我",
      "avatarLink": "//h5.mogujie.com/brand-content/personal-homepage.html?uid=13fzn4k&acm=3.mce.1_9_13fzn4k.126262.84667.uOrjFr7VkJg3E.mid_126262-sd_115-gi_uOrjFr7VkJhv2-ctl_1z1xosc_1z1xj08_1z1xjq4-lc_201",
      "weight": 56,
      "acm": "3.mce.1_9_13fzn4k.126262.84667.uOrjFr7VkJg3E.mid_126262-sd_115-gi_uOrjFr7VkJhv2-ctl_1z1xosc_1z1xj08_1z1xjq4-lc_201",
      "avatar": "https://s5.mogucdn.com/mlcdn/5abf39/181027_5c43669ec4kjgb6j164jdd49edik8_400x400.jpg",
      "title": "🍟身高168 体重56kg 🥑复古配色大v领马海毛毛衣 搭配黑色打底叠穿很有层次感 裤子选择拖地裤，腿长2米 搭配一个黑色的cos斜挎包和一双橘色的匡威1970 okay！你一定是人群中最酷的仔了#11.11购齐秋冬流行色# #11.11联名款首发清单##COS天猫上线测评体验##Layer it！叠穿最时尚##精致细节在双十一中博出位##腿长利器#",
      "uid": 104127822,
      "ctList": [
        {
          "scanIcon": "https://s10.mogucdn.com/mlcdn/c45406/180810_0261ddc0elh00bchfkc04fidc755l_48x28.png",
          "cover": "https://s11.mogucdn.com/mlcdn/c45406/181029_82bf45g6e2ad5aea22e186f4ddfa7_1080x1511.jpg",
          "bizType": "4",
          "contentId": 1059783746,
          "link": "//h5.mogujie.com/brand-content/personal-homepage.html?stickyId=11z6qws_11z6l4o_11z6luk&uid=13fzn4k&acm=3.mce.1_19_1z1xosc.126262.0-84667.uOrjFr7VkJg3E.sd_119_115-gi_uOrjFr7VkJhv2-pos_0-pri_9_13fzn4k-lc_201-mid_126262-m_1059783746-pm_077-cid_1059783746",
          "isVideo": false,
          "acm": "3.mce.1_19_1z1xosc.126262.0-84667.uOrjFr7VkJg3E.sd_119_115-gi_uOrjFr7VkJhv2-pos_0-pri_9_13fzn4k-lc_201-mid_126262-m_1059783746-pm_077-cid_1059783746",
          "scanCount": 289,
          "showCover": "https://s5.mogucdn.com/mlcdn/c45406/181029_67dl7d2j0j27bc04g38cl2jl005g3_702x1171.jpg",
          "scanType": 2,
          "type": "20"
        },
        {
          "scanIcon": "https://s10.mogucdn.com/mlcdn/c45406/180810_0a02124e70hcl6hd13d597idalb7e_28x28.png",
          "cover": "https://s11.mogucdn.com/mlcdn/c45406/181028_64fb3ag9d0eijcjcci5l27d3013h8_1080x1411.jpg",
          "bizType": "4",
          "contentId": 1059780000,
          "link": "//h5.mogujie.com/brand-content/personal-homepage.html?stickyId=11z6l4o_11z6qws_11z6luk&uid=13fzn4k&acm=3.mce.1_19_1z1xj08.126262.0-84667.uOrjFr7VkJg3E.sd_119_115-gi_uOrjFr7VkJhv2-pos_1-pri_9_13fzn4k-lc_201-mid_126262-m_1059780000-pm_077-cid_1059780000",
          "isVideo": false,
          "acm": "3.mce.1_19_1z1xj08.126262.0-84667.uOrjFr7VkJg3E.sd_119_115-gi_uOrjFr7VkJhv2-pos_1-pri_9_13fzn4k-lc_201-mid_126262-m_1059780000-pm_077-cid_1059780000",
          "scanCount": 2170,
          "showCover": "https://s11.mogucdn.com/mlcdn/c45406/181028_121l51k7ja3c1eaj1ieih1d50lgj3_704x1174.jpg",
          "scanType": 1,
          "type": "20"
        },
        {
          "scanIcon": "https://s10.mogucdn.com/mlcdn/c45406/180810_0a02124e70hcl6hd13d597idalb7e_28x28.png",
          "cover": "https://s11.mogucdn.com/mlcdn/c45406/181028_6kf761h9fiehi4l516a1bk9gdc22c_1080x1440.jpg",
          "bizType": "4",
          "contentId": 1059780466,
          "link": "//h5.mogujie.com/brand-content/personal-homepage.html?stickyId=11z6luk_11z6qws_11z6l4o&uid=13fzn4k&acm=3.mce.1_19_1z1xjq4.126262.0-84667.uOrjFr7VkJg3E.sd_119_115-gi_uOrjFr7VkJhv2-pos_2-pri_9_13fzn4k-lc_201-mid_126262-m_1059780466-pm_077-cid_1059780466",
          "isVideo": false,
          "acm": "3.mce.1_19_1z1xjq4.126262.0-84667.uOrjFr7VkJg3E.sd_119_115-gi_uOrjFr7VkJhv2-pos_2-pri_9_13fzn4k-lc_201-mid_126262-m_1059780466-pm_077-cid_1059780466",
          "scanCount": 2480,
          "showCover": "https://s11.mogucdn.com/mlcdn/c45406/181029_2fl7b1d75497605gc8eec338i4bkj_648x1080.jpg",
          "scanType": 1,
          "type": "20"
        }
      ],
      "publishNum": 8,
      "location": "沈阳",
      "brandInfo": [
        {
          "brandName": "mylittlebanana",
          "brandId": 8642058,
          "link": "//h5.mogujie.com/brand-content/brand-homepage.html?brandId=1aagjw&acm=3.mce.1_5_1aagjw.126262.0.9uh1mr7VkJhKX.pos_0-sd_119-ctl_1z1xosc_1z1xj08_1z1xjq4",
          "acm": "3.mce.1_5_1aagjw.126262.0.9uh1mr7VkJhKX.pos_0-sd_119-ctl_1z1xosc_1z1xj08_1z1xjq4",
          "brandLogo": "https://s11.mogucdn.com/mlcdn/0ffcd9/180828_86c5b64g5af9e0l4k3jjb6162h41c_400x400.png"
        },
        {
          "brandName": "COS",
          "brandId": 8641346,
          "link": "//h5.mogujie.com/brand-content/brand-homepage.html?brandId=1aafgc&acm=3.mce.1_5_1aafgc.126262.0.9uh1mr7VkJhKY.pos_1-sd_119-ctl_1z1xosc_1z1xj08_1z1xjq4",
          "acm": "3.mce.1_5_1aafgc.126262.0.9uh1mr7VkJhKY.pos_1-sd_119-ctl_1z1xosc_1z1xj08_1z1xjq4",
          "brandLogo": "https://s3.mogucdn.com/mlcdn/0ffcd9/180831_74fb4h0fc2df795j558hc7i41dba5_286x285.png"
        },
        {
          "brandName": "CONVERSE",
          "brandId": 8641254,
          "link": "//h5.mogujie.com/brand-content/brand-homepage.html?brandId=1aafb8&acm=3.mce.1_5_1aafb8.126262.0.9uh1mr7VkJhKZ.pos_2-sd_119-ctl_1z1xosc_1z1xj08_1z1xjq4",
          "acm": "3.mce.1_5_1aafb8.126262.0.9uh1mr7VkJhKZ.pos_2-sd_119-ctl_1z1xosc_1z1xj08_1z1xjq4",
          "brandLogo": "https://s11.mogucdn.com/mlcdn/0ffcd9/180920_2ifaljedeaadiig521f2jeie128a4_136x136.png"
        },
        {
          "brandName": "阿希哥vcruan",
          "brandId": 8642545,
          "link": "//h5.mogujie.com/brand-content/brand-homepage.html?brandId=1aahay&acm=3.mce.1_5_1aahay.126262.0.9uh1nr7VkJhK0.pos_3-sd_119-ctl_1z1xosc_1z1xj08_1z1xjq4",
          "acm": "3.mce.1_5_1aahay.126262.0.9uh1nr7VkJhK0.pos_3-sd_119-ctl_1z1xosc_1z1xj08_1z1xjq4",
          "brandLogo": "https://s11.mogucdn.com/mlcdn/0ffcd9/180914_2935k39d775f59l8474d84e6f6ld9_192x192.png"
        },
        {
          "brandName": "CELINE",
          "brandId": 8641715,
          "link": "//h5.mogujie.com/brand-content/brand-homepage.html?brandId=1aag0u&acm=3.mce.1_5_1aag0u.126262.0.9uh1nr7VkJhK1.pos_4-sd_119-ctl_1z1xosc_1z1xj08_1z1xjq4",
          "acm": "3.mce.1_5_1aag0u.126262.0.9uh1nr7VkJhK1.pos_4-sd_119-ctl_1z1xosc_1z1xj08_1z1xjq4",
          "brandLogo": "https://s11.mogucdn.com/mlcdn/0ffcd9/180906_6dbfd524k4h5kej0fi6el3ici4b27_262x263.png"
        },
        {
          "brandName": "ZARA",
          "brandId": 8641200,
          "link": "//h5.mogujie.com/brand-content/brand-homepage.html?brandId=1aaf88&acm=3.mce.1_5_1aaf88.126262.0.9uh1nr7VkJhK2.pos_5-sd_119-ctl_1z1xosc_1z1xj08_1z1xjq4",
          "acm": "3.mce.1_5_1aaf88.126262.0.9uh1nr7VkJhK2.pos_5-sd_119-ctl_1z1xosc_1z1xj08_1z1xjq4",
          "brandLogo": "https://s11.mogucdn.com/mlcdn/0ffcd9/180831_6g8i64kacd028d5375e9a6d42df1h_289x280.png"
        }
      ],
      "height": 168
    },
    {
      "modelType": "square_brand",
      "list": [
        {
          "brandName": "Mjstyle",
          "brandId": 8641637,
          "avatarLink": "//h5.mogujie.com/brand-content/brand-homepage.html?brandId=1aafwi&acm=3.mce.1_5_1aafwi.126262.84667.uOrjFr7VkJg3E.mid_126262-sd_115-gi_uOrjFr7VkJhv3-ctl_1z1xo5a_1z1x822_1z1wtr8-lc_201",
          "ctList": [
            {
              "scanIcon": "https://s10.mogucdn.com/mlcdn/c45406/180810_0a02124e70hcl6hd13d597idalb7e_28x28.png",
              "cover": "https://s5.mogucdn.com/mlcdn/c45406/181029_6f8a0b97703304ejjfd0g68i75a6j_1080x1440.jpg",
              "bizType": "4",
              "contentId": 1059783331,
              "link": "//h5.mogujie.com/brand-content/brand-homepage.html?stickyId=11z6q9q_11z6a6i_11z5vvo&brandId=1aafwi&acm=3.mce.1_19_1z1xo5a.126262.0-84667.uOrjFr7VkJg3E.sd_119_115-gi_uOrjFr7VkJhv3-pos_0-pri_5_1aafwi-lc_201-mid_126262-m_1059783331-pm_078-cid_1059783331",
              "isVideo": false,
              "acm": "3.mce.1_19_1z1xo5a.126262.0-84667.uOrjFr7VkJg3E.sd_119_115-gi_uOrjFr7VkJhv3-pos_0-pri_5_1aafwi-lc_201-mid_126262-m_1059783331-pm_078-cid_1059783331",
              "scanCount": 1987,
              "showCover": "https://s11.mogucdn.com/mlcdn/c45406/181029_644f43ghhgljb5a18366h9h1hci81_668x1114.jpg",
              "scanType": 1,
              "type": "20"
            },
            {
              "scanIcon": "https://s10.mogucdn.com/mlcdn/c45406/180810_0a02124e70hcl6hd13d597idalb7e_28x28.png",
              "cover": "https://s11.mogucdn.com/mlcdn/c45406/181026_76800i818ij31kdddfe8e1gdf3k5i_2546x3397.jpg",
              "bizType": "4",
              "contentId": 1059772905,
              "link": "//h5.mogujie.com/brand-content/brand-homepage.html?stickyId=11z6a6i_11z6q9q_11z5vvo&brandId=1aafwi&acm=3.mce.1_19_1z1x822.126262.0-84667.uOrjFr7VkJg3E.sd_119_115-gi_uOrjFr7VkJhv3-pos_1-pri_5_1aafwi-lc_201-mid_126262-m_1059772905-pm_078-cid_1059772905",
              "isVideo": false,
              "acm": "3.mce.1_19_1z1x822.126262.0-84667.uOrjFr7VkJg3E.sd_119_115-gi_uOrjFr7VkJhv3-pos_1-pri_5_1aafwi-lc_201-mid_126262-m_1059772905-pm_078-cid_1059772905",
              "scanCount": 5139,
              "showCover": "https://s11.mogucdn.com/mlcdn/c45406/181027_5b1jabf29gcih3j54ljiihee2l9f6_505x842.jpg",
              "scanType": 1,
              "type": "20"
            },
            {
              "scanIcon": "https://s10.mogucdn.com/mlcdn/c45406/180810_0a02124e70hcl6hd13d597idalb7e_28x28.png",
              "cover": "https://s11.mogucdn.com/mlcdn/c45406/181025_3jd7i1j3fh9jlk62hg1ck7hdd9ci6_1139x1707.png",
              "bizType": "4",
              "contentId": 1059763638,
              "link": "//h5.mogujie.com/brand-content/brand-homepage.html?stickyId=11z5vvo_11z6q9q_11z6a6i&brandId=1aafwi&acm=3.mce.1_19_1z1wtr8.126262.0-84667.uOrjFr7VkJg3E.sd_119_115-gi_uOrjFr7VkJhv3-pos_2-pri_5_1aafwi-lc_201-mid_126262-m_1059763638-pm_078-cid_1059763638",
              "isVideo": false,
              "acm": "3.mce.1_19_1z1wtr8.126262.0-84667.uOrjFr7VkJg3E.sd_119_115-gi_uOrjFr7VkJhv3-pos_2-pri_5_1aafwi-lc_201-mid_126262-m_1059763638-pm_078-cid_1059763638",
              "scanCount": 28714,
              "showCover": "https://s11.mogucdn.com/mlcdn/c45406/181025_4519j0503e1796h2b0lf4caic43kk_810x1350.png",
              "scanType": 1,
              "type": "20"
            }
          ],
          "publishNum": "14",
          "location": "中国",
          "acm": "3.mce.1_5_1aafwi.126262.84667.uOrjFr7VkJg3E.mid_126262-sd_115-gi_uOrjFr7VkJhv3-ctl_1z1xo5a_1z1x822_1z1wtr8-lc_201",
          "brandInfo": [
            {
              "brandName": "拉夏贝尔",
              "brandId": 8642044,
              "link": "//h5.mogujie.com/brand-content/brand-homepage.html?brandId=1aagj4&acm=3.mce.1_5_1aagj4.126262.0.9uh1nr7VkJhK6.pos_0-sd_119-ctl_1z1xo5a_1z1x822_1z1wtr8",
              "acm": "3.mce.1_5_1aagj4.126262.0.9uh1nr7VkJhK6.pos_0-sd_119-ctl_1z1xo5a_1z1x822_1z1wtr8",
              "brandLogo": "https://s11.mogucdn.com/mlcdn/0ffcd9/180828_1hjh89ccic3l1j85ddda1hdk33kig_400x400.jpg"
            },
            {
              "brandName": "Charles&Keith",
              "brandId": 8641219,
              "link": "//h5.mogujie.com/brand-content/brand-homepage.html?brandId=1aaf9a&acm=3.mce.1_5_1aaf9a.126262.0.9uh1nr7VkJhK7.pos_1-sd_119-ctl_1z1xo5a_1z1x822_1z1wtr8",
              "acm": "3.mce.1_5_1aaf9a.126262.0.9uh1nr7VkJhK7.pos_1-sd_119-ctl_1z1xo5a_1z1x822_1z1wtr8",
              "brandLogo": "https://s11.mogucdn.com/mlcdn/0ffcd9/180906_8g1l2bj6ichg7h25fdhe82dbf74e2_225x225.png"
            },
            {
              "brandName": "NIKE",
              "brandId": 8641147,
              "link": "//h5.mogujie.com/brand-content/brand-homepage.html?brandId=1aaf5a&acm=3.mce.1_5_1aaf5a.126262.0.9uh1nr7VkJhK8.pos_2-sd_119-ctl_1z1xo5a_1z1x822_1z1wtr8",
              "acm": "3.mce.1_5_1aaf5a.126262.0.9uh1nr7VkJhK8.pos_2-sd_119-ctl_1z1xo5a_1z1x822_1z1wtr8",
              "brandLogo": "https://s3.mogucdn.com/mlcdn/0ffcd9/180723_251aje33k834bd72g1232l401g4jk_634x566.png"
            },
            {
              "brandName": "forever 21",
              "brandId": 8641241,
              "link": "//h5.mogujie.com/brand-content/brand-homepage.html?brandId=1aafai&acm=3.mce.1_5_1aafai.126262.0.9uh1nr7VkJhK9.pos_3-sd_119-ctl_1z1xo5a_1z1x822_1z1wtr8",
              "acm": "3.mce.1_5_1aafai.126262.0.9uh1nr7VkJhK9.pos_3-sd_119-ctl_1z1xo5a_1z1x822_1z1wtr8",
              "brandLogo": "https://s11.mogucdn.com/mlcdn/0ffcd9/180920_0le7dc2gk6b01ai5lfg4h1ika29cd_305x304.png"
            }
          ],
          "title": "#秋季打扮##发现好物# dfdfcoco这条连衣裙真是深得我心鸭  ",
          "brandLogo": "https://s3.mogucdn.com/mlcdn/0ffcd9/180827_146l84d40917a649e7i1cg85ff1f2_340x340.png"
        }
      ]
    },
    {
      "career": "",
      "showName": "彤子蓝",
      "avatarLink": "//h5.mogujie.com/brand-content/personal-homepage.html?uid=1bh6q9g&acm=3.mce.1_9_1bh6q9g.126262.84667.uOrjFr7VkJg3E.mid_126262-sd_115-gi_uOrjFr7VkJhv4-ctl_1z1xk9k_1z1xjzm_1z1xitw-lc_201",
      "weight": 48,
      "acm": "3.mce.1_9_1bh6q9g.126262.84667.uOrjFr7VkJg3E.mid_126262-sd_115-gi_uOrjFr7VkJhv4-ctl_1z1xk9k_1z1xjzm_1z1xitw-lc_201",
      "avatar": "https://s11.mogucdn.com/mlcdn/5abf39/180919_5blifc8b1ji9l6jcfac94e283k43c_400x400.jpg",
      "title": "宝石配色，秋冬穿搭。 伪红绿灯配色，灯芯绒深红色外套搭配墨绿色毛衣和深姜黄百褶裙，色彩感超棒～ 包包选了和毛衣同色的墨绿色小包，靴子则选了与半裙同色的丝绒短靴。蛮复古感的一套LOOK。 #11.11购齐秋冬流行色##我把ZARA穿的贵贵的##正流行的罂粟红，你PICK了吗#",
      "uid": 346997662,
      "ctList": [
        {
          "scanIcon": "https://s10.mogucdn.com/mlcdn/c45406/180810_0a02124e70hcl6hd13d597idalb7e_28x28.png",
          "cover": "https://s11.mogucdn.com/mlcdn/c45406/181028_6j188jgdjk62871ahjk04heih3el4_1080x1645.jpg",
          "bizType": "4",
          "contentId": 1059780816,
          "link": "//h5.mogujie.com/brand-content/personal-homepage.html?stickyId=11z6me0_11z6m42_11z6kyc&uid=1bh6q9g&acm=3.mce.1_19_1z1xk9k.126262.0-84667.uOrjFr7VkJg3E.sd_119_115-gi_uOrjFr7VkJhv4-pos_0-pri_9_1bh6q9g-lc_201-mid_126262-m_1059780816-pm_077-cid_1059780816",
          "isVideo": false,
          "acm": "3.mce.1_19_1z1xk9k.126262.0-84667.uOrjFr7VkJg3E.sd_119_115-gi_uOrjFr7VkJhv4-pos_0-pri_9_1bh6q9g-lc_201-mid_126262-m_1059780816-pm_077-cid_1059780816",
          "scanCount": 243110,
          "showCover": "https://s3.mogucdn.com/mlcdn/c45406/181028_698hd24ekeid12c05720b4jfjj47a_766x1279.jpg",
          "scanType": 1,
          "type": "20"
        },
        {
          "scanIcon": "https://s10.mogucdn.com/mlcdn/c45406/180810_0a02124e70hcl6hd13d597idalb7e_28x28.png",
          "cover": "https://s11.mogucdn.com/mlcdn/c45406/181028_82706cd2hj5a2acj8g31e0j08ijfh_1080x1620.jpg",
          "bizType": "4",
          "contentId": 1059780637,
          "link": "//h5.mogujie.com/brand-content/personal-homepage.html?stickyId=11z6m42_11z6me0_11z6kyc&uid=1bh6q9g&acm=3.mce.1_19_1z1xjzm.126262.0-84667.uOrjFr7VkJg3E.sd_119_115-gi_uOrjFr7VkJhv4-pos_1-pri_9_1bh6q9g-lc_201-mid_126262-m_1059780637-pm_077-cid_1059780637",
          "isVideo": false,
          "acm": "3.mce.1_19_1z1xjzm.126262.0-84667.uOrjFr7VkJg3E.sd_119_115-gi_uOrjFr7VkJhv4-pos_1-pri_9_1bh6q9g-lc_201-mid_126262-m_1059780637-pm_077-cid_1059780637",
          "scanCount": 281116,
          "showCover": "https://s11.mogucdn.com/mlcdn/c45406/181028_5h583ijhc7993b3439b27bf72ljai_644x1075.jpg",
          "scanType": 1,
          "type": "20"
        },
        {
          "scanIcon": "https://s10.mogucdn.com/mlcdn/c45406/180810_0a02124e70hcl6hd13d597idalb7e_28x28.png",
          "cover": "https://s3.mogucdn.com/mlcdn/c45406/181028_4hg50bla1f3l5i09d37a74hk1i232_1080x1620.jpg",
          "bizType": "4",
          "contentId": 1059779886,
          "link": "//h5.mogujie.com/brand-content/personal-homepage.html?stickyId=11z6kyc_11z6me0_11z6m42&uid=1bh6q9g&acm=3.mce.1_19_1z1xitw.126262.0-84667.uOrjFr7VkJg3E.sd_119_115-gi_uOrjFr7VkJhv4-pos_2-pri_9_1bh6q9g-lc_201-mid_126262-m_1059779886-pm_077-cid_1059779886",
          "isVideo": false,
          "acm": "3.mce.1_19_1z1xitw.126262.0-84667.uOrjFr7VkJg3E.sd_119_115-gi_uOrjFr7VkJhv4-pos_2-pri_9_1bh6q9g-lc_201-mid_126262-m_1059779886-pm_077-cid_1059779886",
          "scanCount": 347591,
          "showCover": "https://s3.mogucdn.com/mlcdn/c45406/181028_6e00gb3c7i3a6cebie264ghc90c1d_776x1294.jpg",
          "scanType": 1,
          "type": "20"
        }
      ],
      "publishNum": 10,
      "location": "",
      "brandInfo": [
        {
          "brandName": "ZARA",
          "brandId": 8641200,
          "link": "//h5.mogujie.com/brand-content/brand-homepage.html?brandId=1aaf88&acm=3.mce.1_5_1aaf88.126262.0.9uh1nr7VkJhKd.pos_0-sd_119-ctl_1z1xk9k_1z1xjzm_1z1xitw",
          "acm": "3.mce.1_5_1aaf88.126262.0.9uh1nr7VkJhKd.pos_0-sd_119-ctl_1z1xk9k_1z1xjzm_1z1xitw",
          "brandLogo": "https://s11.mogucdn.com/mlcdn/0ffcd9/180831_6g8i64kacd028d5375e9a6d42df1h_289x280.png"
        },
        {
          "brandName": "ICY",
          "brandId": 8641251,
          "link": "//h5.mogujie.com/brand-content/brand-homepage.html?brandId=1aafb2&acm=3.mce.1_5_1aafb2.126262.0.9uh1nr7VkJhKe.pos_1-sd_119-ctl_1z1xk9k_1z1xjzm_1z1xitw",
          "acm": "3.mce.1_5_1aafb2.126262.0.9uh1nr7VkJhKe.pos_1-sd_119-ctl_1z1xk9k_1z1xjzm_1z1xitw",
          "brandLogo": "https://s11.mogucdn.com/mlcdn/0ffcd9/180724_40808a33a0hlbg8g70dd9809a4f4d_125x98.png"
        }
      ],
      "identityIcon": "https://s10.mogucdn.com/mlcdn/c45406/180903_1c420894d4k261kk4gjf9bk2kei3b_366x108.png",
      "height": 165
    },
    {
      "modelType": "square_topic",
      "list": [
        {
          "rightIcon": "",
          "publishUserCount": 114,
          "avatarLink": "//h5.mogujie.com/brand-content/topic-normal.html?tagId=11c8m99u&acm=3.mce.1_17_11c8m99u.128389..1rYAZr7VkJgtx.sd_130-gi_1rYAZr7VkJgto",
          "acm": "3.mce.1_17_11c8m99u.128389..1rYAZr7VkJgtx.sd_130-gi_1rYAZr7VkJgto",
          "avatar": "https://s5.mogucdn.com/mlcdn/c45406/181029_07ikea8g208affkc58fhlfh5b8243_225x225.jpg",
          "timeE": 0,
          "title": "🎀粉白组cp，超温柔的淑女风look！\n\n👧🏻身高161.7 体重47.5 是个小黑妹～穿的都是s码哦！\n纯色的毛衣最适合日常穿了！很好搭配，无论是搭配牛仔裤还是半生裙都会很漂亮~今天我给自己搭配了一条皮质百褶裙，材质很特别，而且粉嫩嫩的超淑女！\n#MOGU Studio × 西溪银泰城 “超级试衣间”##可以穿到80岁的裙子##",
          "timeS": 0,
          "topicLogo": "https://s10.mogucdn.com/mlcdn/c45406/181011_4i5edci1hf80ejab9792ll9gf8bck_66x66.png",
          "ctList": [
            {
              "bizType": 4,
              "contentId": "1z1xte6",
              "link": "//h5.mogujie.com/brand-content/topic-normal.html?tagId=11c8m99u&acm=3.mce.1_19_1z1xte6.128389..1rYAZr7VkJgtp.sd_130-gi_1rYAZr7VkJgto-cid_1059786731",
              "isVideo": false,
              "shopIcon": "https://s11.mogucdn.com/mlcdn/c45406/180820_4elccj9cb0lfh129illfccg01g0c9_28x28.png",
              "acm": "3.mce.1_19_1z1xte6.128389..1rYAZr7VkJgtp.sd_130-gi_1rYAZr7VkJgto-cid_1059786731",
              "brandList": [
                {
                  "countryOriginName": "中国",
                  "brandName": "ME&CITY",
                  "brandId": "1aafck",
                  "link": "//h5.mogujie.com/brand-content/brand-homepage.html?brandId=1aafck&acm=3.mce.1_5_1aafck.128389..1rYAZr7VkJgts.sd_130-gi_1rYAZr7VkJgto",
                  "publishNum": 37,
                  "acm": "3.mce.1_5_1aafck.128389..1rYAZr7VkJgts.sd_130-gi_1rYAZr7VkJgto",
                  "brandLogo": "https://s3.mogucdn.com/mlcdn/0ffcd9/180724_3jf22if8h83hekl2he2jic9gh0idk_118x113.png"
                },
                {
                  "countryOriginName": "中国",
                  "brandName": "梅子熟了",
                  "brandId": "1aaf86",
                  "link": "//h5.mogujie.com/brand-content/brand-homepage.html?brandId=1aaf86&acm=3.mce.1_5_1aaf86.128389..1rYAZr7VkJgtt.sd_130-gi_1rYAZr7VkJgto",
                  "publishNum": 52,
                  "acm": "3.mce.1_5_1aaf86.128389..1rYAZr7VkJgtt.sd_130-gi_1rYAZr7VkJgto",
                  "brandLogo": "https://s11.mogucdn.com/mlcdn/0ffcd9/181015_2li4fj6bg1akf0c6a3d6654fk1f89_218x218.png"
                }
              ],
              "userId": "1hftym",
              "cover": "https://s5.mogucdn.com/mlcdn/c45406/181030_69add7ih358bfakli11kgelb6j4kb_1080x1440.jpg",
              "scanIcon": "https://s10.mogucdn.com/mlcdn/c45406/180810_0a02124e70hcl6hd13d597idalb7e_28x28.png",
              "scanCount": 25056,
              "showCover": "https://s11.mogucdn.com/mlcdn/c45406/181030_83196eia4h3geg72hk205927c7ddk_736x1227.jpg",
              "scanType": 1,
              "desc": "🎀粉白组cp，超温柔的淑女风look！\n\n👧🏻身高161.7 体重47.5 是个小黑妹～穿的都是s码哦！\n纯色的毛衣最适合日常穿了！很好搭配，无论是搭配牛仔裤还是半生裙都会很漂亮~今天我给自己搭配了一条皮质百褶裙，材质很特别，而且粉嫩嫩的超淑女！\n#MOGU Studio × 西溪银泰城 “超级试衣间”##可以穿到80岁的裙子##"
            },
            {
              "bizType": 4,
              "contentId": "1z1xmnk",
              "link": "//h5.mogujie.com/brand-content/topic-normal.html?tagId=11c8m99u&acm=3.mce.1_19_1z1xmnk.128389..1rYAZr7VkJgtq.sd_130-gi_1rYAZr7VkJgto-cid_1059782364",
              "isVideo": false,
              "shopIcon": "https://s11.mogucdn.com/mlcdn/c45406/180820_4elccj9cb0lfh129illfccg01g0c9_28x28.png",
              "acm": "3.mce.1_19_1z1xmnk.128389..1rYAZr7VkJgtq.sd_130-gi_1rYAZr7VkJgto-cid_1059782364",
              "brandList": [
                {
                  "countryOriginName": "中国",
                  "brandName": "爱爱丸",
                  "brandId": "1aahem",
                  "link": "//h5.mogujie.com/brand-content/brand-homepage.html?brandId=1aahem&acm=3.mce.1_5_1aahem.128389..1rYAZr7VkJgtu.sd_130-gi_1rYAZr7VkJgto",
                  "publishNum": 119,
                  "acm": "3.mce.1_5_1aahem.128389..1rYAZr7VkJgtu.sd_130-gi_1rYAZr7VkJgto",
                  "brandLogo": "https://s3.mogucdn.com/mlcdn/0ffcd9/180917_158bhigke7h154l7akddlhb8c0122_254x255.png"
                }
              ],
              "userId": "1hftym",
              "cover": "https://s11.mogucdn.com/mlcdn/c45406/181029_3j636k1jjj1bf359k08b8ii2fc1hk_1080x1439.jpg",
              "scanIcon": "https://s10.mogucdn.com/mlcdn/c45406/180810_0a02124e70hcl6hd13d597idalb7e_28x28.png",
              "scanCount": 70133,
              "showCover": "https://s11.mogucdn.com/mlcdn/c45406/181029_0g63k8j46jf5c941433h313gj724i_722x1204.jpg",
              "scanType": 1,
              "desc": "🎀超可爱！！减龄满分的娃娃衫！👧🏻👧🏻👧🏻\n\n👧🏻身高161.7 体重47.5 是个小黑妹～穿的都是s码～\n本老阿姨又来装嫩了！超级可爱的娃娃衫，减龄效果非常棒，效果堪比羊胎素！（那是有点夸张了，哈哈）为了避免穿搭太单调，搭配了一件毛衣假装是披肩～\n#MOGU Studio × 西溪银泰城 “超级试衣间”##这个秋冬，选怀旧格纹就对了～#\n👏欢迎关注我哦～"
            },
            {
              "cover": "https://s11.mogucdn.com/mlcdn/c45406/181030_89l8h1j669ee2780dc44k132a0ci3_1080x1080.jpg",
              "scanIcon": "https://s10.mogucdn.com/mlcdn/c45406/180810_0a02124e70hcl6hd13d597idalb7e_28x28.png",
              "bizType": 4,
              "contentId": "1z1xtbs",
              "link": "//h5.mogujie.com/brand-content/topic-normal.html?tagId=11c8m99u&acm=3.mce.1_19_1z1xtbs.128389..1rYAZr7VkJgtr.sd_130-gi_1rYAZr7VkJgto-cid_1059786688",
              "isVideo": false,
              "acm": "3.mce.1_19_1z1xtbs.128389..1rYAZr7VkJgtr.sd_130-gi_1rYAZr7VkJgto-cid_1059786688",
              "brandList": [
                {
                  "countryOriginName": "中国",
                  "brandName": "回力",
                  "brandId": "1aag9o",
                  "link": "//h5.mogujie.com/brand-content/brand-homepage.html?brandId=1aag9o&acm=3.mce.1_5_1aag9o.128389..1rYAZr7VkJgtv.sd_130-gi_1rYAZr7VkJgto",
                  "publishNum": 181,
                  "acm": "3.mce.1_5_1aag9o.128389..1rYAZr7VkJgtv.sd_130-gi_1rYAZr7VkJgto",
                  "brandLogo": "https://s11.mogucdn.com/mlcdn/0ffcd9/180911_6a2b99jb99hk4k6c4i6d55b9c32gi_298x297.png"
                },
                {
                  "countryOriginName": "西班牙",
                  "brandName": "ZARA",
                  "brandId": "1aaf88",
                  "link": "//h5.mogujie.com/brand-content/brand-homepage.html?brandId=1aaf88&acm=3.mce.1_5_1aaf88.128389..1rYAZr7VkJgtw.sd_130-gi_1rYAZr7VkJgto",
                  "publishNum": 6000,
                  "acm": "3.mce.1_5_1aaf88.128389..1rYAZr7VkJgtw.sd_130-gi_1rYAZr7VkJgto",
                  "brandLogo": "https://s11.mogucdn.com/mlcdn/0ffcd9/180831_6g8i64kacd028d5375e9a6d42df1h_289x280.png"
                }
              ],
              "scanCount": 18158,
              "scanType": 1,
              "userId": "1cdee5c",
              "desc": "#小个子速速“长高”##帆布鞋##90后的双十一：要够潮够拽够个性!##11.11联名款首发清单##11.11购齐秋冬流行色##精致细节在双十一中博出位##Layer it！叠穿最时尚##MOGU Studio × 西溪银泰城 “超级试衣间”#\n今天上身分享的是ouw的迷彩夹克\n内搭白色打底衫显得简约大气 秋季出门正合适\n裤子是纯黑色牛仔裤 鞋子是回力高帮帆布\n出门懒得洗头就戴一顶鸭舌帽遮挡一下\n这一套搭配显得大方成熟不失潮流\n穿衣还是要以简单舒适为主"
            }
          ],
          "publishNum": 165,
          "showType": 1,
          "topicName": "MOGU Studio × 西溪银泰城 “超级试衣间”",
          "lookTotal": 467,
          "brandInfo": [
            {
              "countryOriginName": "中国",
              "brandName": "梅子熟了",
              "brandId": "1aaf86",
              "link": "//h5.mogujie.com/brand-content/brand-homepage.html?brandId=1aaf86&acm=3.mce.1_5_1aaf86.128389..1rYAZr7VkJgtt.sd_130-gi_1rYAZr7VkJgto",
              "publishNum": 52,
              "acm": "3.mce.1_5_1aaf86.128389..1rYAZr7VkJgtt.sd_130-gi_1rYAZr7VkJgto",
              "brandLogo": "https://s11.mogucdn.com/mlcdn/0ffcd9/181015_2li4fj6bg1akf0c6a3d6654fk1f89_218x218.png"
            },
            {
              "countryOriginName": "西班牙",
              "brandName": "ZARA",
              "brandId": "1aaf88",
              "link": "//h5.mogujie.com/brand-content/brand-homepage.html?brandId=1aaf88&acm=3.mce.1_5_1aaf88.128389..1rYAZr7VkJgtw.sd_130-gi_1rYAZr7VkJgto",
              "publishNum": 6000,
              "acm": "3.mce.1_5_1aaf88.128389..1rYAZr7VkJgtw.sd_130-gi_1rYAZr7VkJgto",
              "brandLogo": "https://s11.mogucdn.com/mlcdn/0ffcd9/180831_6g8i64kacd028d5375e9a6d42df1h_289x280.png"
            },
            {
              "countryOriginName": "中国",
              "brandName": "爱爱丸",
              "brandId": "1aahem",
              "link": "//h5.mogujie.com/brand-content/brand-homepage.html?brandId=1aahem&acm=3.mce.1_5_1aahem.128389..1rYAZr7VkJgtu.sd_130-gi_1rYAZr7VkJgto",
              "publishNum": 119,
              "acm": "3.mce.1_5_1aahem.128389..1rYAZr7VkJgtu.sd_130-gi_1rYAZr7VkJgto",
              "brandLogo": "https://s3.mogucdn.com/mlcdn/0ffcd9/180917_158bhigke7h154l7akddlhb8c0122_254x255.png"
            },
            {
              "countryOriginName": "中国",
              "brandName": "回力",
              "brandId": "1aag9o",
              "link": "//h5.mogujie.com/brand-content/brand-homepage.html?brandId=1aag9o&acm=3.mce.1_5_1aag9o.128389..1rYAZr7VkJgtv.sd_130-gi_1rYAZr7VkJgto",
              "publishNum": 181,
              "acm": "3.mce.1_5_1aag9o.128389..1rYAZr7VkJgtv.sd_130-gi_1rYAZr7VkJgto",
              "brandLogo": "https://s11.mogucdn.com/mlcdn/0ffcd9/180911_6a2b99jb99hk4k6c4i6d55b9c32gi_298x297.png"
            },
            {
              "countryOriginName": "中国",
              "brandName": "ME&CITY",
              "brandId": "1aafck",
              "link": "//h5.mogujie.com/brand-content/brand-homepage.html?brandId=1aafck&acm=3.mce.1_5_1aafck.128389..1rYAZr7VkJgts.sd_130-gi_1rYAZr7VkJgto",
              "publishNum": 37,
              "acm": "3.mce.1_5_1aafck.128389..1rYAZr7VkJgts.sd_130-gi_1rYAZr7VkJgto",
              "brandLogo": "https://s3.mogucdn.com/mlcdn/0ffcd9/180724_3jf22if8h83hekl2he2jic9gh0idk_118x113.png"
            }
          ],
          "contentIds": []
        }
      ]
    },
    {
      "uid": 202575254,
      "career": "学生",
      "showName": "反射弧像是比腿长",
      "avatarLink": "//h5.mogujie.com/brand-content/personal-homepage.html?uid=16p7s6c&acm=3.mce.1_9_16p7s6c.126262.84667.uOrjFr7VkJg3E.mid_126262-sd_115-gi_uOrjFr7VkJhv5-ctl_1z1xmj2_1z1xm06_1z1x9tg-lc_201",
      "ctList": [
        {
          "scanIcon": "https://s10.mogucdn.com/mlcdn/c45406/180810_0a02124e70hcl6hd13d597idalb7e_28x28.png",
          "cover": "https://s11.mogucdn.com/mlcdn/c45406/181029_196l22fl27l2k01f1i2a6l10f8alf_1802x2148.jpg",
          "bizType": "4",
          "contentId": 1059782283,
          "link": "//h5.mogujie.com/brand-content/personal-homepage.html?stickyId=11z6oni_11z6o4m_11z6bxw&uid=16p7s6c&acm=3.mce.1_19_1z1xmj2.126262.0-84667.uOrjFr7VkJg3E.sd_119_115-gi_uOrjFr7VkJhv5-pos_0-pri_9_16p7s6c-lc_201-mid_126262-m_1059782283-pm_077-cid_1059782283",
          "isVideo": false,
          "acm": "3.mce.1_19_1z1xmj2.126262.0-84667.uOrjFr7VkJg3E.sd_119_115-gi_uOrjFr7VkJhv5-pos_0-pri_9_16p7s6c-lc_201-mid_126262-m_1059782283-pm_077-cid_1059782283",
          "scanCount": 2605,
          "showCover": "https://s5.mogucdn.com/mlcdn/c45406/181029_4fgi0k64b5ji3050ldfkji9alel10_922x1538.jpg",
          "scanType": 1,
          "type": "20"
        },
        {
          "scanIcon": "https://s10.mogucdn.com/mlcdn/c45406/180810_0a02124e70hcl6hd13d597idalb7e_28x28.png",
          "cover": "https://s5.mogucdn.com/mlcdn/c45406/181029_13054kaf9fi5e71jcgeee1hd50dgj_1080x1440.jpg",
          "bizType": "4",
          "contentId": 1059781943,
          "link": "//h5.mogujie.com/brand-content/personal-homepage.html?stickyId=11z6o4m_11z6oni_11z6bxw&uid=16p7s6c&acm=3.mce.1_19_1z1xm06.126262.0-84667.uOrjFr7VkJg3E.sd_119_115-gi_uOrjFr7VkJhv5-pos_1-pri_9_16p7s6c-lc_201-mid_126262-m_1059781943-pm_077-cid_1059781943",
          "isVideo": false,
          "acm": "3.mce.1_19_1z1xm06.126262.0-84667.uOrjFr7VkJg3E.sd_119_115-gi_uOrjFr7VkJhv5-pos_1-pri_9_16p7s6c-lc_201-mid_126262-m_1059781943-pm_077-cid_1059781943",
          "scanCount": 2064,
          "showCover": "https://s5.mogucdn.com/mlcdn/c45406/181029_16kf4978igl94e9618c7f87848d91_702x1172.jpg",
          "scanType": 1,
          "type": "20"
        },
        {
          "scanIcon": "https://s10.mogucdn.com/mlcdn/c45406/180810_0a02124e70hcl6hd13d597idalb7e_28x28.png",
          "cover": "https://s3.mogucdn.com/mlcdn/c45406/181027_6hg8bllijb3146lc0k8e454ai6dkl_1080x1134.jpg",
          "bizType": "4",
          "contentId": 1059774046,
          "link": "//h5.mogujie.com/brand-content/personal-homepage.html?stickyId=11z6bxw_11z6oni_11z6o4m&uid=16p7s6c&acm=3.mce.1_19_1z1x9tg.126262.0-84667.uOrjFr7VkJg3E.sd_119_115-gi_uOrjFr7VkJhv5-pos_2-pri_9_16p7s6c-lc_201-mid_126262-m_1059774046-pm_082-cid_1059774046",
          "isVideo": false,
          "acm": "3.mce.1_19_1z1x9tg.126262.0-84667.uOrjFr7VkJg3E.sd_119_115-gi_uOrjFr7VkJhv5-pos_2-pri_9_16p7s6c-lc_201-mid_126262-m_1059774046-pm_082-cid_1059774046",
          "scanCount": 2501,
          "showCover": "https://s3.mogucdn.com/mlcdn/c45406/181027_7b3a2k66hgh4h7g7f92ce5l40gbjf_632x1055.jpg",
          "scanType": 1,
          "type": "20"
        }
      ],
      "publishNum": 5,
      "location": "南京",
      "acm": "3.mce.1_9_16p7s6c.126262.84667.uOrjFr7VkJg3E.mid_126262-sd_115-gi_uOrjFr7VkJhv5-ctl_1z1xmj2_1z1xm06_1z1x9tg-lc_201",
      "avatar": "https://s5.mogucdn.com/mlcdn/5abf39/181026_7ajahdk6bdfbg09hgj02f93ibg3f0_400x400.jpg",
      "brandInfo": [
        {
          "brandName": "CONVERSE",
          "brandId": 8641254,
          "link": "//h5.mogujie.com/brand-content/brand-homepage.html?brandId=1aafb8&acm=3.mce.1_5_1aafb8.126262.0.9uh1nr7VkJhKi.pos_0-sd_119-ctl_1z1xmj2_1z1xm06_1z1x9tg",
          "acm": "3.mce.1_5_1aafb8.126262.0.9uh1nr7VkJhKi.pos_0-sd_119-ctl_1z1xmj2_1z1xm06_1z1x9tg",
          "brandLogo": "https://s11.mogucdn.com/mlcdn/0ffcd9/180920_2ifaljedeaadiig521f2jeie128a4_136x136.png"
        },
        {
          "brandName": "ZARA",
          "brandId": 8641200,
          "link": "//h5.mogujie.com/brand-content/brand-homepage.html?brandId=1aaf88&acm=3.mce.1_5_1aaf88.126262.0.9uh1nr7VkJhKj.pos_1-sd_119-ctl_1z1xmj2_1z1xm06_1z1x9tg",
          "acm": "3.mce.1_5_1aaf88.126262.0.9uh1nr7VkJhKj.pos_1-sd_119-ctl_1z1xmj2_1z1xm06_1z1x9tg",
          "brandLogo": "https://s11.mogucdn.com/mlcdn/0ffcd9/180831_6g8i64kacd028d5375e9a6d42df1h_289x280.png"
        },
        {
          "brandName": "Topshop",
          "brandId": 8641173,
          "link": "//h5.mogujie.com/brand-content/brand-homepage.html?brandId=1aaf6q&acm=3.mce.1_5_1aaf6q.126262.0.9uh1nr7VkJhKk.pos_2-sd_119-ctl_1z1xmj2_1z1xm06_1z1x9tg",
          "acm": "3.mce.1_5_1aaf6q.126262.0.9uh1nr7VkJhKk.pos_2-sd_119-ctl_1z1xmj2_1z1xm06_1z1x9tg",
          "brandLogo": "https://s3.mogucdn.com/mlcdn/0ffcd9/180724_89d3ghd6dgfc89eedk2d6ic9kflcb_414x367.png"
        },
        {
          "brandName": "VANS",
          "brandId": 8641182,
          "link": "//h5.mogujie.com/brand-content/brand-homepage.html?brandId=1aaf78&acm=3.mce.1_5_1aaf78.126262.0.9uh1nr7VkJhKl.pos_3-sd_119-ctl_1z1xmj2_1z1xm06_1z1x9tg",
          "acm": "3.mce.1_5_1aaf78.126262.0.9uh1nr7VkJhKl.pos_3-sd_119-ctl_1z1xmj2_1z1xm06_1z1x9tg",
          "brandLogo": "https://s11.mogucdn.com/mlcdn/0ffcd9/180724_056a1gk1j42d47a4bhik7liae0ijl_364x327.png"
        }
      ],
      "title": "#“下半身失踪”玩法，拿走不谢##我为我校衣品代言##可以穿到80岁的裙子##冷淡or妩媚，都是女人味# 黑色的直筒裙 单穿会显得有些单调 搭上一个牛仔外套 就韩范儿十足 配上一双匡威经典出街 简单大方  👟:匡威"
    },
    {
      "uid": 365171205,
      "career": "",
      "showName": "元宝Rmsnay",
      "avatarLink": "//h5.mogujie.com/brand-content/personal-homepage.html?uid=1c2truq&acm=3.mce.1_9_1c2truq.126262.84667.uOrjFr7VkJg3E.mid_126262-sd_115-gi_uOrjFr7VkJhv6-ctl_1z1xm00_1z1xlym_1z1xm5o-lc_201",
      "ctList": [
        {
          "scanIcon": "https://s10.mogucdn.com/mlcdn/c45406/180810_0a02124e70hcl6hd13d597idalb7e_28x28.png",
          "cover": "https://s5.mogucdn.com/mlcdn/c45406/181029_5i87077akdc0j972e0g98ljc6ch46_2028x2701.jpg",
          "bizType": "4",
          "contentId": 1059781940,
          "link": "//h5.mogujie.com/brand-content/personal-homepage.html?stickyId=11z6o4g_11z6o32_11z6oa4&uid=1c2truq&acm=3.mce.1_19_1z1xm00.126262.0-84667.uOrjFr7VkJg3E.sd_119_115-gi_uOrjFr7VkJhv6-pos_0-pri_9_1c2truq-lc_201-mid_126262-m_1059781940-pm_077-cid_1059781940",
          "isVideo": false,
          "acm": "3.mce.1_19_1z1xm00.126262.0-84667.uOrjFr7VkJg3E.sd_119_115-gi_uOrjFr7VkJhv6-pos_0-pri_9_1c2truq-lc_201-mid_126262-m_1059781940-pm_077-cid_1059781940",
          "scanCount": 29467,
          "scanType": 1,
          "type": "20"
        },
        {
          "scanIcon": "https://s10.mogucdn.com/mlcdn/c45406/180810_0a02124e70hcl6hd13d597idalb7e_28x28.png",
          "cover": "https://s5.mogucdn.com/mlcdn/c45406/181029_2fdlilk83923jh262d2icc1a3bkfd_2322x3096.jpg",
          "bizType": "4",
          "contentId": 1059781915,
          "link": "//h5.mogujie.com/brand-content/personal-homepage.html?stickyId=11z6o32_11z6o4g_11z6oa4&uid=1c2truq&acm=3.mce.1_19_1z1xlym.126262.0-84667.uOrjFr7VkJg3E.sd_119_115-gi_uOrjFr7VkJhv6-pos_1-pri_9_1c2truq-lc_201-mid_126262-m_1059781915-pm_077-cid_1059781915",
          "isVideo": false,
          "acm": "3.mce.1_19_1z1xlym.126262.0-84667.uOrjFr7VkJg3E.sd_119_115-gi_uOrjFr7VkJhv6-pos_1-pri_9_1c2truq-lc_201-mid_126262-m_1059781915-pm_077-cid_1059781915",
          "scanCount": 34957,
          "showCover": "https://s11.mogucdn.com/mlcdn/c45406/181029_2l0kk81656agae5a406k046b9248i_509x848.jpg",
          "scanType": 1,
          "type": "20"
        },
        {
          "scanIcon": "https://s10.mogucdn.com/mlcdn/c45406/180810_0a02124e70hcl6hd13d597idalb7e_28x28.png",
          "cover": "https://s11.mogucdn.com/mlcdn/c45406/181029_7h6alb88g2fgeh5e7f17hjhbe9k83_2204x2943.jpg",
          "bizType": "4",
          "contentId": 1059782042,
          "link": "//h5.mogujie.com/brand-content/personal-homepage.html?stickyId=11z6oa4_11z6o4g_11z6o32&uid=1c2truq&acm=3.mce.1_19_1z1xm5o.126262.0-84667.uOrjFr7VkJg3E.sd_119_115-gi_uOrjFr7VkJhv6-pos_2-pri_9_1c2truq-lc_201-mid_126262-m_1059782042-pm_077-cid_1059782042",
          "isVideo": false,
          "acm": "3.mce.1_19_1z1xm5o.126262.0-84667.uOrjFr7VkJg3E.sd_119_115-gi_uOrjFr7VkJhv6-pos_2-pri_9_1c2truq-lc_201-mid_126262-m_1059782042-pm_077-cid_1059782042",
          "scanCount": 7582,
          "scanType": 1,
          "type": "20"
        }
      ],
      "publishNum": 10,
      "location": "长沙",
      "acm": "3.mce.1_9_1c2truq.126262.84667.uOrjFr7VkJg3E.mid_126262-sd_115-gi_uOrjFr7VkJhv6-ctl_1z1xm00_1z1xlym_1z1xm5o-lc_201",
      "avatar": "https://s11.mogucdn.com/mlcdn/5abf39/180926_7i87106f2e9hbie8keclc7962k33d_400x400.jpg",
      "brandInfo": [
        {
          "brandName": "爱爱丸",
          "brandId": 8642611,
          "link": "//h5.mogujie.com/brand-content/brand-homepage.html?brandId=1aahem&acm=3.mce.1_5_1aahem.126262.0.9uh1nr7VkJhLp.pos_0-sd_119-ctl_1z1xm00_1z1xlym_1z1xm5o",
          "acm": "3.mce.1_5_1aahem.126262.0.9uh1nr7VkJhLp.pos_0-sd_119-ctl_1z1xm00_1z1xlym_1z1xm5o",
          "brandLogo": "https://s3.mogucdn.com/mlcdn/0ffcd9/180917_158bhigke7h154l7akddlhb8c0122_254x255.png"
        },
        {
          "brandName": "CONVERSE",
          "brandId": 8641254,
          "link": "//h5.mogujie.com/brand-content/brand-homepage.html?brandId=1aafb8&acm=3.mce.1_5_1aafb8.126262.0.9uh1nr7VkJhLq.pos_1-sd_119-ctl_1z1xm00_1z1xlym_1z1xm5o",
          "acm": "3.mce.1_5_1aafb8.126262.0.9uh1nr7VkJhLq.pos_1-sd_119-ctl_1z1xm00_1z1xlym_1z1xm5o",
          "brandLogo": "https://s11.mogucdn.com/mlcdn/0ffcd9/180920_2ifaljedeaadiig521f2jeie128a4_136x136.png"
        },
        {
          "brandName": "H&M",
          "brandId": 8641186,
          "link": "//h5.mogujie.com/brand-content/brand-homepage.html?brandId=1aaf7g&acm=3.mce.1_5_1aaf7g.126262.0.9uh1nr7VkJhLr.pos_2-sd_119-ctl_1z1xm00_1z1xlym_1z1xm5o",
          "acm": "3.mce.1_5_1aaf7g.126262.0.9uh1nr7VkJhLr.pos_2-sd_119-ctl_1z1xm00_1z1xlym_1z1xm5o",
          "brandLogo": "https://s11.mogucdn.com/mlcdn/0ffcd9/180831_34lig093i41jdh2j9jlg7d99dd9a3_197x202.png"
        },
        {
          "brandName": "PUMA",
          "brandId": 8641148,
          "link": "//h5.mogujie.com/brand-content/brand-homepage.html?brandId=1aaf5c&acm=3.mce.1_5_1aaf5c.126262.0.9uh1nr7VkJhLs.pos_3-sd_119-ctl_1z1xm00_1z1xlym_1z1xm5o",
          "acm": "3.mce.1_5_1aaf5c.126262.0.9uh1nr7VkJhLs.pos_3-sd_119-ctl_1z1xm00_1z1xlym_1z1xm5o",
          "brandLogo": "https://s3.mogucdn.com/mlcdn/0ffcd9/180723_1d5ga60171alb55a5d3b6lb98hfei_511x461.png"
        },
        {
          "brandName": "UGG",
          "brandId": 8641535,
          "link": "//h5.mogujie.com/brand-content/brand-homepage.html?brandId=1aafqu&acm=3.mce.1_5_1aafqu.126262.0.9uh1nr7VkJhLt.pos_4-sd_119-ctl_1z1xm00_1z1xlym_1z1xm5o",
          "acm": "3.mce.1_5_1aafqu.126262.0.9uh1nr7VkJhLt.pos_4-sd_119-ctl_1z1xm00_1z1xlym_1z1xm5o",
          "brandLogo": "https://s3.mogucdn.com/mlcdn/0ffcd9/180827_1761ki5jj1d2af2fhj5k2e7h68499_454x454.png"
        }
      ],
      "title": "#11.11购齐秋冬流行色##这个“拉腿神裤”请小姐姐查收# 这一套也是在古着店购入的 灯芯绒的直筒裤带一点微喇很修腿型 外套是毛呢的外套浅卡其很好看 内搭是一个红色的菱格纹图案的毛衣 也挺复古的 这一套也很适合秋冬哦"
    },
    {
      "uid": 192914087,
      "career": "学生",
      "showName": "Hanoick",
      "avatarLink": "//h5.mogujie.com/brand-content/personal-homepage.html?uid=16dpmyu&acm=3.mce.1_9_16dpmyu.126262.84667.uOrjFr7VkJg3E.mid_126262-sd_115-gi_uOrjFr7VkJhv7-ctl_1z1xou2_1z1x6bq_1z1x5fm-lc_201",
      "ctList": [
        {
          "scanIcon": "https://s10.mogucdn.com/mlcdn/c45406/180810_0a02124e70hcl6hd13d597idalb7e_28x28.png",
          "cover": "https://s11.mogucdn.com/mlcdn/c45406/181029_15g8l5hikfief5c7d2d1f4b76k0f3_1080x1081.jpg",
          "bizType": "4",
          "contentId": 1059783777,
          "link": "//h5.mogujie.com/brand-content/personal-homepage.html?stickyId=11z6qyi_11z68g6_11z67k2&uid=16dpmyu&acm=3.mce.1_19_1z1xou2.126262.0-84667.uOrjFr7VkJg3E.sd_119_115-gi_uOrjFr7VkJhv7-pos_0-pri_9_16dpmyu-lc_201-mid_126262-m_1059783777-pm_077-cid_1059783777",
          "isVideo": false,
          "acm": "3.mce.1_19_1z1xou2.126262.0-84667.uOrjFr7VkJg3E.sd_119_115-gi_uOrjFr7VkJhv7-pos_0-pri_9_16dpmyu-lc_201-mid_126262-m_1059783777-pm_077-cid_1059783777",
          "scanCount": 1193,
          "scanType": 1,
          "type": "20"
        },
        {
          "scanIcon": "https://s10.mogucdn.com/mlcdn/c45406/180810_0a02124e70hcl6hd13d597idalb7e_28x28.png",
          "cover": "https://s5.mogucdn.com/mlcdn/c45406/181026_777bbgd663dj3f7e0k3k91h23ceid_1080x1081.jpg",
          "bizType": "4",
          "contentId": 1059771783,
          "link": "//h5.mogujie.com/brand-content/personal-homepage.html?stickyId=11z68g6_11z6qyi_11z67k2&uid=16dpmyu&acm=3.mce.1_19_1z1x6bq.126262.0-84667.uOrjFr7VkJg3E.sd_119_115-gi_uOrjFr7VkJhv7-pos_1-pri_9_16dpmyu-lc_201-mid_126262-m_1059771783-pm_082-cid_1059771783",
          "isVideo": false,
          "acm": "3.mce.1_19_1z1x6bq.126262.0-84667.uOrjFr7VkJg3E.sd_119_115-gi_uOrjFr7VkJhv7-pos_1-pri_9_16dpmyu-lc_201-mid_126262-m_1059771783-pm_082-cid_1059771783",
          "scanCount": 3249,
          "scanType": 1,
          "type": "20"
        },
        {
          "scanIcon": "https://s10.mogucdn.com/mlcdn/c45406/180810_0a02124e70hcl6hd13d597idalb7e_28x28.png",
          "cover": "https://s11.mogucdn.com/mlcdn/c45406/181026_4dk5cba77ad9eg5cackg1a090ef6f_1080x810.jpg",
          "bizType": "4",
          "contentId": 1059771205,
          "link": "//h5.mogujie.com/brand-content/personal-homepage.html?stickyId=11z67k2_11z6qyi_11z68g6&uid=16dpmyu&acm=3.mce.1_19_1z1x5fm.126262.0-84667.uOrjFr7VkJg3E.sd_119_115-gi_uOrjFr7VkJhv7-pos_2-pri_9_16dpmyu-lc_201-mid_126262-m_1059771205-pm_082-cid_1059771205",
          "isVideo": false,
          "acm": "3.mce.1_19_1z1x5fm.126262.0-84667.uOrjFr7VkJg3E.sd_119_115-gi_uOrjFr7VkJhv7-pos_2-pri_9_16dpmyu-lc_201-mid_126262-m_1059771205-pm_082-cid_1059771205",
          "scanCount": 4492,
          "scanType": 1,
          "type": "20"
        }
      ],
      "publishNum": 3,
      "location": "深圳",
      "acm": "3.mce.1_9_16dpmyu.126262.84667.uOrjFr7VkJg3E.mid_126262-sd_115-gi_uOrjFr7VkJhv7-ctl_1z1xou2_1z1x6bq_1z1x5fm-lc_201",
      "avatar": "https://s11.mogucdn.com/mlcdn/5abf39/181025_74lcl764fff5fiefa61el1271adfc_400x400.jpg",
      "brandInfo": [
        {
          "brandName": "CONVERSE",
          "brandId": 8641254,
          "link": "//h5.mogujie.com/brand-content/brand-homepage.html?brandId=1aafb8&acm=3.mce.1_5_1aafb8.126262.0.9uh1nr7VkJhLx.pos_0-sd_119-ctl_1z1xou2_1z1x6bq_1z1x5fm",
          "acm": "3.mce.1_5_1aafb8.126262.0.9uh1nr7VkJhLx.pos_0-sd_119-ctl_1z1xou2_1z1x6bq_1z1x5fm",
          "brandLogo": "https://s11.mogucdn.com/mlcdn/0ffcd9/180920_2ifaljedeaadiig521f2jeie128a4_136x136.png"
        },
        {
          "brandName": "H&M",
          "brandId": 8641186,
          "link": "//h5.mogujie.com/brand-content/brand-homepage.html?brandId=1aaf7g&acm=3.mce.1_5_1aaf7g.126262.0.9uh1nr7VkJhLy.pos_1-sd_119-ctl_1z1xou2_1z1x6bq_1z1x5fm",
          "acm": "3.mce.1_5_1aaf7g.126262.0.9uh1nr7VkJhLy.pos_1-sd_119-ctl_1z1xou2_1z1x6bq_1z1x5fm",
          "brandLogo": "https://s11.mogucdn.com/mlcdn/0ffcd9/180831_34lig093i41jdh2j9jlg7d99dd9a3_197x202.png"
        },
        {
          "brandName": "NIKE",
          "brandId": 8641147,
          "link": "//h5.mogujie.com/brand-content/brand-homepage.html?brandId=1aaf5a&acm=3.mce.1_5_1aaf5a.126262.0.9uh1nr7VkJhLz.pos_2-sd_119-ctl_1z1xou2_1z1x6bq_1z1x5fm",
          "acm": "3.mce.1_5_1aaf5a.126262.0.9uh1nr7VkJhLz.pos_2-sd_119-ctl_1z1xou2_1z1x6bq_1z1x5fm",
          "brandLogo": "https://s3.mogucdn.com/mlcdn/0ffcd9/180723_251aje33k834bd72g1232l401g4jk_634x566.png"
        }
      ],
      "title": "#我为我校衣品代言##精致细节在双十一中博出位##Layer it！叠穿最时尚##90后的双十一：要够潮够拽够个性!##11.11联名款首发清单#  套头衬衫一样能够叠穿。 👔白色套头衬衫 内搭 蓝色短袖，白蓝结合还是很清爽的。 👖黑色的工装裤 与帽子形成呼应 👟经典的匡威one star 日系风标配 #日系搭配##双十一吹爆动物纹#"
    },
    {
      "modelType": "square_topic",
      "list": [
        {
          "rightIcon": "https://s10.mogucdn.com/mlcdn/c45406/181013_38d24e4aj49aedc20jcd055l6hj7c_150x45.png",
          "publishUserCount": 415,
          "avatarLink": "//h5.mogujie.com/brand-content/topic-normal.html?tagId=11c8maoq&acm=3.mce.1_17_11c8maoq.128389..1rYAZr7VkJgtG.sd_130-gi_1rYAZr7VkJgty",
          "acm": "3.mce.1_17_11c8maoq.128389..1rYAZr7VkJgtG.sd_130-gi_1rYAZr7VkJgty",
          "avatar": "https://s11.mogucdn.com/mlcdn/c45406/181025_36bgle9fl29h4h1gi7clk34628ihe_225x225.png",
          "timeE": 0,
          "title": "#90后的双十一：要够潮够拽够个性!#\n喜欢与众不同的复古调调？来试试这几款八九十年代的复古上衣吧！用年代感给自己加戏，你会发现时空穿越，时尚永恒！\n\n购买链接：\n1、复古电话条纹毛衣\n店铺：octopusme章鱼家\n￥1ijrbSi9GJ7￥\n\n2、邮政编码打底衫\n店铺：octopusme章鱼家\n￥eSTGbSiekU2￥\n\n3、棉花糖口袋卫衣\n店铺：octopusme章鱼家\n￥ptW8bSi3GG5￥\n\n4、逛庙会复古卫衣\n店铺：octopusme章鱼家\n￥mP73bSihyBC￥\n\n5、理发撞色马甲背心\n店铺：octopusme章鱼家\n￥wPFrbSjYnBh￥\n\n6、复古拼接运动服\n店铺：碳头又斑马\n ￥1R0QbSRRZLd￥\n\n7、漫画红色套头毛衣\n店铺：碳头又斑马\n￥5rKxbSR5HPc￥\n\n8、熊猫打牌卫衣\n店铺：碳头又斑马\n￥VTUMbSRjWuW￥",
          "timeS": 0,
          "topicLogo": "https://s10.mogucdn.com/mlcdn/c45406/181011_4i5edci1hf80ejab9792ll9gf8bck_66x66.png",
          "ctList": [
            {
              "cover": "https://s3.mogucdn.com/mlcdn/c45406/181026_7ekg75lc8efi1dfh0jcjjea1ebia4_750x1000.jpg",
              "scanIcon": "https://s10.mogucdn.com/mlcdn/c45406/180810_0a02124e70hcl6hd13d597idalb7e_28x28.png",
              "bizType": 4,
              "contentId": "1z1x3wy",
              "link": "//h5.mogujie.com/brand-content/topic-normal.html?tagId=11c8maoq&acm=3.mce.1_19_1z1x3wy.128389..1rYAZr7VkJgtz.sd_130-gi_1rYAZr7VkJgty-cid_1059770221",
              "isVideo": false,
              "acm": "3.mce.1_19_1z1x3wy.128389..1rYAZr7VkJgtz.sd_130-gi_1rYAZr7VkJgty-cid_1059770221",
              "scanCount": 1883762,
              "scanType": 1,
              "userId": "16gafw6",
              "desc": "#90后的双十一：要够潮够拽够个性!#\n喜欢与众不同的复古调调？来试试这几款八九十年代的复古上衣吧！用年代感给自己加戏，你会发现时空穿越，时尚永恒！\n\n购买链接：\n1、复古电话条纹毛衣\n店铺：octopusme章鱼家\n￥1ijrbSi9GJ7￥\n\n2、邮政编码打底衫\n店铺：octopusme章鱼家\n￥eSTGbSiekU2￥\n\n3、棉花糖口袋卫衣\n店铺：octopusme章鱼家\n￥ptW8bSi3GG5￥\n\n4、逛庙会复古卫衣\n店铺：octopusme章鱼家\n￥mP73bSihyBC￥\n\n5、理发撞色马甲背心\n店铺：octopusme章鱼家\n￥wPFrbSjYnBh￥\n\n6、复古拼接运动服\n店铺：碳头又斑马\n ￥1R0QbSRRZLd￥\n\n7、漫画红色套头毛衣\n店铺：碳头又斑马\n￥5rKxbSR5HPc￥\n\n8、熊猫打牌卫衣\n店铺：碳头又斑马\n￥VTUMbSRjWuW￥"
            },
            {
              "cover": "https://s11.mogucdn.com/mlcdn/c45406/181025_29bhk43j4i4db0074djh5iahlfb8c_750x1000.jpg",
              "scanIcon": "https://s10.mogucdn.com/mlcdn/c45406/180810_0a02124e70hcl6hd13d597idalb7e_28x28.png",
              "bizType": 4,
              "contentId": "1z1wxwu",
              "link": "//h5.mogujie.com/brand-content/topic-normal.html?tagId=11c8maoq&acm=3.mce.1_19_1z1wxwu.128389..1rYAZr7VkJgtA.sd_130-gi_1rYAZr7VkJgty-cid_1059766331",
              "isVideo": false,
              "acm": "3.mce.1_19_1z1wxwu.128389..1rYAZr7VkJgtA.sd_130-gi_1rYAZr7VkJgty-cid_1059766331",
              "brandList": [
                {
                  "countryOriginName": "中国",
                  "brandName": "杨二大梦",
                  "brandId": "1aageo",
                  "link": "//h5.mogujie.com/brand-content/brand-homepage.html?brandId=1aageo&acm=3.mce.1_5_1aageo.128389..1rYAZr7VkJgtC.sd_130-gi_1rYAZr7VkJgty",
                  "publishNum": 61,
                  "acm": "3.mce.1_5_1aageo.128389..1rYAZr7VkJgtC.sd_130-gi_1rYAZr7VkJgty",
                  "brandLogo": "https://s11.mogucdn.com/mlcdn/0ffcd9/180828_5hegef6k92cglc3d7keb1a59l3163_400x400.png"
                }
              ],
              "scanCount": 1649961,
              "scanType": 1,
              "userId": "1b7su8k",
              "desc": "#90后的双十一：要够潮够拽够个性!#\n寒风来袭，怎么能没有一件漂亮又御寒的毛衣！普通图案太单调？试试充满复古vintage感的费尔岛毛衣吧！独特的花纹，丰富的色彩，让你在暗淡秋冬也能跳脱出来～无论是搭半身裙还是牛仔裤，它都能打造出与众不同的怀旧复古感。\n淘口令：\n【AMBOSC 秋季新品 费尔岛北欧菱格复古提花V领毛衣长袖针织开衫女】￥fC0SbSR3UsM￥\n【杨二大梦 原创自制 2018新品 vintage风冰岛费尔岛摩天轮套头毛衣】￥HZMBbSR38V4￥\n【吴宝珠的店 复古文艺vintage圆领慵懒风套头摩天轮费尔岛麻花毛衣】￥8qe5bSReDo9￥\n【针织外套女秋开衫冰岛毛衣北欧复古摩天轮费尔岛上的猫手工编织】￥QiyxbSReBSe￥\n【蜜橘】13PLUS流浪共和自制费尔岛毛衣】￥rzq5bSRflMZ￥\n【自制复杂花纹vintage套头毛衣女宽松粗毛线秋冬年代感外穿上衣厚】￥pmUDbSRVhNB￥\n"
            },
            {
              "cover": "https://s11.mogucdn.com/mlcdn/c45406/181026_2aj9a6glgk7dha8cf48l5hhafkf9h_750x1000.jpg",
              "scanIcon": "https://s10.mogucdn.com/mlcdn/c45406/180810_0a02124e70hcl6hd13d597idalb7e_28x28.png",
              "bizType": 4,
              "contentId": "1z1x2ys",
              "link": "//h5.mogujie.com/brand-content/topic-normal.html?tagId=11c8maoq&acm=3.mce.1_19_1z1x2ys.128389..1rYAZr7VkJgtB.sd_130-gi_1rYAZr7VkJgty-cid_1059769606",
              "isVideo": false,
              "acm": "3.mce.1_19_1z1x2ys.128389..1rYAZr7VkJgtB.sd_130-gi_1rYAZr7VkJgty-cid_1059769606",
              "brandList": [
                {
                  "countryOriginName": "中国",
                  "brandName": "蛋挞家",
                  "brandId": "1aafqe",
                  "link": "//h5.mogujie.com/brand-content/brand-homepage.html?brandId=1aafqe&acm=3.mce.1_5_1aafqe.128389..1rYAZr7VkJgtD.sd_130-gi_1rYAZr7VkJgty",
                  "publishNum": 94,
                  "acm": "3.mce.1_5_1aafqe.128389..1rYAZr7VkJgtD.sd_130-gi_1rYAZr7VkJgty",
                  "brandLogo": "https://s11.mogucdn.com/mlcdn/0ffcd9/180827_5aj6070kfe5279c0898a307041el9_255x255.jpg"
                },
                {
                  "countryOriginName": "丹麦",
                  "brandName": "ONLY",
                  "brandId": "1aafbq",
                  "link": "//h5.mogujie.com/brand-content/brand-homepage.html?brandId=1aafbq&acm=3.mce.1_5_1aafbq.128389..1rYAZr7VkJgtE.sd_130-gi_1rYAZr7VkJgty",
                  "publishNum": 85,
                  "acm": "3.mce.1_5_1aafbq.128389..1rYAZr7VkJgtE.sd_130-gi_1rYAZr7VkJgty",
                  "brandLogo": "https://s11.mogucdn.com/mlcdn/0ffcd9/180724_0ejcjgd95jk43gid1bega9l25915c_119x112.png"
                },
                {
                  "countryOriginName": "西班牙",
                  "brandName": "PULL&BEAR",
                  "brandId": "1aaf6m",
                  "link": "//h5.mogujie.com/brand-content/brand-homepage.html?brandId=1aaf6m&acm=3.mce.1_5_1aaf6m.128389..1rYAZr7VkJgtF.sd_130-gi_1rYAZr7VkJgty",
                  "publishNum": 425,
                  "acm": "3.mce.1_5_1aaf6m.128389..1rYAZr7VkJgtF.sd_130-gi_1rYAZr7VkJgty",
                  "brandLogo": "https://s3.mogucdn.com/mlcdn/0ffcd9/180724_7k4aj41f9d9i2a7ifhaf00aeg700a_450x441.png"
                }
              ],
              "scanCount": 1376166,
              "scanType": 1,
              "userId": "11q6vyi",
              "desc": "网红爆款皮衣抢先看 秒杀大牌1折疯抢！\n#90后的双十一：要够潮够拽够个性!#天气转凉你需要入手一件保暖而不失风度的外套，皮衣就是当季最值得的单品！双十一各大牌低价预售，千万不要错过哦。\n复古宽松拼接机车皮衣\n店铺：omont蛋挞家\n￥b4IvbSi9sxY￥\n翻领修身绵羊皮皮衣\n店铺：ONLY\n￥YN8nbS9nKjm￥\n短款pu女士皮衣\n店铺：HONGRU\n￥xJCFbSinENC￥\n短款黑色pu皮衣\n店铺：HONRU\n￥x65HbSipRE5￥\n女士人造皮骑士皮衣\n店铺：pullandbear\n￥czzdbSiJRr8￥\n拼接条纹皮衣\n店铺：dzzit\n￥B2kBbSirHRB￥\n"
            }
          ],
          "publishNum": 830,
          "showType": 1,
          "topicName": "90后的双十一：要够潮够拽够个性!",
          "lookTotal": 873,
          "brandInfo": [
            {
              "countryOriginName": "中国",
              "brandName": "杨二大梦",
              "brandId": "1aageo",
              "link": "//h5.mogujie.com/brand-content/brand-homepage.html?brandId=1aageo&acm=3.mce.1_5_1aageo.128389..1rYAZr7VkJgtC.sd_130-gi_1rYAZr7VkJgty",
              "publishNum": 61,
              "acm": "3.mce.1_5_1aageo.128389..1rYAZr7VkJgtC.sd_130-gi_1rYAZr7VkJgty",
              "brandLogo": "https://s11.mogucdn.com/mlcdn/0ffcd9/180828_5hegef6k92cglc3d7keb1a59l3163_400x400.png"
            },
            {
              "countryOriginName": "丹麦",
              "brandName": "ONLY",
              "brandId": "1aafbq",
              "link": "//h5.mogujie.com/brand-content/brand-homepage.html?brandId=1aafbq&acm=3.mce.1_5_1aafbq.128389..1rYAZr7VkJgtE.sd_130-gi_1rYAZr7VkJgty",
              "publishNum": 85,
              "acm": "3.mce.1_5_1aafbq.128389..1rYAZr7VkJgtE.sd_130-gi_1rYAZr7VkJgty",
              "brandLogo": "https://s11.mogucdn.com/mlcdn/0ffcd9/180724_0ejcjgd95jk43gid1bega9l25915c_119x112.png"
            },
            {
              "countryOriginName": "中国",
              "brandName": "蛋挞家",
              "brandId": "1aafqe",
              "link": "//h5.mogujie.com/brand-content/brand-homepage.html?brandId=1aafqe&acm=3.mce.1_5_1aafqe.128389..1rYAZr7VkJgtD.sd_130-gi_1rYAZr7VkJgty",
              "publishNum": 94,
              "acm": "3.mce.1_5_1aafqe.128389..1rYAZr7VkJgtD.sd_130-gi_1rYAZr7VkJgty",
              "brandLogo": "https://s11.mogucdn.com/mlcdn/0ffcd9/180827_5aj6070kfe5279c0898a307041el9_255x255.jpg"
            },
            {
              "countryOriginName": "西班牙",
              "brandName": "PULL&BEAR",
              "brandId": "1aaf6m",
              "link": "//h5.mogujie.com/brand-content/brand-homepage.html?brandId=1aaf6m&acm=3.mce.1_5_1aaf6m.128389..1rYAZr7VkJgtF.sd_130-gi_1rYAZr7VkJgty",
              "publishNum": 425,
              "acm": "3.mce.1_5_1aaf6m.128389..1rYAZr7VkJgtF.sd_130-gi_1rYAZr7VkJgty",
              "brandLogo": "https://s3.mogucdn.com/mlcdn/0ffcd9/180724_7k4aj41f9d9i2a7ifhaf00aeg700a_450x441.png"
            }
          ],
          "contentIds": []
        }
      ]
    },
    {
      "career": "媒体",
      "showName": "兔兔和小美",
      "avatarLink": "//h5.mogujie.com/brand-content/personal-homepage.html?uid=1bfu6e&acm=3.mce.1_9_1bfu6e.126262.84667.uOrjFr7VkJg3E.mid_126262-sd_115-gi_uOrjFr7VkJhv8-ctl_1z1xmx8_1z1xnru_1z1xn80-lc_201",
      "weight": 45,
      "acm": "3.mce.1_9_1bfu6e.126262.84667.uOrjFr7VkJg3E.mid_126262-sd_115-gi_uOrjFr7VkJhv8-ctl_1z1xmx8_1z1xnru_1z1xn80-lc_201",
      "avatar": "https://s11.mogucdn.com/mlcdn/5abf39/181023_7dil3c5hb44gge7i22jeckf0lbbca_400x400.jpg",
      "title": "#双十一吹爆动物纹##这个秋冬，选怀旧格纹就对了～##正流行的罂粟红，你PICK了吗#  新的一周，新的穿搭。周一也要元气满满的去上班哦～这件菱格纹连帽衫看起来真的充满活力有木有！背后看完全少女，搭配之前穿过的这条阔腿裤，显高显瘦。",
      "uid": 9607335,
      "ctList": [
        {
          "scanIcon": "https://s10.mogucdn.com/mlcdn/c45406/180810_0a02124e70hcl6hd13d597idalb7e_28x28.png",
          "cover": "https://s3.mogucdn.com/mlcdn/c45406/181029_79cbb419b89g3hf04d9d6kjac3aj9_1080x1620.jpg",
          "bizType": "4",
          "contentId": 1059782538,
          "link": "//h5.mogujie.com/brand-content/personal-homepage.html?stickyId=11z6p1o_11z6pwa_11z6pcg&uid=1bfu6e&acm=3.mce.1_19_1z1xmx8.126262.0-84667.uOrjFr7VkJg3E.sd_119_115-gi_uOrjFr7VkJhv8-pos_0-pri_9_1bfu6e-lc_201-mid_126262-m_1059782538-pm_077-cid_1059782538",
          "isVideo": false,
          "acm": "3.mce.1_19_1z1xmx8.126262.0-84667.uOrjFr7VkJg3E.sd_119_115-gi_uOrjFr7VkJhv8-pos_0-pri_9_1bfu6e-lc_201-mid_126262-m_1059782538-pm_077-cid_1059782538",
          "scanCount": 18670,
          "showCover": "https://s11.mogucdn.com/mlcdn/c45406/181029_19c2465517fa6adb54a1640ehej9h_896x1495.jpg",
          "scanType": 1,
          "type": "20"
        },
        {
          "scanIcon": "https://s10.mogucdn.com/mlcdn/c45406/180810_0a02124e70hcl6hd13d597idalb7e_28x28.png",
          "cover": "https://s11.mogucdn.com/mlcdn/c45406/181029_1ci6jle745g06i43h7j9e45c5jc3a_1427x1905.jpg",
          "bizType": "4",
          "contentId": 1059783089,
          "link": "//h5.mogujie.com/brand-content/personal-homepage.html?stickyId=11z6pwa_11z6p1o_11z6pcg&uid=1bfu6e&acm=3.mce.1_19_1z1xnru.126262.0-84667.uOrjFr7VkJg3E.sd_119_115-gi_uOrjFr7VkJhv8-pos_1-pri_9_1bfu6e-lc_201-mid_126262-m_1059783089-pm_077-cid_1059783089",
          "isVideo": false,
          "acm": "3.mce.1_19_1z1xnru.126262.0-84667.uOrjFr7VkJg3E.sd_119_115-gi_uOrjFr7VkJhv8-pos_1-pri_9_1bfu6e-lc_201-mid_126262-m_1059783089-pm_077-cid_1059783089",
          "scanCount": 18048,
          "scanType": 1,
          "type": "20"
        },
        {
          "scanIcon": "https://s10.mogucdn.com/mlcdn/c45406/180810_0a02124e70hcl6hd13d597idalb7e_28x28.png",
          "cover": "https://s11.mogucdn.com/mlcdn/c45406/181029_175144c2a8gkfj096069h9g05f9dk_1080x1620.jpg",
          "bizType": "4",
          "contentId": 1059782732,
          "link": "//h5.mogujie.com/brand-content/personal-homepage.html?stickyId=11z6pcg_11z6p1o_11z6pwa&uid=1bfu6e&acm=3.mce.1_19_1z1xn80.126262.0-84667.uOrjFr7VkJg3E.sd_119_115-gi_uOrjFr7VkJhv8-pos_2-pri_9_1bfu6e-lc_201-mid_126262-m_1059782732-pm_077-cid_1059782732",
          "isVideo": false,
          "acm": "3.mce.1_19_1z1xn80.126262.0-84667.uOrjFr7VkJg3E.sd_119_115-gi_uOrjFr7VkJhv8-pos_2-pri_9_1bfu6e-lc_201-mid_126262-m_1059782732-pm_077-cid_1059782732",
          "scanCount": 16579,
          "scanType": 1,
          "type": "20"
        }
      ],
      "publishNum": 4,
      "location": "厦门",
      "brandInfo": [],
      "height": 161
    },
    {
      "career": "互联网",
      "showName": "狒狒耳東",
      "avatarLink": "//h5.mogujie.com/brand-content/personal-homepage.html?uid=12mlyrw&acm=3.mce.1_9_12mlyrw.126262.84667.uOrjFr7VkJg3E.mid_126262-sd_115-gi_uOrjFr7VkJhv9-ctl_1z1xpa2_1z1wx6u_1z1wxb8-lc_201",
      "weight": 48,
      "acm": "3.mce.1_9_12mlyrw.126262.84667.uOrjFr7VkJg3E.mid_126262-sd_115-gi_uOrjFr7VkJhv9-ctl_1z1xpa2_1z1wx6u_1z1wxb8-lc_201",
      "avatar": "https://s11.mogucdn.com/mlcdn/5abf39/180825_42fj0jhgkj188g33i8372lb8520a0_400x400.jpg",
      "title": "#11.11购齐秋冬流行色##我的秋日穿搭# 马甲是vintage套装，拆穿了 非常好看的小马甲 搭配的黑色小高领，棉料，很舒服，百搭 杏色灯芯绒，m码，很好穿 外搭了棕色呢子外套 秋冬的复古色",
      "uid": 79454346,
      "ctList": [
        {
          "scanIcon": "https://s10.mogucdn.com/mlcdn/c45406/180810_0a02124e70hcl6hd13d597idalb7e_28x28.png",
          "cover": "https://s5.mogucdn.com/mlcdn/c45406/181029_13jc6j6kbe5951al1aj9ie70h7h7c_1080x1439.jpg",
          "bizType": "4",
          "contentId": 1059784065,
          "link": "//h5.mogujie.com/brand-content/personal-homepage.html?stickyId=11z6rei_11z5zba_11z5zfo&uid=12mlyrw&acm=3.mce.1_19_1z1xpa2.126262.0-84667.uOrjFr7VkJg3E.sd_119_115-gi_uOrjFr7VkJhv9-pos_0-pri_9_12mlyrw-lc_201-mid_126262-m_1059784065-pm_077-cid_1059784065",
          "isVideo": false,
          "acm": "3.mce.1_19_1z1xpa2.126262.0-84667.uOrjFr7VkJg3E.sd_119_115-gi_uOrjFr7VkJhv9-pos_0-pri_9_12mlyrw-lc_201-mid_126262-m_1059784065-pm_077-cid_1059784065",
          "scanCount": 1240,
          "showCover": "https://s11.mogucdn.com/mlcdn/c45406/181029_25596gkb95aga7i4i3bki62bi2dhc_766x1279.jpg",
          "scanType": 1,
          "type": "20"
        },
        {
          "scanIcon": "https://s10.mogucdn.com/mlcdn/c45406/180810_0a02124e70hcl6hd13d597idalb7e_28x28.png",
          "cover": "https://s11.mogucdn.com/mlcdn/c45406/181025_877ih3j87i9d8288e2i71k1l2c1e7_1080x1439.jpg",
          "bizType": "4",
          "contentId": 1059765863,
          "link": "//h5.mogujie.com/brand-content/personal-homepage.html?stickyId=11z5zba_11z6rei_11z5zfo&uid=12mlyrw&acm=3.mce.1_19_1z1wx6u.126262.0-84667.uOrjFr7VkJg3E.sd_119_115-gi_uOrjFr7VkJhv9-pos_1-pri_9_12mlyrw-lc_201-mid_126262-m_1059765863-pm_082-cid_1059765863",
          "isVideo": false,
          "acm": "3.mce.1_19_1z1wx6u.126262.0-84667.uOrjFr7VkJg3E.sd_119_115-gi_uOrjFr7VkJhv9-pos_1-pri_9_12mlyrw-lc_201-mid_126262-m_1059765863-pm_082-cid_1059765863",
          "scanCount": 10056,
          "showCover": "https://s11.mogucdn.com/mlcdn/c45406/181025_3d8ce5g4273i86kaf00llaba71458_640x1068.jpg",
          "scanType": 1,
          "type": "20"
        },
        {
          "scanIcon": "https://s10.mogucdn.com/mlcdn/c45406/180810_0a02124e70hcl6hd13d597idalb7e_28x28.png",
          "cover": "https://s11.mogucdn.com/mlcdn/c45406/181025_16bac98d848j5j3agge7da5i71i14_1080x1440.jpg",
          "bizType": "4",
          "contentId": 1059765942,
          "link": "//h5.mogujie.com/brand-content/personal-homepage.html?stickyId=11z5zfo_11z6rei_11z5zba&uid=12mlyrw&acm=3.mce.1_19_1z1wxb8.126262.0-84667.uOrjFr7VkJg3E.sd_119_115-gi_uOrjFr7VkJhv9-pos_2-pri_9_12mlyrw-lc_201-mid_126262-m_1059765942-pm_082-cid_1059765942",
          "isVideo": false,
          "acm": "3.mce.1_19_1z1wxb8.126262.0-84667.uOrjFr7VkJg3E.sd_119_115-gi_uOrjFr7VkJhv9-pos_2-pri_9_12mlyrw-lc_201-mid_126262-m_1059765942-pm_082-cid_1059765942",
          "scanCount": 12706,
          "showCover": "https://s11.mogucdn.com/mlcdn/c45406/181025_2h3cda716bgbf01f656eel7ggbc1a_688x1148.jpg",
          "scanType": 1,
          "type": "20"
        }
      ],
      "publishNum": 2,
      "location": "温州",
      "brandInfo": [
        {
          "brandName": "CONVERSE",
          "brandId": 8641254,
          "link": "//h5.mogujie.com/brand-content/brand-homepage.html?brandId=1aafb8&acm=3.mce.1_5_1aafb8.126262.0.9uh1nr7VkJhLG.pos_0-sd_119-ctl_1z1xpa2_1z1wx6u_1z1wxb8",
          "acm": "3.mce.1_5_1aafb8.126262.0.9uh1nr7VkJhLG.pos_0-sd_119-ctl_1z1xpa2_1z1wx6u_1z1wxb8",
          "brandLogo": "https://s11.mogucdn.com/mlcdn/0ffcd9/180920_2ifaljedeaadiig521f2jeie128a4_136x136.png"
        }
      ],
      "height": 163
    },
    {
      "uid": 103959451,
      "career": "",
      "showName": "纽约每日街拍",
      "avatarLink": "//h5.mogujie.com/brand-content/personal-homepage.html?uid=13fsfam&acm=3.mce.1_9_13fsfam.126262.84667.uOrjFr7VkJg3E.mid_126262-sd_115-gi_uOrjFr7VkJhva-ctl_1z1xrdk_1z1xqh4_1z1xov8-lc_201",
      "ctList": [
        {
          "scanIcon": "https://s10.mogucdn.com/mlcdn/c45406/180810_0261ddc0elh00bchfkc04fidc755l_48x28.png",
          "cover": "https://s3.mogucdn.com//mlcdn/7f0491/181023_65jhi21bdh28g89h9j367h6f1h1h0_2096x3000.jpg",
          "bizType": "4",
          "contentId": 1059785424,
          "link": "//h5.mogujie.com/brand-content/personal-homepage.html?stickyId=11z6ti0_11z6slk_11z6qzo&uid=13fsfam&acm=3.mce.1_19_1z1xrdk.126262.0-84667.uOrjFr7VkJg3E.sd_119_115-gi_uOrjFr7VkJhva-pos_0-pri_9_13fsfam-lc_201-mid_126262-m_1059785424-pm_077-cid_1059785424",
          "isVideo": false,
          "acm": "3.mce.1_19_1z1xrdk.126262.0-84667.uOrjFr7VkJg3E.sd_119_115-gi_uOrjFr7VkJhva-pos_0-pri_9_13fsfam-lc_201-mid_126262-m_1059785424-pm_077-cid_1059785424",
          "scanCount": 79,
          "showCover": "https://s11.mogucdn.com/mlcdn/c45406/181029_6lc1jiebl0flc02g011agd989296l_1510x2517.jpg",
          "scanType": 2,
          "type": "4"
        },
        {
          "scanIcon": "https://s10.mogucdn.com/mlcdn/c45406/180810_0a02124e70hcl6hd13d597idalb7e_28x28.png",
          "cover": "https://s3.mogucdn.com//mlcdn/7f0491/181017_43k555ijjj698e3be2j361b12fc6b_2000x3000.jpg",
          "bizType": "4",
          "contentId": 1059784840,
          "link": "//h5.mogujie.com/brand-content/personal-homepage.html?stickyId=11z6slk_11z6ti0_11z6qzo&uid=13fsfam&acm=3.mce.1_19_1z1xqh4.126262.0-84667.uOrjFr7VkJg3E.sd_119_115-gi_uOrjFr7VkJhva-pos_1-pri_9_13fsfam-lc_201-mid_126262-m_1059784840-pm_077-cid_1059784840",
          "isVideo": false,
          "acm": "3.mce.1_19_1z1xqh4.126262.0-84667.uOrjFr7VkJg3E.sd_119_115-gi_uOrjFr7VkJhva-pos_1-pri_9_13fsfam-lc_201-mid_126262-m_1059784840-pm_077-cid_1059784840",
          "scanCount": 1285,
          "showCover": "https://s11.mogucdn.com/mlcdn/c45406/181029_099llabkjdg023g7bgl8970eef038_1432x2389.jpg",
          "scanType": 1,
          "type": "4"
        },
        {
          "scanIcon": "https://s10.mogucdn.com/mlcdn/c45406/180810_0a02124e70hcl6hd13d597idalb7e_28x28.png",
          "cover": "https://s11.mogucdn.com//mlcdn/7f0491/181023_6gk7dg36al1fdf1lfd27e7kaef69i_2003x3000.jpg",
          "bizType": "4",
          "contentId": 1059783798,
          "link": "//h5.mogujie.com/brand-content/personal-homepage.html?stickyId=11z6qzo_11z6ti0_11z6slk&uid=13fsfam&acm=3.mce.1_19_1z1xov8.126262.0-84667.uOrjFr7VkJg3E.sd_119_115-gi_uOrjFr7VkJhva-pos_2-pri_9_13fsfam-lc_201-mid_126262-m_1059783798-pm_077-cid_1059783798",
          "isVideo": false,
          "acm": "3.mce.1_19_1z1xov8.126262.0-84667.uOrjFr7VkJg3E.sd_119_115-gi_uOrjFr7VkJhva-pos_2-pri_9_13fsfam-lc_201-mid_126262-m_1059783798-pm_077-cid_1059783798",
          "scanCount": 5851,
          "scanType": 1,
          "type": "4"
        }
      ],
      "publishNum": 11,
      "location": "",
      "acm": "3.mce.1_9_13fsfam.126262.84667.uOrjFr7VkJg3E.mid_126262-sd_115-gi_uOrjFr7VkJhva-ctl_1z1xrdk_1z1xqh4_1z1xov8-lc_201",
      "avatar": "https://s3.mogucdn.com/b7/avatar/161017/1pw7mj_ifrtgmztgbtdiolbmizdambqhayde_400x400.jpg",
      "brandInfo": [],
      "title": "告别传统的棕色系飞行员夹克~ 酒红色+拼接粉色毛边更有女性感，优雅又有活力~"
    }
  ],
  "isEnd": false,
  "nextPage": 2,
  "context": {
    "currentTime": 1540866482
  }
}