{
  "122871": {
    "context": {
      "currentTime": 1540904499
    },
    "isEnd": true,
    "list": [
      {
        "image": "https://s10.mogucdn.com/mlcdn/c45406/181023_4c8f3jd5h4el9ld87gbfac8631e44_750x450.jpg",
        "wxa_link": "",
        "link": "//act.mogujie.com/mn1?acm=3.mce.1_10_1jrf6.122871.0.dc7J0r7XUfexy.pos_0-m_460973-sd_119",
        "acm": "3.mce.1_10_1jrf6.122871.0.dc7J0r7XUfexy.pos_0-m_460973-sd_119",
        "sort": 1,
        "link_xcx": "",
        "title": "",
        "wxa_appId": ""
      },
      {
        "image": "https://s10.mogucdn.com/mlcdn/c45406/181025_49di8adl99kgb95jg4abbacki8l4d_750x450.png",
        "wxa_link": "",
        "link": "//act.mogujie.com/set1024?acm=3.mce.1_10_1jt1w.122871.0.dc7J0r7XUfexz.pos_1-m_462030-sd_119",
        "acm": "3.mce.1_10_1jt1w.122871.0.dc7J0r7XUfexz.pos_1-m_462030-sd_119",
        "sort": 1,
        "link_xcx": "",
        "title": "气质套装",
        "wxa_appId": "",
        "cid": ""
      },
      {
        "image": "https://s10.mogucdn.com/mlcdn/c45406/181023_7aag11dd9k92j5j47cbj7j04iik1f_750x450.png",
        "wxa_link": "",
        "link": "//act.mogujie.com/bra1022?acm=3.mce.1_10_1jr52.122871.0.dc7J0r7XUfexA.pos_2-m_460791-sd_119",
        "acm": "3.mce.1_10_1jr52.122871.0.dc7J0r7XUfexA.pos_2-m_460791-sd_119",
        "sort": 2,
        "link_xcx": "",
        "title": "暖绒睡衣",
        "wxa_appId": ""
      },
      {
        "image": "https://s10.mogucdn.com/mlcdn/c45406/181022_4ce2ge60fg7eb54ca33fbi7je8iab_750x450.jpg",
        "wxa_link": "",
        "link": "//act.mogujie.com/whtk1?acm=3.mce.1_10_1jqcw.122871.0.dc7J0r7XUfexB.pos_3-m_460284-sd_119",
        "acm": "3.mce.1_10_1jqcw.122871.0.dc7J0r7XUfexB.pos_3-m_460284-sd_119",
        "sort": 3,
        "link_xcx": "",
        "title": "",
        "wxa_appId": ""
      },
      {
        "image": "https://s10.mogucdn.com/mlcdn/c45406/181017_7i15c1l4h645b9beak16faa0lijg3_750x450.jpg",
        "wxa_link": "",
        "link": "//act.mogujie.com/newpants1016?acm=3.mce.1_10_1joou.122871.0.dc7J0r7XUfexC.pos_4-m_459203-sd_119",
        "acm": "3.mce.1_10_1joou.122871.0.dc7J0r7XUfexC.pos_4-m_459203-sd_119",
        "sort": 4,
        "link_xcx": "",
        "title": "IN季美腿裤装",
        "wxa_appId": ""
      },
      {
        "image": "https://s10.mogucdn.com/mlcdn/c45406/181017_043l17861gc4gl67hglcd51kc792j_750x450.png",
        "wxa_link": "",
        "link": "//act.mogujie.com/set1016?acm=3.mce.1_10_1jo4u.122871.0.dc7J0r7XUfexD.pos_5-m_458843-sd_119",
        "acm": "3.mce.1_10_1jo4u.122871.0.dc7J0r7XUfexD.pos_5-m_458843-sd_119",
        "sort": 5,
        "link_xcx": "",
        "title": "甜美套装",
        "wxa_appId": ""
      },
      {
        "image": "https://s10.mogucdn.com/mlcdn/c45406/181017_0be4dclha30ai7014e53a268j8dh1_750x450.png",
        "wxa_link": "",
        "link": "//act.mogujie.com/zhuanti1016?acm=3.mce.1_10_1jol0.122871.0.dc7J0r7XUfexE.pos_6-m_459134-sd_119",
        "acm": "3.mce.1_10_1jol0.122871.0.dc7J0r7XUfexE.pos_6-m_459134-sd_119",
        "sort": 6,
        "link_xcx": "",
        "title": "甜美配饰",
        "wxa_appId": ""
      },
      {
        "image": "https://s10.mogucdn.com/mlcdn/c45406/181016_0k381fjl6b2d6i5j84biibh55a4ea_750x450.jpg",
        "wxa_link": "",
        "link": "//act.mogujie.com/wt1?acm=3.mce.1_10_1jns6.122871.0.dc7J0r7XUfexF.pos_7-m_458615-sd_119",
        "acm": "3.mce.1_10_1jns6.122871.0.dc7J0r7XUfexF.pos_7-m_458615-sd_119",
        "sort": 7,
        "link_xcx": "",
        "title": "",
        "wxa_appId": ""
      },
      {
        "image": "https://s10.mogucdn.com/mlcdn/c45406/181019_732h6l1al2chb8kg3ei1lg879c7i8_750x450.jpg",
        "wxa_link": "",
        "link": "//act.mogujie.com/qiutianbushui?acm=3.mce.1_10_1jpoc.122871.0.dc7J0r7XUfexG.pos_8-m_459842-sd_119",
        "acm": "3.mce.1_10_1jpoc.122871.0.dc7J0r7XUfexG.pos_8-m_459842-sd_119",
        "sort": 8,
        "link_xcx": "",
        "title": "",
        "wxa_appId": ""
      },
      {
        "image": "https://s10.mogucdn.com/mlcdn/c45406/181016_355igjdddi79214lgieaaga1g17b1_750x450.jpg",
        "wxa_link": "",
        "link": "//act.mogujie.com/my2?acm=3.mce.1_10_1jns4.122871.0.dc7J0r7XUfexH.pos_9-m_458614-sd_119",
        "acm": "3.mce.1_10_1jns4.122871.0.dc7J0r7XUfexH.pos_9-m_458614-sd_119",
        "sort": 9,
        "link_xcx": "",
        "title": "",
        "wxa_appId": ""
      },
      {
        "image": "https://s10.mogucdn.com/mlcdn/c45406/181016_1kgb76ci9d3g17b18d7fkc2g5agag_750x450.jpg",
        "wxa_link": "",
        "link": "//act.mogujie.com/strzc?acm=3.mce.1_10_1jnx8.122871.0.dc7J0r7XUfexI.pos_10-m_458706-sd_119",
        "acm": "3.mce.1_10_1jnx8.122871.0.dc7J0r7XUfexI.pos_10-m_458706-sd_119",
        "sort": 10,
        "link_xcx": "",
        "title": "",
        "wxa_appId": ""
      },
      {
        "image": "https://s10.mogucdn.com/mlcdn/c45406/181016_6bl7aiba22f8jefkdf7782g5i56f5_750x450.png",
        "wxa_link": "",
        "link": "//act.mogujie.com/bra1016?acm=3.mce.1_10_1jnx6.122871.0.dc7J0r7XUfexJ.pos_11-m_458705-sd_119",
        "acm": "3.mce.1_10_1jnx6.122871.0.dc7J0r7XUfexJ.pos_11-m_458705-sd_119",
        "sort": 11,
        "link_xcx": "",
        "title": "保暖内衣",
        "wxa_appId": ""
      },
      {
        "image": "https://s10.mogucdn.com/mlcdn/c45406/181016_26988gih5jh8lgb85fb1ii4k4ic28_750x450.jpg",
        "wxa_link": "",
        "link": "//act.mogujie.com/mdx?acm=3.mce.1_10_1jno4.122871.0.dc7J0r7XUfexK.pos_12-m_458542-sd_119",
        "acm": "3.mce.1_10_1jno4.122871.0.dc7J0r7XUfexK.pos_12-m_458542-sd_119",
        "sort": 12,
        "link_xcx": "",
        "title": "",
        "wxa_appId": ""
      },
      {
        "image": "https://s10.mogucdn.com/mlcdn/c45406/181011_21102f87i94la11dh07hhlj98h570_750x450.jpg",
        "wxa_link": "",
        "link": "//act.mogujie.com/huanjishouna?acm=3.mce.1_10_1jloe.122871.0.dc7J0r7XUfexL.pos_13-m_457251-sd_119",
        "acm": "3.mce.1_10_1jloe.122871.0.dc7J0r7XUfexL.pos_13-m_457251-sd_119",
        "sort": 13,
        "link_xcx": "",
        "title": "",
        "wxa_appId": ""
      },
      {
        "image": "https://s10.mogucdn.com/mlcdn/c45406/181009_3idk1cig7gfkk6f0ig307lk8ah835_750x450.jpg",
        "wxa_link": "",
        "link": "//act.mogujie.com/bra1009?acm=3.mce.1_10_1jkt0.122871.0.dc7J0r7XUfexM.pos_14-m_456686-sd_119",
        "acm": "3.mce.1_10_1jkt0.122871.0.dc7J0r7XUfexM.pos_14-m_456686-sd_119",
        "sort": 14,
        "link_xcx": "",
        "title": "",
        "wxa_appId": ""
      },
      {
        "image": "https://s10.mogucdn.com/mlcdn/c45406/180928_7bcd5e54e2i77if4fkg4e5l07h86j_750x450.jpg",
        "wxa_link": "",
        "link": "//act.mogujie.com/hoodies0928?acm=3.mce.1_10_1jiuq.122871.0.dc7J0r7XUfexN.pos_15-m_455421-sd_119",
        "acm": "3.mce.1_10_1jiuq.122871.0.dc7J0r7XUfexN.pos_15-m_455421-sd_119",
        "sort": 15,
        "link_xcx": "",
        "title": "",
        "wxa_appId": ""
      },
      {
        "image": "https://s10.mogucdn.com/mlcdn/c45406/181016_2j58lfjj2jj24j615lifb70hgg8e4_750x450.png",
        "wxa_link": "",
        "link": "//act.mogujie.com/set1010?acm=3.mce.1_10_1jl50.122871.0.dc7J0r7XUfexO.pos_16-m_456902-sd_119",
        "acm": "3.mce.1_10_1jl50.122871.0.dc7J0r7XUfexO.pos_16-m_456902-sd_119",
        "sort": 16,
        "link_xcx": "",
        "title": "",
        "wxa_appId": ""
      },
      {
        "image": "https://s10.mogucdn.com/mlcdn/c45406/181008_7b08610524h09ig52dfkcb0a8ab4g_750x450.jpg",
        "wxa_link": "",
        "link": "//act.mogujie.com/syly?acm=3.mce.1_10_1jkhc.122871.0.dc7J0r7XUfexP.pos_17-m_456476-sd_119",
        "acm": "3.mce.1_10_1jkhc.122871.0.dc7J0r7XUfexP.pos_17-m_456476-sd_119",
        "sort": 17,
        "link_xcx": "",
        "title": "",
        "wxa_appId": ""
      },
      {
        "image": "https://s10.mogucdn.com/mlcdn/c45406/181008_7i0hb20d5h6fh643jbcgjeae7g4f6_750x450.jpg",
        "wxa_link": "",
        "link": "//act.mogujie.com/fy1?acm=3.mce.1_10_1jkfo.122871.0.dc7J0r7XUfexQ.pos_18-m_456446-sd_119",
        "acm": "3.mce.1_10_1jkfo.122871.0.dc7J0r7XUfexQ.pos_18-m_456446-sd_119",
        "sort": 18,
        "link_xcx": "",
        "title": "",
        "wxa_appId": ""
      },
      {
        "image": "https://s10.mogucdn.com/mlcdn/c45406/181008_28dakj3h6520db0dg138k2lk87g2a_750x450.jpg",
        "wxa_link": "",
        "link": "//act.mogujie.com/my1?acm=3.mce.1_10_1jkfc.122871.0.dc7J0r7XUfexR.pos_19-m_456440-sd_119",
        "acm": "3.mce.1_10_1jkfc.122871.0.dc7J0r7XUfexR.pos_19-m_456440-sd_119",
        "sort": 19,
        "link_xcx": "",
        "title": "",
        "wxa_appId": ""
      },
      {
        "image": "https://s10.mogucdn.com/mlcdn/c45406/181008_6g0kk8af3hgfl52l3h5f453kfbl9d_750x450.jpg",
        "wxa_link": "",
        "link": "//act.mogujie.com/jihuaix?acm=3.mce.1_10_1j2ig.122871.0.dc7J0r7XUfexS.pos_20-m_444832-sd_119",
        "acm": "3.mce.1_10_1j2ig.122871.0.dc7J0r7XUfexS.pos_20-m_444832-sd_119",
        "sort": 20,
        "link_xcx": "",
        "title": "",
        "wxa_appId": ""
      },
      {
        "image": "https://s10.mogucdn.com/mlcdn/c45406/180928_5egdghcdkjccj62111e3gje2fiij6_750x450.png",
        "wxa_link": "",
        "link": "//act.mogujie.com/zhuanti0928?acm=3.mce.1_10_1jiu0.122871.0.dc7J0r7XUfexT.pos_21-m_455408-sd_119",
        "acm": "3.mce.1_10_1jiu0.122871.0.dc7J0r7XUfexT.pos_21-m_455408-sd_119",
        "sort": 21,
        "link_xcx": "",
        "title": "",
        "wxa_appId": ""
      },
      {
        "image": "https://s10.mogucdn.com/mlcdn/c45406/180930_0fa5h88jab9gb70li86l3ekb433gh_750x450.jpg",
        "wxa_link": "",
        "link": "//act.mogujie.com/mingan10?acm=3.mce.1_10_1jjh6.122871.0.dc7J0r7XUfexU.pos_22-m_455825-sd_119",
        "acm": "3.mce.1_10_1jjh6.122871.0.dc7J0r7XUfexU.pos_22-m_455825-sd_119",
        "sort": 22,
        "link_xcx": "",
        "title": "",
        "wxa_appId": ""
      },
      {
        "image": "https://s10.mogucdn.com/mlcdn/c45406/180930_1ac3k843b56ceie65j2ih388cc1e5_750x450.jpg",
        "wxa_link": "",
        "link": "//act.mogujie.com/newpants0929?acm=3.mce.1_10_1jjha.122871.0.dc7J0r7XUfexV.pos_23-m_455827-sd_119",
        "acm": "3.mce.1_10_1jjha.122871.0.dc7J0r7XUfexV.pos_23-m_455827-sd_119",
        "sort": 23,
        "link_xcx": "",
        "title": "",
        "wxa_appId": ""
      },
      {
        "image": "https://s10.mogucdn.com/mlcdn/c45406/180929_837ccdf4fklab268icid965abb492_750x450.jpg",
        "wxa_link": "",
        "link": "//act.mogujie.com/bra0829?acm=3.mce.1_10_1jiy8.122871.0.dc7J0r7XUfexW.pos_24-m_455484-sd_119",
        "acm": "3.mce.1_10_1jiy8.122871.0.dc7J0r7XUfexW.pos_24-m_455484-sd_119",
        "sort": 24,
        "link_xcx": "",
        "title": "精致家居服",
        "wxa_appId": ""
      },
      {
        "image": "https://s10.mogucdn.com/mlcdn/c45406/180930_0egdgfh293gbjg84de6jelagi9ak6_750x450.jpg",
        "wxa_link": "",
        "link": "//act.mogujie.com/srlwdzz?acm=3.mce.1_10_1jjk0.122871.0.dc7J0r7XUfexX.pos_25-m_455876-sd_119",
        "acm": "3.mce.1_10_1jjk0.122871.0.dc7J0r7XUfexX.pos_25-m_455876-sd_119",
        "sort": 25,
        "link_xcx": "",
        "title": "",
        "wxa_appId": ""
      },
      {
        "image": "https://s10.mogucdn.com/mlcdn/c45406/180930_02bh110k8i31k17a4kj11028la2l3_750x450.jpg",
        "wxa_link": "",
        "link": "//act.mogujie.com/inner0930?acm=3.mce.1_10_1jjs2.122871.0.dc7J0r7XUfexY.pos_26-m_456021-sd_119",
        "acm": "3.mce.1_10_1jjs2.122871.0.dc7J0r7XUfexY.pos_26-m_456021-sd_119",
        "sort": 26,
        "link_xcx": "",
        "title": "",
        "wxa_appId": ""
      },
      {
        "image": "https://s10.mogucdn.com/mlcdn/c45406/180928_203d3i3ej4266k0k20f5ebh009ce6_750x450.jpg",
        "wxa_link": "",
        "link": "//act.mogujie.com/newpants0928?acm=3.mce.1_10_1jitw.122871.0.dc7J0r7XUfexZ.pos_27-m_455406-sd_119",
        "acm": "3.mce.1_10_1jitw.122871.0.dc7J0r7XUfexZ.pos_27-m_455406-sd_119",
        "sort": 27,
        "link_xcx": "",
        "title": "",
        "wxa_appId": ""
      },
      {
        "image": "https://s10.mogucdn.com/mlcdn/c45406/180928_2ld690663eh19d5leih78f4fac0j3_750x450.jpg",
        "wxa_link": "",
        "link": "//act.mogujie.com/xiaoyan092601?acm=3.mce.1_10_1jims.122871.0.dc7J1r7XUfex0.pos_28-m_455278-sd_119",
        "acm": "3.mce.1_10_1jims.122871.0.dc7J1r7XUfex0.pos_28-m_455278-sd_119",
        "sort": 28,
        "link_xcx": "",
        "title": "",
        "wxa_appId": ""
      },
      {
        "image": "https://s10.mogucdn.com/mlcdn/c45406/180920_4933c53323ljif8ab03h01j6cdcga_750x450.jpg",
        "wxa_link": "",
        "link": "//act.mogujie.com/rcgyap?acm=3.mce.1_10_1jfxe.122871.0.dc7J1r7XUfex1.pos_29-m_453525-sd_119",
        "acm": "3.mce.1_10_1jfxe.122871.0.dc7J1r7XUfex1.pos_29-m_453525-sd_119",
        "sort": 29,
        "link_xcx": "",
        "title": "",
        "wxa_appId": ""
      }
    ],
    "nextPage": 1
  }
}