{
  "isEnd": false,
  "mbook": "eyJmZWVkc09mVXNlclBhZ2UiOjE1NDA4NzI2NTIsImNvbnRleHQiOiIifQ==",
  "total": 23,
  "list": [
    {
      "type": "MGJMEProfileFeedImageTextAndVideo",
      "data": "{\"acm\":\"3.mce.1_19_1z1xy86.128541..ds57Pr81QUgHP.sd_130-pri_-cid_1059789863\",\"content\":\"一件基本款的毛衣也可以穿出不一样的感觉\\n很喜欢搭配的卡其色帽子\\n#11.11联名款首发清单##11.11购齐秋冬流行色#\",\"brandInfo\":[{\"brandName\":\"H\\u0026M\",\"logo\":\"http://s11.mogucdn.com/mlcdn/0ffcd9/180831_34lig093i41jdh2j9jlg7d99dd9a3_197x202.png\",\"url\":\"https://h5.mogujie.com/brand-content/brand-homepage.html?brandId\\u003d1aaf7g\\u0026acm\\u003d3.mce.1_5_1aaf7g.0..ds57Pr81QUgHQ.sd_130\",\"brandIdUrl\":\"1aaf7g\",\"acm\":\"3.mce.1_5_1aaf7g.0..ds57Pr81QUgHQ.sd_130\"}],\"canModify\":true,\"created\":1540900800,\"looks\":{\"images\":[{\"originW\":1080,\"originH\":1080,\"path\":\"https://s5.mogucdn.com/mlcdn/c45406/181030_197lbl4bjfljfei5klag03dgibb1g_1080x1080.jpg\",\"tags\":[{\"tagName\":\"H\\u0026M\",\"url\":\"https://h5.mogujie.com/brand-content/brand-homepage.html?brandId\\u003d1aaf7g\\u0026acm\\u003d3.mce.1_5_1aaf7g.128541..ds57Pr81QUgHS.sd_130\",\"tagType\":\"ITEM\",\"reverse\":false,\"posX\":56.933334,\"posY\":45.555553,\"acm\":\"3.mce.1_5_1aaf7g.128541..ds57Pr81QUgHS.sd_130\",\"brandId\":8641186,\"brandLogo\":\"http://s11.mogucdn.com/mlcdn/0ffcd9/180831_34lig093i41jdh2j9jlg7d99dd9a3_197x202.png\",\"brand\":\"H\\u0026M\",\"brandIdUrl\":\"1aaf7g\",\"brandType\":1},{\"tagName\":\"山水集\",\"url\":\"https://h5.mogujie.com/brand-content/topic-aggregation.html?tagId\\u003d11c8lx1o\\u0026tagName\\u003d%25E5%25B1%25B1%25E6%25B0%25B4%25E9%259B%2586\\u0026acm\\u003d3.mce.1_17_11c8lx1o.128541..ds57Pr81QUgHT.sd_130\",\"tagType\":\"ITEM\",\"reverse\":false,\"posX\":57.777775,\"posY\":80.977776,\"brandTagId\":1458417962,\"acm\":\"3.mce.1_17_11c8lx1o.128541..ds57Pr81QUgHT.sd_130\",\"brand\":\"山水集\",\"tagIdUrl\":\"11c8lx1o\",\"brandType\":2}]},{\"originW\":1080,\"originH\":1080,\"path\":\"https://s11.mogucdn.com/mlcdn/c45406/181030_4d3j9b9e9ii99leg528dakj08ee91_1080x1080.jpg\",\"tags\":[]},{\"originW\":1080,\"originH\":1080,\"path\":\"https://s5.mogucdn.com/mlcdn/c45406/181030_6ghf188a2h3f007h4ha4e70i53blj_1080x1080.jpg\",\"tags\":[]},{\"originW\":1080,\"originH\":1080,\"path\":\"https://s5.mogucdn.com/mlcdn/c45406/181030_0fk9gblfid5h8a3ij8g489jh8bcfe_1080x1080.jpg\",\"tags\":[]}],\"similarItems\":[{\"imgSid\":10,\"imgSurl\":\"https://s11.mogucdn.com/mlcdn/c45406/181030_5a721c5ad0l8lgj1350d3ddffhhlj_402x402.jpg_468x468.jpg\"},{\"imgSid\":11,\"imgSurl\":\"https://s11.mogucdn.com/mlcdn/c45406/181030_426c1fd043484if0k6jfe7gkhdkje_420x420.jpg_468x468.jpg\"},{\"imgSid\":6,\"imgSurl\":\"https://s5.mogucdn.com/mlcdn/c45406/181030_521ka7f2lekhj2h8f6h492k89210e_209x209.jpg_468x468.jpg\"}]},\"brandIds\":[\"1aaf7g\"],\"feedUserInfo\":{\"name\":\"杨沁韵__\",\"userId\":\"127195k\",\"avatar\":\"https://s5.mogucdn.com/mlcdn/5abf39/181020_25alf662fi09k5a21a3c4gikeig1e_400x400.jpg\",\"lookNumbers\":23,\"location\":\"杭州\",\"career\":\"模特\",\"acm\":\"3.mce.1_9_127195k.128541..ds57Pr81QUgHR.sd_130\",\"avatarLink\":\"https://h5.mogujie.com/brand-content/personal-homepage.html?uid\\u003d127195k\\u0026acm\\u003d3.mce.1_9_127195k.128541..ds57Pr81QUgHR.sd_130\",\"identityIcon\":\"\"},\"scanIcon\":\"https://s10.mogucdn.com/mlcdn/c45406/180810_0a02124e70hcl6hd13d597idalb7e_28x28.png\",\"scanType\":1,\"cover\":\"https://s5.mogucdn.com/mlcdn/c45406/181030_197lbl4bjfljfei5klag03dgibb1g_1080x1080.jpg\",\"coverLink\":\"https://h5.mogujie.com/brand-content/personal-homepage.html?uid\\u003d127195k\\u0026acm\\u003d3.mce.1_9_127195k.128541..ds57Pr81QUgHR.sd_130\\u0026stickId\\u003d11z70cm\",\"lookDetailLink\":\"https://h5.mogujie.com/brand-content/content.html?iid\\u003d11z70cm\\u0026acm3.mce.1_19_1z1xy86.128541..ds57Pr81QUgHP.sd_130-pri_-cid_1059789863\",\"userId\":\"127195k\",\"feedId\":\"11z70cm\",\"cFav\":371,\"cComment\":1,\"isFaved\":false,\"commentListInfo\":{\"list\":[{\"name\":\"一粒迷路的米粒\",\"contentText\":\"怎么买\"}],\"total\":1},\"objectType\":20,\"isCollected\":false,\"cCollected\":0,\"cScan\":5541}"
    },
    {
      "type": "MGJMEProfileFeedImageTextAndVideo",
      "data": "{\"acm\":\"3.mce.1_19_1z1xy7s.128541..ds57Pr81QUgHU.sd_130-pri_-cid_1059789856\",\"content\":\"衣橱里不可或缺的羊羔毛短上衣\\n俏皮又可爱\\n今日份慵懒女孩请查收\\n#精致细节在双十一中博出位##90后的双十一：要够潮够拽够个性!##盘点双十一年度最佳“配角”##冷淡or妩媚，都是女人味#\",\"brandInfo\":[{\"brandName\":\"SUPERSCAPE 素泊\",\"logo\":\"http://s11.mogucdn.com/mlcdn/0ffcd9/180828_22hk0gk727fa3e166k401c8fed398_255x255.jpg\",\"url\":\"https://h5.mogujie.com/brand-content/brand-homepage.html?brandId\\u003d1aagcq\\u0026acm\\u003d3.mce.1_5_1aagcq.0..ds57Pr81QUgHV.sd_130\",\"brandIdUrl\":\"1aagcq\",\"acm\":\"3.mce.1_5_1aagcq.0..ds57Pr81QUgHV.sd_130\"}],\"canModify\":true,\"created\":1540900596,\"looks\":{\"images\":[{\"originW\":1080,\"originH\":1080,\"path\":\"https://s11.mogucdn.com/mlcdn/c45406/181030_7chi80g3cf5l65989f202295bh9lh_1080x1080.jpg\",\"tags\":[{\"tagName\":\"SUPERSCAPE 素泊\",\"url\":\"https://h5.mogujie.com/brand-content/brand-homepage.html?brandId\\u003d1aagcq\\u0026acm\\u003d3.mce.1_5_1aagcq.128541..ds57Pr81QUgHX.sd_130\",\"tagType\":\"ITEM\",\"reverse\":false,\"posX\":51.600002,\"posY\":92.577774,\"acm\":\"3.mce.1_5_1aagcq.128541..ds57Pr81QUgHX.sd_130\",\"brandId\":8641929,\"brandLogo\":\"http://s11.mogucdn.com/mlcdn/0ffcd9/180828_22hk0gk727fa3e166k401c8fed398_255x255.jpg\",\"brand\":\"SUPERSCAPE 素泊\",\"brandIdUrl\":\"1aagcq\",\"brandType\":1}]},{\"originW\":1080,\"originH\":1080,\"path\":\"https://s11.mogucdn.com/mlcdn/c45406/181030_39cf85c5abkkl4l0aifc2lbgch4ac_1080x1080.jpg\",\"tags\":[]},{\"originW\":1080,\"originH\":1080,\"path\":\"https://s11.mogucdn.com/mlcdn/c45406/181030_477a4kk0gcl78liea64kb6f712bj3_1080x1080.jpg\",\"tags\":[]},{\"originW\":1080,\"originH\":1080,\"path\":\"https://s11.mogucdn.com/mlcdn/c45406/181030_0ji1j1i96ahb4k6ghe40hlh2d5gl6_1080x1080.jpg\",\"tags\":[]},{\"originW\":1080,\"originH\":1080,\"path\":\"https://s11.mogucdn.com/mlcdn/c45406/181030_0ab70a4f0298cea41j6fjj1jiff1f_1080x1080.jpg\",\"tags\":[]}],\"similarItems\":[{\"imgSid\":10,\"imgSurl\":\"https://s5.mogucdn.com/mlcdn/c45406/181030_86i1328k7f4jf04i9g11fk70kca75_569x570.jpg_468x468.jpg\"}]},\"brandIds\":[\"1aagcq\"],\"feedUserInfo\":{\"name\":\"杨沁韵__\",\"userId\":\"127195k\",\"avatar\":\"https://s5.mogucdn.com/mlcdn/5abf39/181020_25alf662fi09k5a21a3c4gikeig1e_400x400.jpg\",\"lookNumbers\":23,\"location\":\"杭州\",\"career\":\"模特\",\"acm\":\"3.mce.1_9_127195k.128541..ds57Pr81QUgHW.sd_130\",\"avatarLink\":\"https://h5.mogujie.com/brand-content/personal-homepage.html?uid\\u003d127195k\\u0026acm\\u003d3.mce.1_9_127195k.128541..ds57Pr81QUgHW.sd_130\",\"identityIcon\":\"\"},\"scanIcon\":\"https://s10.mogucdn.com/mlcdn/c45406/180810_0a02124e70hcl6hd13d597idalb7e_28x28.png\",\"scanType\":1,\"cover\":\"https://s11.mogucdn.com/mlcdn/c45406/181030_7chi80g3cf5l65989f202295bh9lh_1080x1080.jpg\",\"coverLink\":\"https://h5.mogujie.com/brand-content/personal-homepage.html?uid\\u003d127195k\\u0026acm\\u003d3.mce.1_9_127195k.128541..ds57Pr81QUgHW.sd_130\\u0026stickId\\u003d11z70c8\",\"lookDetailLink\":\"https://h5.mogujie.com/brand-content/content.html?iid\\u003d11z70c8\\u0026acm3.mce.1_19_1z1xy7s.128541..ds57Pr81QUgHU.sd_130-pri_-cid_1059789856\",\"userId\":\"127195k\",\"feedId\":\"11z70c8\",\"cFav\":465,\"cComment\":0,\"isFaved\":false,\"commentListInfo\":{\"list\":[],\"total\":0},\"objectType\":20,\"isCollected\":false,\"cCollected\":0,\"cScan\":31151}"
    },
    {
      "type": "MGJMEProfileFeedImageTextAndVideo",
      "data": "{\"acm\":\"3.mce.1_19_1z1xy7m.128541..ds57Pr81QUgHY.sd_130-pri_-cid_1059789853\",\"content\":\"慵懒阳光+慵懒毛衣\\u003d慵懒女孩\\n#11.11购齐秋冬流行色#\\n#精致细节在双十一中博出位##90后的双十一：要够潮够拽够个性!#\",\"brandInfo\":[{\"brandName\":\"SMOK烟雾公子\",\"logo\":\"http://s3.mogucdn.com/mlcdn/0ffcd9/180913_8299b7h4816c5ga4egd2jdk6h39ea_194x193.png\",\"url\":\"https://h5.mogujie.com/brand-content/brand-homepage.html?brandId\\u003d1aagy6\\u0026acm\\u003d3.mce.1_5_1aagy6.0..ds57Pr81QUgHZ.sd_130\",\"brandIdUrl\":\"1aagy6\",\"acm\":\"3.mce.1_5_1aagy6.0..ds57Pr81QUgHZ.sd_130\"}],\"canModify\":true,\"created\":1540900455,\"looks\":{\"images\":[{\"originW\":2850,\"originH\":2850,\"path\":\"https://s5.mogucdn.com/mlcdn/c45406/181030_2j32hak5i968a33b677f5l2de19j5_2850x2850.jpg\",\"tags\":[{\"tagName\":\"SMOK烟雾公子\",\"url\":\"https://h5.mogujie.com/brand-content/brand-homepage.html?brandId\\u003d1aagy6\\u0026acm\\u003d3.mce.1_5_1aagy6.128541..ds57Pr81QUgI1.sd_130\",\"tagType\":\"ITEM\",\"reverse\":false,\"posX\":60.088886,\"posY\":79.86667,\"acm\":\"3.mce.1_5_1aagy6.128541..ds57Pr81QUgI1.sd_130\",\"brandId\":8642315,\"brandLogo\":\"http://s3.mogucdn.com/mlcdn/0ffcd9/180913_8299b7h4816c5ga4egd2jdk6h39ea_194x193.png\",\"brand\":\"SMOK烟雾公子\",\"brandIdUrl\":\"1aagy6\",\"brandType\":1}]},{\"originW\":2654,\"originH\":2654,\"path\":\"https://s5.mogucdn.com/mlcdn/c45406/181030_0fe21la6402ed7124kkb353ccb51k_2654x2654.jpg\",\"tags\":[]},{\"originW\":2808,\"originH\":2808,\"path\":\"https://s11.mogucdn.com/mlcdn/c45406/181030_63jle6kgf6h51e9k7dc74a8la3h2c_2808x2808.jpg\",\"tags\":[]}],\"similarItems\":[{\"imgSid\":10,\"imgSurl\":\"https://s11.mogucdn.com/mlcdn/c45406/181031_5ef163bgh5d61j5b3hdkld1b0g9c3_1539x1539.jpg_468x468.jpg\"}]},\"brandIds\":[\"1aagy6\"],\"feedUserInfo\":{\"name\":\"杨沁韵__\",\"userId\":\"127195k\",\"avatar\":\"https://s5.mogucdn.com/mlcdn/5abf39/181020_25alf662fi09k5a21a3c4gikeig1e_400x400.jpg\",\"lookNumbers\":23,\"location\":\"杭州\",\"career\":\"模特\",\"acm\":\"3.mce.1_9_127195k.128541..ds57Pr81QUgI0.sd_130\",\"avatarLink\":\"https://h5.mogujie.com/brand-content/personal-homepage.html?uid\\u003d127195k\\u0026acm\\u003d3.mce.1_9_127195k.128541..ds57Pr81QUgI0.sd_130\",\"identityIcon\":\"\"},\"scanIcon\":\"https://s10.mogucdn.com/mlcdn/c45406/180810_0a02124e70hcl6hd13d597idalb7e_28x28.png\",\"scanType\":1,\"cover\":\"http://s11.mogucdn.com/mlcdn/c45406/181030_63jle6kgf6h51e9k7dc74a8la3h2c_2808x2808.jpg\",\"coverLink\":\"https://h5.mogujie.com/brand-content/personal-homepage.html?uid\\u003d127195k\\u0026acm\\u003d3.mce.1_9_127195k.128541..ds57Pr81QUgI0.sd_130\\u0026stickId\\u003d11z70c2\",\"lookDetailLink\":\"https://h5.mogujie.com/brand-content/content.html?iid\\u003d11z70c2\\u0026acm3.mce.1_19_1z1xy7m.128541..ds57Pr81QUgHY.sd_130-pri_-cid_1059789853\",\"userId\":\"127195k\",\"feedId\":\"11z70c2\",\"cFav\":10,\"cComment\":0,\"isFaved\":false,\"commentListInfo\":{\"list\":[],\"total\":0},\"objectType\":20,\"isCollected\":false,\"cCollected\":0,\"cScan\":1201}"
    },
    {
      "type": "MGJMEProfileFeedImageTextAndVideo",
      "data": "{\"acm\":\"3.mce.1_19_1z1xuu2.128541..ds57Pr81QUgI2.sd_130-pri_-cid_1059787665\",\"content\":\"衣橱里不可缺少的一件格纹大衣\\n穿起来\\n#11.11购齐秋冬流行色#\",\"brandInfo\":[],\"canModify\":true,\"created\":1540872852,\"looks\":{\"images\":[{\"originW\":1080,\"originH\":1080,\"path\":\"https://s5.mogucdn.com/mlcdn/c45406/181030_4fhai438d93g5ci9jjahhilf4k3bh_1080x1080.jpg\",\"tags\":[{\"tagName\":\"-\",\"url\":\"https://h5.mogujie.com/brand-content/topic-aggregation.html?tagId\\u003d12qvm\\u0026tagName\\u003d-\\u0026acm\\u003d3.mce.1_17_12qvm.128541..ds57Pr81QUgI4.sd_130\",\"tagType\":\"ITEM\",\"reverse\":false,\"posX\":63.066666,\"posY\":53.644447,\"brandTagId\":64045,\"acm\":\"3.mce.1_17_12qvm.128541..ds57Pr81QUgI4.sd_130\",\"brand\":\"-\",\"tagIdUrl\":\"12qvm\",\"brandType\":2}]},{\"originW\":1080,\"originH\":1080,\"path\":\"https://s11.mogucdn.com/mlcdn/c45406/181030_5ghb91a378e436b18kjj7di1634d9_1080x1080.jpg\",\"tags\":[]},{\"originW\":2917,\"originH\":2917,\"path\":\"https://s3.mogucdn.com/mlcdn/c45406/181030_3kg6jefekk4l992lgg9d4eakgkf8e_2917x2917.jpg\",\"tags\":[]}],\"similarItems\":[{\"imgSid\":10,\"imgSurl\":\"https://s5.mogucdn.com/mlcdn/c45406/181030_8d2b8f639e3cba0kalg250bd28fi6_576x576.jpg_468x468.jpg\"},{\"imgSid\":4,\"imgSurl\":\"https://s11.mogucdn.com/mlcdn/c45406/181030_5djc6kf8d1jje69cljjfde2d333l7_304x304.jpg_468x468.jpg\"}]},\"brandIds\":[],\"feedUserInfo\":{\"name\":\"杨沁韵__\",\"userId\":\"127195k\",\"avatar\":\"https://s5.mogucdn.com/mlcdn/5abf39/181020_25alf662fi09k5a21a3c4gikeig1e_400x400.jpg\",\"lookNumbers\":23,\"location\":\"杭州\",\"career\":\"模特\",\"acm\":\"3.mce.1_9_127195k.128541..ds57Pr81QUgI3.sd_130\",\"avatarLink\":\"https://h5.mogujie.com/brand-content/personal-homepage.html?uid\\u003d127195k\\u0026acm\\u003d3.mce.1_9_127195k.128541..ds57Pr81QUgI3.sd_130\",\"identityIcon\":\"\"},\"scanIcon\":\"https://s10.mogucdn.com/mlcdn/c45406/180810_0a02124e70hcl6hd13d597idalb7e_28x28.png\",\"scanType\":1,\"cover\":\"https://s5.mogucdn.com/mlcdn/c45406/181030_4fhai438d93g5ci9jjahhilf4k3bh_1080x1080.jpg\",\"coverLink\":\"https://h5.mogujie.com/brand-content/personal-homepage.html?uid\\u003d127195k\\u0026acm\\u003d3.mce.1_9_127195k.128541..ds57Pr81QUgI3.sd_130\\u0026stickId\\u003d11z6wyi\",\"lookDetailLink\":\"https://h5.mogujie.com/brand-content/content.html?iid\\u003d11z6wyi\\u0026acm3.mce.1_19_1z1xuu2.128541..ds57Pr81QUgI2.sd_130-pri_-cid_1059787665\",\"userId\":\"127195k\",\"feedId\":\"11z6wyi\",\"cFav\":9,\"cComment\":0,\"isFaved\":false,\"commentListInfo\":{\"list\":[],\"total\":0},\"objectType\":20,\"isCollected\":false,\"cCollected\":0,\"cScan\":859}"
    },
    {
      "type": "MGJMEProfileFeedImageTextAndVideo",
      "data": "{\"acm\":\"3.mce.1_19_1z1xum2.128541..ds57Pr81QUgI5.sd_130-pri_-cid_1059787521\",\"content\":\"喜欢设计感十足的衣服✌️\\n#11.11购齐秋冬流行色#\\n#精致细节在双十一中博出位#\\n#90后养生老年团神秘本#\\n#冷淡or妩媚，都是女人味#\",\"brandInfo\":[{\"brandName\":\"CHACHA STUDIO\",\"logo\":\"http://s11.mogucdn.com/mlcdn/0ffcd9/180829_1e5lc9adhe0lh854jceb619laa8l7_468x468.png\",\"url\":\"https://h5.mogujie.com/brand-content/brand-homepage.html?brandId\\u003d1aagv0\\u0026acm\\u003d3.mce.1_5_1aagv0.0..ds57Pr81QUgI6.sd_130\",\"brandIdUrl\":\"1aagv0\",\"acm\":\"3.mce.1_5_1aagv0.0..ds57Pr81QUgI6.sd_130\"}],\"canModify\":true,\"created\":1540872652,\"looks\":{\"images\":[{\"originW\":2628,\"originH\":2628,\"path\":\"https://s11.mogucdn.com/mlcdn/c45406/181030_34c1f4cf5ifhe067dfa71192g9jee_2628x2628.jpg\",\"tags\":[{\"tagName\":\"CHACHA STUDIO\",\"url\":\"https://h5.mogujie.com/brand-content/brand-homepage.html?brandId\\u003d1aagv0\\u0026acm\\u003d3.mce.1_5_1aagv0.128541..ds57Pr81QUgI8.sd_130\",\"tagType\":\"ITEM\",\"reverse\":false,\"posX\":56.133335,\"posY\":65.82222,\"acm\":\"3.mce.1_5_1aagv0.128541..ds57Pr81QUgI8.sd_130\",\"brandId\":8642258,\"brandLogo\":\"http://s11.mogucdn.com/mlcdn/0ffcd9/180829_1e5lc9adhe0lh854jceb619laa8l7_468x468.png\",\"brand\":\"CHACHA STUDIO\",\"brandIdUrl\":\"1aagv0\",\"brandType\":1}]},{\"originW\":2892,\"originH\":2892,\"path\":\"https://s5.mogucdn.com/mlcdn/c45406/181030_4bb6de602ek1f3caka31f5e6936bf_2892x2892.jpg\",\"tags\":[]},{\"originW\":2668,\"originH\":2668,\"path\":\"https://s5.mogucdn.com/mlcdn/c45406/181030_27lficaaeiadl000cd4efai35bk1f_2668x2668.jpg\",\"tags\":[]},{\"originW\":1080,\"originH\":1080,\"path\":\"https://s11.mogucdn.com/mlcdn/c45406/181030_4hhe37f7683h18chega5bi66411ej_1080x1080.jpg\",\"tags\":[]}]},\"brandIds\":[\"1aagv0\"],\"feedUserInfo\":{\"name\":\"杨沁韵__\",\"userId\":\"127195k\",\"avatar\":\"https://s5.mogucdn.com/mlcdn/5abf39/181020_25alf662fi09k5a21a3c4gikeig1e_400x400.jpg\",\"lookNumbers\":23,\"location\":\"杭州\",\"career\":\"模特\",\"acm\":\"3.mce.1_9_127195k.128541..ds57Pr81QUgI7.sd_130\",\"avatarLink\":\"https://h5.mogujie.com/brand-content/personal-homepage.html?uid\\u003d127195k\\u0026acm\\u003d3.mce.1_9_127195k.128541..ds57Pr81QUgI7.sd_130\",\"identityIcon\":\"\"},\"scanIcon\":\"https://s10.mogucdn.com/mlcdn/c45406/180810_0a02124e70hcl6hd13d597idalb7e_28x28.png\",\"scanType\":1,\"cover\":\"http://s3.mogucdn.com/mlcdn/c45406/181030_4bb6de602ek1f3caka31f5e6936bf_2892x2892.jpg\",\"coverLink\":\"https://h5.mogujie.com/brand-content/personal-homepage.html?uid\\u003d127195k\\u0026acm\\u003d3.mce.1_9_127195k.128541..ds57Pr81QUgI7.sd_130\\u0026stickId\\u003d11z6wqi\",\"lookDetailLink\":\"https://h5.mogujie.com/brand-content/content.html?iid\\u003d11z6wqi\\u0026acm3.mce.1_19_1z1xum2.128541..ds57Pr81QUgI5.sd_130-pri_-cid_1059787521\",\"userId\":\"127195k\",\"feedId\":\"11z6wqi\",\"cFav\":1040,\"cComment\":4,\"isFaved\":false,\"commentListInfo\":{\"list\":[{\"name\":\"小龙虾1987cp\",\"contentText\":\"怎么买嘛\"},{\"name\":\"听花开声音吗\",\"contentText\":\"黑色的非常完美，特别显身材\"},{\"name\":\"欣然自得88\",\"contentText\":\"拨弄头发的瞬间迷倒一片\"}],\"total\":4},\"objectType\":20,\"isCollected\":false,\"cCollected\":0,\"cScan\":148533}"
    }
  ],
  "end": false
}