[
  {
    "desc": "",
    "key": "穿着效果",
    "anchor": "model_img",
    "list": [
      "https://s11.mogucdn.com/mlcdn/c45406/181005_5i0629629i992l82i6k73fglldefc_800x800.jpg",
      "https://s11.mogucdn.com/mlcdn/c45406/181005_3lea5fgbajba30giah7hcbejlk998_800x800.jpg",
      "https://s11.mogucdn.com/mlcdn/c45406/181005_4cjflb52efae83ikja1gj88e736de_750x1468.jpg",
      "https://s11.mogucdn.com/mlcdn/c45406/181005_54id136h91h54b5c74ah061816i4g_750x503.jpg",
      "https://s11.mogucdn.com/mlcdn/c45406/181005_4li73c1488i2lcchcfc0e410ecgff_750x1490.jpg",
      "https://s11.mogucdn.com/mlcdn/c45406/181005_2jj1eij8flbed3j3i53j49d3866l7_750x1478.jpg",
      "https://s11.mogucdn.com/mlcdn/c45406/181005_2bjb04lij31i89g525gbff8gg9dl9_750x1474.jpg",
      "https://s11.mogucdn.com/mlcdn/c45406/181005_7l73hd711bjell1d39a657ak3be0k_750x1460.jpg",
      "https://s11.mogucdn.com/mlcdn/c45406/181005_7cl84e97bc9jfj71dgdijed411g3g_750x1480.jpg",
      "https://s11.mogucdn.com/mlcdn/c45406/181005_522ja02382il771ki6h8edifh570l_750x1480.jpg",
      "https://s3.mogucdn.com/mlcdn/c45406/181005_46dh367l283kfaj02g81b9jjk5ag8_750x1486.jpg",
      "https://s11.mogucdn.com/mlcdn/c45406/181005_08b150e2c848b7dd32idea38ehl3e_750x1474.jpg",
      "https://s3.mogucdn.com/mlcdn/c45406/181005_42022bgl5dai000ie21kgl3dj0hld_750x1460.jpg",
      "https://s11.mogucdn.com/mlcdn/c45406/181005_41addg4j8ih50ad333jf3ai1h1bj2_750x1478.jpg",
      "https://s3.mogucdn.com/mlcdn/c45406/181005_82cj07634hka2i5db7ceg9i66hcb8_750x1468.jpg",
      "https://s11.mogucdn.com/mlcdn/c45406/181005_022l3k91h29k0627ei4814789e46e_750x1476.jpg",
      "https://s3.mogucdn.com/mlcdn/c45406/181005_74leld8dkh1b9aie32hkcg3j2c23a_750x1474.jpg",
      "https://s5.mogucdn.com/mlcdn/c45406/181005_3gh48f91e354e8aejleif7h2075ac_750x1470.jpg",
      "https://s3.mogucdn.com/mlcdn/c45406/181005_7liiac37cl3c730cekj5e3g6e9jc7_750x1442.jpg"
    ]
  },
  {
    "desc": "",
    "key": "整体款式",
    "anchor": "baipai_img2",
    "list": [
      "https://s11.mogucdn.com/mlcdn/c45406/181005_6l6da76a8864lk20ddh3kchllb91f_800x800.jpg",
      "https://s11.mogucdn.com/mlcdn/c45406/181005_5a9985d34k038cg6lbblc2efj4e3g_800x800.jpg",
      "https://s3.mogucdn.com/mlcdn/c45406/181005_67d339f1b5420helek01c0ddjcabj_800x800.jpg"
    ]
  },
  {
    "desc": "",
    "key": "细节做工",
    "anchor": "detail_img",
    "list": [
      "https://s11.mogucdn.com/mlcdn/c45406/181005_0k3ch80hh8c357227e705ealh7124_750x873.jpg",
      "https://s11.mogucdn.com/p2/170317/77101615_6f3ak83kkl00329ged9249aa93ifb_1125x285.jpg"
    ]
  }
]