{"status":{"code":1001,"msg":"success"},"result":{"param":{"eventId":"0x00000000","fieldBenchmark":false,"cKey":"h5-search-wall","offset":30,"cpcEventId":"700015","section":"0","_mgjuuid":"c1024937-3cb1-41ab-859e-092f50da7754","page":"1","sort":"sell","duplicate":false},"sortFilter":[{"sortKey":"pop","title":"综合"},{"sortKey":"sell","title":"销量"},{"sortKey":"new","title":"新品"}],"book":null,"priceFilter":[{"min":"60","max":"80","percent":""},{"min":"80","max":"100","percent":""},{"min":"100","max":"200","percent":""}],"wall":{"total":7500,"docs":[{"tradeItemId":"1lllzi8","img":"https://s11.mogucdn.com/mlcdn/17f85e/181017_407c978de599137c642lb49e20l8d_640x960.jpg","iid":"1lllzi8","clientUrl":"//h5.mogujie.com/detail-normal/index.html?itemId=1lllzi8&acm=3.ms.1_1_1lllzi8.46.85483-68998.f6VZ2r7ngdOcR.ct_4403-sd_117-swt_46-imt_7-c_2_17_453011681_2050144_1_0-t_f6VZ2r7ngdOcR-lc_17-pit_2-c1_1682505_nil_nil_0_2050144_30_0-dit_31&cparam=MTU0MDM2MzAxMl8xZXlscWx5XzQ1NTM5MTI4Y2Y1MTEwMGFiNmI3ZjRjMmE4OWZmYWM5XzE3XzBfNDUzMDExNjgxXzRmOGFfMjA1MDE0NF8xXzBfNzQ5XzFfMF9ycy0xNjgyNTA1LnJ0LTEud3QtMA==","link":"//h5.mogujie.com/detail-normal/index.html?itemId=1lllzi8&acm=3.ms.1_1_1lllzi8.46.85483-68998.f6VZ2r7ngdOcR.ct_4403-sd_117-swt_46-imt_7-c_2_17_453011681_2050144_1_0-t_f6VZ2r7ngdOcR-lc_17-pit_2-c1_1682505_nil_nil_0_2050144_30_0-dit_31&cparam=MTU0MDM2MzAxMl8xZXlscWx5XzQ1NTM5MTI4Y2Y1MTEwMGFiNmI3ZjRjMmE4OWZmYWM5XzE3XzBfNDUzMDExNjgxXzRmOGFfMjA1MDE0NF8xXzBfNzQ5XzFfMF9ycy0xNjgyNTA1LnJ0LTEud3QtMA==","itemMarks":"1525 82","acm":"3.ms.1_1_1lllzi8.46.85483-68998.f6VZ2r7ngdOcR.ct_4403-sd_117-swt_46-imt_7-c_2_17_453011681_2050144_1_0-t_f6VZ2r7ngdOcR-lc_17-pit_2-c1_1682505_nil_nil_0_2050144_30_0-dit_31","price_taglist":[],"title":"冬季新款毛呢拼接宽松学生chic棉服女中长款面包服棉衣外套","type":2,"cparam":"MTU0MDM2MzAxMl8xZXlscWx5XzQ1NTM5MTI4Y2Y1MTEwMGFiNmI3ZjRjMmE4OWZmYWM5XzE3XzBfNDUzMDExNjgxXzRmOGFfMjA1MDE0NF8xXzBfNzQ5XzFfMF9ycy0xNjgyNTA1LnJ0LTEud3QtMA==","orgPrice":228,"props":["长款面包服","宽松","拼接","冬季"],"hasSimilarity":true,"lefttop_taglist":[],"cfav":"5282","price":159.6,"leftbottom_taglist":[{"color":"#FFFFFF","bgColor":"#FF743C","content":"热卖"}],"similarityUrl":"//m.mogujie.com/wall/relative?pid=8872&iid=1lllzi8&acm=3.ms.1_1_1lllzi8.46.85483-68998.f6VZ2r7ngdOcR.ct_4403-sd_117-swt_46-imt_7-c_2_17_453011681_2050144_1_0-t_f6VZ2r7ngdOcR-lc_17-pit_2-c1_1682505_nil_nil_0_2050144_30_0-dit_31&itemType=7"},{"tradeItemId":"1m9llei","img":"https://s11.mogucdn.com/mlcdn/c45406/181009_1aje4akb844970e2ik64b755bl31l_640x960.jpg","iid":"1m9llei","clientUrl":"//h5.mogujie.com/detail-normal/index.html?itemId=1m9llei&acm=3.ms.1_1_1m9llei.46.85483-68998.f6VZ2r7ngdOcR.ct_4403-sd_117-swt_46-imt_7-c_2_17_452323807_469636560_2_0-t_f6VZ2r7ngdOcR-lc_17-pit_2-c1_1682505_nil_nil_1_469636560_30_0-dit_31&cparam=MTU0MDM2MzAxMl8xZWZueGV3XzBiZTJiM2VkZTE1NGIyZDIwMGUzMTEwNDUwYzIzN2EzXzE3XzFfNDUyMzIzODA3XzRmODdfMF8yXzBfNjc4XzFfMF9ycy0xNjgyNTA1LnJ0LTEud3QtMA==","link":"//h5.mogujie.com/detail-normal/index.html?itemId=1m9llei&acm=3.ms.1_1_1m9llei.46.85483-68998.f6VZ2r7ngdOcR.ct_4403-sd_117-swt_46-imt_7-c_2_17_452323807_469636560_2_0-t_f6VZ2r7ngdOcR-lc_17-pit_2-c1_1682505_nil_nil_1_469636560_30_0-dit_31&cparam=MTU0MDM2MzAxMl8xZWZueGV3XzBiZTJiM2VkZTE1NGIyZDIwMGUzMTEwNDUwYzIzN2EzXzE3XzFfNDUyMzIzODA3XzRmODdfMF8yXzBfNjc4XzFfMF9ycy0xNjgyNTA1LnJ0LTEud3QtMA==","itemMarks":"-1","acm":"3.ms.1_1_1m9llei.46.85483-68998.f6VZ2r7ngdOcR.ct_4403-sd_117-swt_46-imt_7-c_2_17_452323807_469636560_2_0-t_f6VZ2r7ngdOcR-lc_17-pit_2-c1_1682505_nil_nil_1_469636560_30_0-dit_31","price_taglist":[],"title":"韩式街头风BF男友风拼接学院风字母宽松秋冬季中性酷炫款棒球服外套上衣","type":2,"cparam":"MTU0MDM2MzAxMl8xZWZueGV3XzBiZTJiM2VkZTE1NGIyZDIwMGUzMTEwNDUwYzIzN2EzXzE3XzFfNDUyMzIzODA3XzRmODdfMF8yXzBfNjc4XzFfMF9ycy0xNjgyNTA1LnJ0LTEud3QtMA==","orgPrice":227,"props":["棒球服","字母宽松","街头风","学院风","拼接","中性","秋冬季","韩式"],"hasSimilarity":true,"lefttop_taglist":[],"onSaleTime":"最近上新","cfav":"1116","price":158.9,"leftbottom_taglist":[{"color":"#FFFFFF","bgColor":"#FF743C","content":"热卖"}],"similarityUrl":"//m.mogujie.com/wall/relative?pid=8872&iid=1m9llei&acm=3.ms.1_1_1m9llei.46.85483-68998.f6VZ2r7ngdOcR.ct_4403-sd_117-swt_46-imt_7-c_2_17_452323807_469636560_2_0-t_f6VZ2r7ngdOcR-lc_17-pit_2-c1_1682505_nil_nil_1_469636560_30_0-dit_31&itemType=7"},{"tradeItemId":"1kmhzeo","img":"https://s11.mogucdn.com/mlcdn/c45406/171004_2gb6kkdh4d7bhbi4509jc8e4ca16g_640x960.jpg","iid":"1kmhzeo","clientUrl":"//h5.mogujie.com/detail-normal/index.html?itemId=1kmhzeo&acm=3.ms.1_4_1kmhzeo.46.1194-68998.f6VZ2r7ngdOcR.sd_117-swt_46-imt_6-t_f6VZ2r7ngdOcR-lc_17-pit_1-qid_73215-dit_31","link":"//h5.mogujie.com/detail-normal/index.html?itemId=1kmhzeo&acm=3.ms.1_4_1kmhzeo.46.1194-68998.f6VZ2r7ngdOcR.sd_117-swt_46-imt_6-t_f6VZ2r7ngdOcR-lc_17-pit_1-qid_73215-dit_31","itemMarks":"1525 352 353 1232 181 351","acm":"3.ms.1_4_1kmhzeo.46.1194-68998.f6VZ2r7ngdOcR.sd_117-swt_46-imt_6-t_f6VZ2r7ngdOcR-lc_17-pit_1-qid_73215-dit_31","price_taglist":[],"title":"2018春季韩版港风棒球服女学生宽松bf短款学院风棒球外套","type":2,"orgPrice":127.15,"props":["棒球外套","短款","学院风","宽松","港风","韩版","春季"],"hasSimilarity":true,"lefttop_taglist":[],"cfav":9606,"price":78,"leftbottom_taglist":[],"similarityUrl":"//m.mogujie.com/wall/relative?pid=8872&iid=1kmhzeo&acm=3.ms.1_4_1kmhzeo.46.1194-68998.f6VZ2r7ngdOcR.sd_117-swt_46-imt_6-t_f6VZ2r7ngdOcR-lc_17-pit_1-qid_73215-dit_31&itemType=6"},{"tradeItemId":"1m7kmnm","img":"https://s11.mogucdn.com/mlcdn/c45406/180823_3b3ckgihllifbe9k9kda29h1i625d_640x960.jpg","iid":"1m7kmnm","clientUrl":"//h5.mogujie.com/detail-normal/index.html?itemId=1m7kmnm&acm=3.ms.1_4_1m7kmnm.46.1194-68998.f6VZ2r7ngdOcR.sd_117-swt_46-imt_6-t_f6VZ2r7ngdOcR-lc_17-pit_1-qid_73215-dit_31","link":"//h5.mogujie.com/detail-normal/index.html?itemId=1m7kmnm&acm=3.ms.1_4_1m7kmnm.46.1194-68998.f6VZ2r7ngdOcR.sd_117-swt_46-imt_6-t_f6VZ2r7ngdOcR-lc_17-pit_1-qid_73215-dit_31","itemMarks":"1525 352 351","acm":"3.ms.1_4_1m7kmnm.46.1194-68998.f6VZ2r7ngdOcR.sd_117-swt_46-imt_6-t_f6VZ2r7ngdOcR-lc_17-pit_1-qid_73215-dit_31","price_taglist":[],"title":"秋装bf原宿原宿字母印花棒球服女2018新款韩版学生宽松休闲上衣时尚小清新外套潮","type":2,"orgPrice":128,"props":["印花棒球服","bf原宿","原宿","字母","宽松","时尚","新款","韩版"],"hasSimilarity":true,"lefttop_taglist":[],"cfav":454,"price":85.7,"leftbottom_taglist":[],"similarityUrl":"//m.mogujie.com/wall/relative?pid=8872&iid=1m7kmnm&acm=3.ms.1_4_1m7kmnm.46.1194-68998.f6VZ2r7ngdOcR.sd_117-swt_46-imt_6-t_f6VZ2r7ngdOcR-lc_17-pit_1-qid_73215-dit_31&itemType=6"},{"tradeItemId":"1kj65q8","img":"https://s11.mogucdn.com/mlcdn/c45406/170901_0844if2f6h5b4kjhdkk0f05d4k8bb_640x960.jpg","iid":"1kj65q8","clientUrl":"//h5.mogujie.com/detail-normal/index.html?itemId=1kj65q8&acm=3.ms.1_4_1kj65q8.46.1194-68998.f6VZ2r7ngdOcR.sd_117-swt_46-imt_6-t_f6VZ2r7ngdOcR-lc_17-pit_1-qid_73215-dit_31","link":"//h5.mogujie.com/detail-normal/index.html?itemId=1kj65q8&acm=3.ms.1_4_1kj65q8.46.1194-68998.f6VZ2r7ngdOcR.sd_117-swt_46-imt_6-t_f6VZ2r7ngdOcR-lc_17-pit_1-qid_73215-dit_31","itemMarks":"1525 352 82 351","acm":"3.ms.1_4_1kj65q8.46.1194-68998.f6VZ2r7ngdOcR.sd_117-swt_46-imt_6-t_f6VZ2r7ngdOcR-lc_17-pit_1-qid_73215-dit_31","price_taglist":[],"title":"秋装新款韩版原宿BF风个性字母刺绣短款棒球服女夹克外套学生","type":2,"orgPrice":145,"props":["棒球服","原宿bf风","短款","个性","新款","韩版"],"hasSimilarity":true,"lefttop_taglist":[],"cfav":2881,"price":79.8,"leftbottom_taglist":[],"similarityUrl":"//m.mogujie.com/wall/relative?pid=8872&iid=1kj65q8&acm=3.ms.1_4_1kj65q8.46.1194-68998.f6VZ2r7ngdOcR.sd_117-swt_46-imt_6-t_f6VZ2r7ngdOcR-lc_17-pit_1-qid_73215-dit_31&itemType=6"},{"tradeItemId":"1kj1dum","img":"https://s11.mogucdn.com/mlcdn/55cf19/170830_23lfa0012f8a42250e9d3d68b0890_640x960.jpg","iid":"1kj1dum","clientUrl":"//h5.mogujie.com/detail-normal/index.html?itemId=1kj1dum&acm=3.ms.1_4_1kj1dum.46.1194-68998.f6VZ2r7ngdOcR.sd_117-swt_46-imt_6-t_f6VZ2r7ngdOcR-lc_17-pit_1-qid_73215-dit_31","link":"//h5.mogujie.com/detail-normal/index.html?itemId=1kj1dum&acm=3.ms.1_4_1kj1dum.46.1194-68998.f6VZ2r7ngdOcR.sd_117-swt_46-imt_6-t_f6VZ2r7ngdOcR-lc_17-pit_1-qid_73215-dit_31","itemMarks":"1525 352 353 181 351","acm":"3.ms.1_4_1kj1dum.46.1194-68998.f6VZ2r7ngdOcR.sd_117-swt_46-imt_6-t_f6VZ2r7ngdOcR-lc_17-pit_1-qid_73215-dit_31","price_taglist":[],"title":"韩版宽松外套女bf原宿风新款秋季夹克短款长袖学生港风棒球服","type":2,"orgPrice":200,"props":["棒球服","bf原宿风","短款","长袖","港风","新款","韩版"],"hasSimilarity":true,"lefttop_taglist":[],"cfav":2639,"price":89.9,"leftbottom_taglist":[],"similarityUrl":"//m.mogujie.com/wall/relative?pid=8872&iid=1kj1dum&acm=3.ms.1_4_1kj1dum.46.1194-68998.f6VZ2r7ngdOcR.sd_117-swt_46-imt_6-t_f6VZ2r7ngdOcR-lc_17-pit_1-qid_73215-dit_31&itemType=6"},{"tradeItemId":"1kjsclc","img":"https://s11.mogucdn.com/mlcdn/c45406/170909_1d42c22c2g4kfj8ge85fdih9j7ehk_640x960.jpg","iid":"1kjsclc","clientUrl":"//h5.mogujie.com/detail-normal/index.html?itemId=1kjsclc&acm=3.ms.1_4_1kjsclc.46.1194-68998.f6VZ2r7ngdOcR.sd_117-swt_46-imt_6-t_f6VZ2r7ngdOcR-lc_17-pit_1-qid_73215-dit_31","link":"//h5.mogujie.com/detail-normal/index.html?itemId=1kjsclc&acm=3.ms.1_4_1kjsclc.46.1194-68998.f6VZ2r7ngdOcR.sd_117-swt_46-imt_6-t_f6VZ2r7ngdOcR-lc_17-pit_1-qid_73215-dit_31","itemMarks":"-1","acm":"3.ms.1_4_1kjsclc.46.1194-68998.f6VZ2r7ngdOcR.sd_117-swt_46-imt_6-t_f6VZ2r7ngdOcR-lc_17-pit_1-qid_73215-dit_31","price_taglist":[],"title":"春秋季新款韩版两面穿字母刺绣棒球服原宿风情侣宽松字母夹克外套女上衣","type":2,"orgPrice":98.58,"props":["棒球服","两面穿","原宿风","字母","春秋季","宽松","情侣","新款","韩版"],"hasSimilarity":true,"lefttop_taglist":[],"cfav":1162,"price":69,"leftbottom_taglist":[],"similarityUrl":"//m.mogujie.com/wall/relative?pid=8872&iid=1kjsclc&acm=3.ms.1_4_1kjsclc.46.1194-68998.f6VZ2r7ngdOcR.sd_117-swt_46-imt_6-t_f6VZ2r7ngdOcR-lc_17-pit_1-qid_73215-dit_31&itemType=6"},{"tradeItemId":"1k7ej78","img":"https://s11.mogucdn.com/p2/170216/94053306_856gei4di355212ifffllaaf68k67_640x960.jpg","iid":"1k7ej78","clientUrl":"//h5.mogujie.com/detail-normal/index.html?itemId=1k7ej78&acm=3.ms.1_4_1k7ej78.46.1194-68998.f6VZ2r7ngdOcR.sd_117-swt_46-imt_6-t_f6VZ2r7ngdOcR-lc_17-pit_1-qid_73215-dit_31","link":"//h5.mogujie.com/detail-normal/index.html?itemId=1k7ej78&acm=3.ms.1_4_1k7ej78.46.1194-68998.f6VZ2r7ngdOcR.sd_117-swt_46-imt_6-t_f6VZ2r7ngdOcR-lc_17-pit_1-qid_73215-dit_31","itemMarks":"352 82 351","acm":"3.ms.1_4_1k7ej78.46.1194-68998.f6VZ2r7ngdOcR.sd_117-swt_46-imt_6-t_f6VZ2r7ngdOcR-lc_17-pit_1-qid_73215-dit_31","price_taglist":[],"title":"2018秋季新款短外套女棒球服韩版宽松显瘦短款个性夹克外套女","type":2,"orgPrice":109,"props":["棒球服","短款","宽松显瘦","个性","秋季","韩版"],"hasSimilarity":true,"lefttop_taglist":[],"cfav":14706,"price":69,"leftbottom_taglist":[],"similarityUrl":"//m.mogujie.com/wall/relative?pid=8872&iid=1k7ej78&acm=3.ms.1_4_1k7ej78.46.1194-68998.f6VZ2r7ngdOcR.sd_117-swt_46-imt_6-t_f6VZ2r7ngdOcR-lc_17-pit_1-qid_73215-dit_31&itemType=6"},{"tradeItemId":"1m7h096","img":"https://s11.mogucdn.com/mlcdn/17f85e/180910_2hf26890il0a9b1ebjb4ca4dda473_640x960.jpg","iid":"1m7h096","clientUrl":"//h5.mogujie.com/detail-normal/index.html?itemId=1m7h096&acm=3.ms.1_1_1m7h096.46.85483-68998.f6VZ2r7ngdOcR.ct_4403-sd_117-swt_46-imt_7-c_2_17_436418520_2035536_3_0-t_f6VZ2r7ngdOcR-lc_17-pit_2-c1_1682505_nil_nil_0_2035536_50_0-dit_31&cparam=MTU0MDM2MzAxMl8xYjBvNjMwXzE5YTNkNTQxM2U3OWY1OWNhYmQ2N2Y1YzU1Y2JhMTQzXzE3XzJfNDM2NDE4NTIwXzRmODdfMjAzNTUzNl8zXzBfMTgwXzFfMF9ycy0xNjgyNTA1LnJ0LTEud3QtMQ==","link":"//h5.mogujie.com/detail-normal/index.html?itemId=1m7h096&acm=3.ms.1_1_1m7h096.46.85483-68998.f6VZ2r7ngdOcR.ct_4403-sd_117-swt_46-imt_7-c_2_17_436418520_2035536_3_0-t_f6VZ2r7ngdOcR-lc_17-pit_2-c1_1682505_nil_nil_0_2035536_50_0-dit_31&cparam=MTU0MDM2MzAxMl8xYjBvNjMwXzE5YTNkNTQxM2U3OWY1OWNhYmQ2N2Y1YzU1Y2JhMTQzXzE3XzJfNDM2NDE4NTIwXzRmODdfMjAzNTUzNl8zXzBfMTgwXzFfMF9ycy0xNjgyNTA1LnJ0LTEud3QtMQ==","itemMarks":"1964","acm":"3.ms.1_1_1m7h096.46.85483-68998.f6VZ2r7ngdOcR.ct_4403-sd_117-swt_46-imt_7-c_2_17_436418520_2035536_3_0-t_f6VZ2r7ngdOcR-lc_17-pit_2-c1_1682505_nil_nil_0_2035536_50_0-dit_31","price_taglist":[],"title":"秋装新品女士短款皮衣女士大码外套秋装新款时尚韩版pu机车外套皮夹克显瘦百搭潮款","type":2,"cparam":"MTU0MDM2MzAxMl8xYjBvNjMwXzE5YTNkNTQxM2U3OWY1OWNhYmQ2N2Y1YzU1Y2JhMTQzXzE3XzJfNDM2NDE4NTIwXzRmODdfMjAzNTUzNl8zXzBfMTgwXzFfMF9ycy0xNjgyNTA1LnJ0LTEud3QtMQ==","orgPrice":138,"props":["短款皮衣","潮款","新款时尚","显瘦","大码","百搭","女士","韩版"],"hasSimilarity":true,"lefttop_taglist":[],"cfav":"275","price":96,"leftbottom_taglist":[{"color":"#FFFFFF","bgColor":"#FF743C","content":"热卖"}],"similarityUrl":"//m.mogujie.com/wall/relative?pid=8872&iid=1m7h096&acm=3.ms.1_1_1m7h096.46.85483-68998.f6VZ2r7ngdOcR.ct_4403-sd_117-swt_46-imt_7-c_2_17_436418520_2035536_3_0-t_f6VZ2r7ngdOcR-lc_17-pit_2-c1_1682505_nil_nil_0_2035536_50_0-dit_31&itemType=7"},{"tradeItemId":"1lrle9s","img":"https://s11.mogucdn.com/mlcdn/17f85e/180808_543f3fh97b73ighk3j205ai9fl176_640x960.jpg","iid":"1lrle9s","clientUrl":"//h5.mogujie.com/detail-normal/index.html?itemId=1lrle9s&acm=3.ms.1_1_1lrle9s.46.85483-68998.f6VZ2r7ngdOcR.ct_4403-sd_117-swt_46-imt_7-c_2_17_333127754_2023506_4_0-t_f6VZ2r7ngdOcR-lc_17-pit_2-c1_1682505_nil_nil_0_2023506_20_0-dit_31&cparam=MTU0MDM2MzAxMl8xZjM4NXZnX2RhMGVlNmEzY2Y1ZDQyZWRiMzRjY2UzYzYwMmNjOWZjXzE3XzNfMzMzMTI3NzU0XzRjOGRfMjAyMzUwNl80XzBfODgxXzFfMF9ycy0xNjgyNTA1LnJ0LTEud3QtMA==","link":"//h5.mogujie.com/detail-normal/index.html?itemId=1lrle9s&acm=3.ms.1_1_1lrle9s.46.85483-68998.f6VZ2r7ngdOcR.ct_4403-sd_117-swt_46-imt_7-c_2_17_333127754_2023506_4_0-t_f6VZ2r7ngdOcR-lc_17-pit_2-c1_1682505_nil_nil_0_2023506_20_0-dit_31&cparam=MTU0MDM2MzAxMl8xZjM4NXZnX2RhMGVlNmEzY2Y1ZDQyZWRiMzRjY2UzYzYwMmNjOWZjXzE3XzNfMzMzMTI3NzU0XzRjOGRfMjAyMzUwNl80XzBfODgxXzFfMF9ycy0xNjgyNTA1LnJ0LTEud3QtMA==","itemMarks":"1525 1964 82","acm":"3.ms.1_1_1lrle9s.46.85483-68998.f6VZ2r7ngdOcR.ct_4403-sd_117-swt_46-imt_7-c_2_17_333127754_2023506_4_0-t_f6VZ2r7ngdOcR-lc_17-pit_2-c1_1682505_nil_nil_0_2023506_20_0-dit_31","price_taglist":[],"title":"棒球服女2018新款外套宽松显瘦学生春秋短款韩版刺绣花原宿BF风长袖薄外套百搭夹克","type":2,"cparam":"MTU0MDM2MzAxMl8xZjM4NXZnX2RhMGVlNmEzY2Y1ZDQyZWRiMzRjY2UzYzYwMmNjOWZjXzE3XzNfMzMzMTI3NzU0XzRjOGRfMjAyMzUwNl80XzBfODgxXzFfMF9ycy0xNjgyNTA1LnJ0LTEud3QtMA==","orgPrice":99.9,"props":["棒球服","原宿bf风","短款","长袖","宽松显瘦","春秋","韩版"],"hasSimilarity":true,"lefttop_taglist":[],"cfav":"2347","price":69.93,"leftbottom_taglist":[{"color":"#FFFFFF","bgColor":"#FF743C","content":"热卖"}],"similarityUrl":"//m.mogujie.com/wall/relative?pid=8872&iid=1lrle9s&acm=3.ms.1_1_1lrle9s.46.85483-68998.f6VZ2r7ngdOcR.ct_4403-sd_117-swt_46-imt_7-c_2_17_333127754_2023506_4_0-t_f6VZ2r7ngdOcR-lc_17-pit_2-c1_1682505_nil_nil_0_2023506_20_0-dit_31&itemType=7"},{"tradeItemId":"1k79312","img":"https://s11.mogucdn.com/p2/170213/119308838_5cd95kdjk4b7bgb9deig5f4k9d4f5_640x960.jpg","iid":"1k79312","clientUrl":"//h5.mogujie.com/detail-normal/index.html?itemId=1k79312&acm=3.ms.1_4_1k79312.46.1194-68998.f6VZ2r7ngdOcR.sd_117-swt_46-imt_6-t_f6VZ2r7ngdOcR-lc_17-pit_1-qid_73215-dit_31","link":"//h5.mogujie.com/detail-normal/index.html?itemId=1k79312&acm=3.ms.1_4_1k79312.46.1194-68998.f6VZ2r7ngdOcR.sd_117-swt_46-imt_6-t_f6VZ2r7ngdOcR-lc_17-pit_1-qid_73215-dit_31","itemMarks":"1525 352 351","acm":"3.ms.1_4_1k79312.46.1194-68998.f6VZ2r7ngdOcR.sd_117-swt_46-imt_6-t_f6VZ2r7ngdOcR-lc_17-pit_1-qid_73215-dit_31","price_taglist":[],"title":"春季新款韩版学生宽松bf风水洗pu夹克机车外套飞行服女棒球服","type":2,"orgPrice":114.15,"props":["棒球服","bf风","宽松","水洗","新款","韩版","春季"],"hasSimilarity":true,"lefttop_taglist":[],"cfav":33327,"price":79.8,"leftbottom_taglist":[],"similarityUrl":"//m.mogujie.com/wall/relative?pid=8872&iid=1k79312&acm=3.ms.1_4_1k79312.46.1194-68998.f6VZ2r7ngdOcR.sd_117-swt_46-imt_6-t_f6VZ2r7ngdOcR-lc_17-pit_1-qid_73215-dit_31&itemType=6"},{"tradeItemId":"1m780bo","img":"https://s11.mogucdn.com/mlcdn/c45406/180814_27503chd91cgflii2h74b87ld4434_640x840.jpg","iid":"1m780bo","clientUrl":"//h5.mogujie.com/detail-normal/index.html?itemId=1m780bo&acm=3.ms.1_4_1m780bo.46.1194-68998.f6VZ2r7ngdOcR.sd_117-swt_46-imt_6-t_f6VZ2r7ngdOcR-lc_17-pit_1-qid_73215-dit_31","link":"//h5.mogujie.com/detail-normal/index.html?itemId=1m780bo&acm=3.ms.1_4_1m780bo.46.1194-68998.f6VZ2r7ngdOcR.sd_117-swt_46-imt_6-t_f6VZ2r7ngdOcR-lc_17-pit_1-qid_73215-dit_31","itemMarks":"1525","acm":"3.ms.1_4_1m780bo.46.1194-68998.f6VZ2r7ngdOcR.sd_117-swt_46-imt_6-t_f6VZ2r7ngdOcR-lc_17-pit_1-qid_73215-dit_31","price_taglist":[],"title":"俏果儿 2018秋短款外套女2018新款时尚休闲棒球服外衣韩版百搭短装秋季夹克","type":2,"orgPrice":178,"props":["俏果儿","休闲棒球服","百搭","新款时尚","韩版"],"hasSimilarity":true,"lefttop_taglist":[],"cfav":387,"price":98,"leftbottom_taglist":[],"similarityUrl":"//m.mogujie.com/wall/relative?pid=8872&iid=1m780bo&acm=3.ms.1_4_1m780bo.46.1194-68998.f6VZ2r7ngdOcR.sd_117-swt_46-imt_6-t_f6VZ2r7ngdOcR-lc_17-pit_1-qid_73215-dit_31&itemType=6"},{"tradeItemId":"1kpuswe","img":"https://s11.mogucdn.com/mlcdn/c45406/171108_1l5g5ke772clg97g7e8a3kf4ji0i8_640x960.jpg","iid":"1kpuswe","clientUrl":"//h5.mogujie.com/detail-normal/index.html?itemId=1kpuswe&acm=3.ms.1_4_1kpuswe.46.1194-68998.f6VZ2r7ngdOcR.sd_117-swt_46-imt_6-t_f6VZ2r7ngdOcR-lc_17-pit_1-qid_73215-dit_31","link":"//h5.mogujie.com/detail-normal/index.html?itemId=1kpuswe&acm=3.ms.1_4_1kpuswe.46.1194-68998.f6VZ2r7ngdOcR.sd_117-swt_46-imt_6-t_f6VZ2r7ngdOcR-lc_17-pit_1-qid_73215-dit_31","itemMarks":"352 351","acm":"3.ms.1_4_1kpuswe.46.1194-68998.f6VZ2r7ngdOcR.sd_117-swt_46-imt_6-t_f6VZ2r7ngdOcR-lc_17-pit_1-qid_73215-dit_31","price_taglist":[],"title":"春装新款韩版原宿风BF宽松学生字母拼色棒球服灯芯绒外套女夹克","type":2,"orgPrice":67.99,"props":["拼色棒球服","原宿风","bf宽松","字母","新款","韩版"],"hasSimilarity":true,"lefttop_taglist":[],"cfav":331,"price":65,"leftbottom_taglist":[],"similarityUrl":"//m.mogujie.com/wall/relative?pid=8872&iid=1kpuswe&acm=3.ms.1_4_1kpuswe.46.1194-68998.f6VZ2r7ngdOcR.sd_117-swt_46-imt_6-t_f6VZ2r7ngdOcR-lc_17-pit_1-qid_73215-dit_31&itemType=6"},{"tradeItemId":"1kanuec","img":"https://s11.mogucdn.com/mlcdn/c45406/170421_0de3ii7ji9fa95fekb3ej573hgf5j_640x960.jpg","iid":"1kanuec","clientUrl":"//h5.mogujie.com/detail-normal/index.html?itemId=1kanuec&acm=3.ms.1_4_1kanuec.46.1194-68998.f6VZ2r7ngdOcR.sd_117-swt_46-imt_6-t_f6VZ2r7ngdOcR-lc_17-pit_1-qid_73215-dit_31","link":"//h5.mogujie.com/detail-normal/index.html?itemId=1kanuec&acm=3.ms.1_4_1kanuec.46.1194-68998.f6VZ2r7ngdOcR.sd_117-swt_46-imt_6-t_f6VZ2r7ngdOcR-lc_17-pit_1-qid_73215-dit_31","itemMarks":"1525","acm":"3.ms.1_4_1kanuec.46.1194-68998.f6VZ2r7ngdOcR.sd_117-swt_46-imt_6-t_f6VZ2r7ngdOcR-lc_17-pit_1-qid_73215-dit_31","price_taglist":[],"title":"2018春秋新品韩版立领印花长袖bf宽松开衫夹克棒球服外套女","type":2,"orgPrice":98.4,"props":["棒球服","立领","bf宽松","长袖","印花","春秋","韩版"],"hasSimilarity":true,"lefttop_taglist":[],"cfav":10912,"price":68.88,"leftbottom_taglist":[],"similarityUrl":"//m.mogujie.com/wall/relative?pid=8872&iid=1kanuec&acm=3.ms.1_4_1kanuec.46.1194-68998.f6VZ2r7ngdOcR.sd_117-swt_46-imt_6-t_f6VZ2r7ngdOcR-lc_17-pit_1-qid_73215-dit_31&itemType=6"},{"tradeItemId":"1k1053a","img":"https://s11.mogucdn.com/p2/160810/66705339_5i71jcf1025c48l0eda5k7eda52jf_640x960.gif","iid":"1k1053a","clientUrl":"//h5.mogujie.com/detail-normal/index.html?itemId=1k1053a&acm=3.ms.1_4_1k1053a.46.1194-68998.f6VZ2r7ngdOcR.sd_117-swt_46-imt_6-t_f6VZ2r7ngdOcR-lc_17-pit_1-qid_73215-dit_31","link":"//h5.mogujie.com/detail-normal/index.html?itemId=1k1053a&acm=3.ms.1_4_1k1053a.46.1194-68998.f6VZ2r7ngdOcR.sd_117-swt_46-imt_6-t_f6VZ2r7ngdOcR-lc_17-pit_1-qid_73215-dit_31","itemMarks":"1525 352 71 82 72 351","acm":"3.ms.1_4_1k1053a.46.1194-68998.f6VZ2r7ngdOcR.sd_117-swt_46-imt_6-t_f6VZ2r7ngdOcR-lc_17-pit_1-qid_73215-dit_31","price_taglist":[],"title":"春秋冬新款女装学生休闲宽松百搭夹克厚短外套棒球服","type":2,"orgPrice":113,"props":["百搭夹克","休闲宽松","秋冬新款"],"hasSimilarity":true,"lefttop_taglist":[],"cfav":23351,"price":69.9,"leftbottom_taglist":[],"similarityUrl":"//m.mogujie.com/wall/relative?pid=8872&iid=1k1053a&acm=3.ms.1_4_1k1053a.46.1194-68998.f6VZ2r7ngdOcR.sd_117-swt_46-imt_6-t_f6VZ2r7ngdOcR-lc_17-pit_1-qid_73215-dit_31&itemType=6"},{"tradeItemId":"1m8lab2","img":"https://s11.mogucdn.com/mlcdn/c45406/180915_58d4e4khd7i8glf028i6acl1gec8j_640x960.jpg","iid":"1m8lab2","clientUrl":"//h5.mogujie.com/detail-normal/index.html?itemId=1m8lab2&acm=3.ms.1_4_1m8lab2.46.1194-68998.f6VZ2r7ngdOcR.sd_117-swt_46-imt_6-t_f6VZ2r7ngdOcR-lc_17-pit_1-qid_73215-dit_31","link":"//h5.mogujie.com/detail-normal/index.html?itemId=1m8lab2&acm=3.ms.1_4_1m8lab2.46.1194-68998.f6VZ2r7ngdOcR.sd_117-swt_46-imt_6-t_f6VZ2r7ngdOcR-lc_17-pit_1-qid_73215-dit_31","itemMarks":"1525 352 1232 82 351","acm":"3.ms.1_4_1m8lab2.46.1194-68998.f6VZ2r7ngdOcR.sd_117-swt_46-imt_6-t_f6VZ2r7ngdOcR-lc_17-pit_1-qid_73215-dit_31","price_taglist":[],"title":"毛呢外套女秋冬新款韩版学生宽松百搭小个子加厚棒球服夹克","type":2,"orgPrice":127.15,"props":["棒球服","宽松","百搭","加厚","秋冬新款","韩版"],"hasSimilarity":true,"lefttop_taglist":[],"cfav":1731,"price":85,"leftbottom_taglist":[],"similarityUrl":"//m.mogujie.com/wall/relative?pid=8872&iid=1m8lab2&acm=3.ms.1_4_1m8lab2.46.1194-68998.f6VZ2r7ngdOcR.sd_117-swt_46-imt_6-t_f6VZ2r7ngdOcR-lc_17-pit_1-qid_73215-dit_31&itemType=6"},{"tradeItemId":"1ma8ltg","img":"https://s11.mogucdn.com/mlcdn/c45406/181022_00c52eclihge5gaajg48e53i39ea6_640x960.jpg","iid":"1ma8ltg","clientUrl":"//h5.mogujie.com/detail-normal/index.html?itemId=1ma8ltg&acm=3.ms.1_1_1ma8ltg.46.85483-68998.f6VZ2r7ngdOcR.ct_4403-sd_117-swt_46-imt_7-c_2_17_456206146_0_5_0-t_f6VZ2r7ngdOcR-lc_17-pit_2-c1_1682505_nil_nil_0_0_99_0-dit_31&cparam=MTU0MDM2MzAxMl8xZTZ3eG5xXzI4ZmJhZTlhNmU1MDgyMjFjOGExZGEyMWY1MGQ4ZDJiXzE3XzRfNDU2MjA2MTQ2XzQ1OGNfMF81XzBfNDA2XzFfMF9ycy0xNjgyNTA1LnJ0LTEud3QtMQ==","link":"//h5.mogujie.com/detail-normal/index.html?itemId=1ma8ltg&acm=3.ms.1_1_1ma8ltg.46.85483-68998.f6VZ2r7ngdOcR.ct_4403-sd_117-swt_46-imt_7-c_2_17_456206146_0_5_0-t_f6VZ2r7ngdOcR-lc_17-pit_2-c1_1682505_nil_nil_0_0_99_0-dit_31&cparam=MTU0MDM2MzAxMl8xZTZ3eG5xXzI4ZmJhZTlhNmU1MDgyMjFjOGExZGEyMWY1MGQ4ZDJiXzE3XzRfNDU2MjA2MTQ2XzQ1OGNfMF81XzBfNDA2XzFfMF9ycy0xNjgyNTA1LnJ0LTEud3QtMQ==","itemMarks":"352 351","acm":"3.ms.1_1_1ma8ltg.46.85483-68998.f6VZ2r7ngdOcR.ct_4403-sd_117-swt_46-imt_7-c_2_17_456206146_0_5_0-t_f6VZ2r7ngdOcR-lc_17-pit_2-c1_1682505_nil_nil_0_0_99_0-dit_31","price_taglist":[],"title":"秋冬新款百搭休闲加绒独特印花棒球外套女2018韩版原宿风BF宽袖夹克外套","type":2,"cparam":"MTU0MDM2MzAxMl8xZTZ3eG5xXzI4ZmJhZTlhNmU1MDgyMjFjOGExZGEyMWY1MGQ4ZDJiXzE3XzRfNDU2MjA2MTQ2XzQ1OGNfMF81XzBfNDA2XzFfMF9ycy0xNjgyNTA1LnJ0LTEud3QtMQ==","orgPrice":155.72,"props":["棒球外套","原宿风","印花","休闲","百搭","宽袖","秋冬新款","加绒","韩版"],"hasSimilarity":true,"lefttop_taglist":[],"cfav":"5","price":89,"leftbottom_taglist":[{"color":"#FFFFFF","bgColor":"#FF743C","content":"热卖"}],"similarityUrl":"//m.mogujie.com/wall/relative?pid=8872&iid=1ma8ltg&acm=3.ms.1_1_1ma8ltg.46.85483-68998.f6VZ2r7ngdOcR.ct_4403-sd_117-swt_46-imt_7-c_2_17_456206146_0_5_0-t_f6VZ2r7ngdOcR-lc_17-pit_2-c1_1682505_nil_nil_0_0_99_0-dit_31&itemType=7"},{"tradeItemId":"1m7k09c","img":"https://s11.mogucdn.com/mlcdn/c45406/180822_2ac8e7fb8lhaj90cc7ckkda5jfk2k_640x960.jpg","iid":"1m7k09c","clientUrl":"//h5.mogujie.com/detail-normal/index.html?itemId=1m7k09c&acm=3.ms.1_1_1m7k09c.46.85483-68998.f6VZ2r7ngdOcR.ct_4403-sd_117-swt_46-imt_7-c_2_17_429070359_460398961_6_0-t_f6VZ2r7ngdOcR-lc_17-pit_2-c1_1682505_nil_nil_1_460398961_30_0-dit_31&cparam=MTU0MDM2MzAxMl8xZTZ3eTJjXzU1MGQ4OTVhYTJiYWJlNDJlNjA1NDcyNzE5M2I1MDM0XzE3XzVfNDI5MDcwMzU5XzRmODZfMF82XzBfMTgwXzFfMF9ycy0xNjgyNTA1LnJ0LTEud3QtMQ==","link":"//h5.mogujie.com/detail-normal/index.html?itemId=1m7k09c&acm=3.ms.1_1_1m7k09c.46.85483-68998.f6VZ2r7ngdOcR.ct_4403-sd_117-swt_46-imt_7-c_2_17_429070359_460398961_6_0-t_f6VZ2r7ngdOcR-lc_17-pit_2-c1_1682505_nil_nil_1_460398961_30_0-dit_31&cparam=MTU0MDM2MzAxMl8xZTZ3eTJjXzU1MGQ4OTVhYTJiYWJlNDJlNjA1NDcyNzE5M2I1MDM0XzE3XzVfNDI5MDcwMzU5XzRmODZfMF82XzBfMTgwXzFfMF9ycy0xNjgyNTA1LnJ0LTEud3QtMQ==","itemMarks":"1964","acm":"3.ms.1_1_1m7k09c.46.85483-68998.f6VZ2r7ngdOcR.ct_4403-sd_117-swt_46-imt_7-c_2_17_429070359_460398961_6_0-t_f6VZ2r7ngdOcR-lc_17-pit_2-c1_1682505_nil_nil_1_460398961_30_0-dit_31","price_taglist":[],"title":"2018秋装新品女士两面穿棒球外套大码短外套韩版修身短款棒球服外套女薄款夹克显瘦开衫","type":2,"cparam":"MTU0MDM2MzAxMl8xZTZ3eTJjXzU1MGQ4OTVhYTJiYWJlNDJlNjA1NDcyNzE5M2I1MDM0XzE3XzVfNDI5MDcwMzU5XzRmODZfMF82XzBfMTgwXzFfMF9ycy0xNjgyNTA1LnJ0LTEud3QtMQ==","orgPrice":136,"props":["棒球外套","两面穿","短款","大码","女士","修身","韩版"],"hasSimilarity":true,"lefttop_taglist":[],"cfav":"174","price":95.2,"leftbottom_taglist":[{"color":"#FFFFFF","bgColor":"#FF743C","content":"热卖"}],"similarityUrl":"//m.mogujie.com/wall/relative?pid=8872&iid=1m7k09c&acm=3.ms.1_1_1m7k09c.46.85483-68998.f6VZ2r7ngdOcR.ct_4403-sd_117-swt_46-imt_7-c_2_17_429070359_460398961_6_0-t_f6VZ2r7ngdOcR-lc_17-pit_2-c1_1682505_nil_nil_1_460398961_30_0-dit_31&itemType=7"},{"tradeItemId":"1m6bc8i","img":"https://s11.mogucdn.com/mlcdn/c45406/180723_33k4d2cefjbl68g0381l75eggi07c_640x852.jpg","iid":"1m6bc8i","clientUrl":"//h5.mogujie.com/detail-normal/index.html?itemId=1m6bc8i&acm=3.ms.1_4_1m6bc8i.46.1194-68998.f6VZ2r7ngdOcR.sd_117-swt_46-imt_6-t_f6VZ2r7ngdOcR-lc_17-pit_1-qid_73215-dit_31","link":"//h5.mogujie.com/detail-normal/index.html?itemId=1m6bc8i&acm=3.ms.1_4_1m6bc8i.46.1194-68998.f6VZ2r7ngdOcR.sd_117-swt_46-imt_6-t_f6VZ2r7ngdOcR-lc_17-pit_1-qid_73215-dit_31","itemMarks":"1525 352 1232 82 351","acm":"3.ms.1_4_1m6bc8i.46.1194-68998.f6VZ2r7ngdOcR.sd_117-swt_46-imt_6-t_f6VZ2r7ngdOcR-lc_17-pit_1-qid_73215-dit_31","price_taglist":[],"title":"棒球服女秋装外套女百搭新装原宿BF风韩版学生宽松纯色立领时尚显瘦简约长袖休闲短款夹克","type":2,"orgPrice":141.43,"props":["棒球服","原宿bf风","立领","长袖","宽松","休闲","百搭","显瘦","时尚","简约","纯色","韩版"],"hasSimilarity":true,"lefttop_taglist":[],"cfav":5212,"price":69,"leftbottom_taglist":[],"similarityUrl":"//m.mogujie.com/wall/relative?pid=8872&iid=1m6bc8i&acm=3.ms.1_4_1m6bc8i.46.1194-68998.f6VZ2r7ngdOcR.sd_117-swt_46-imt_6-t_f6VZ2r7ngdOcR-lc_17-pit_1-qid_73215-dit_31&itemType=6"},{"tradeItemId":"1m953mc","img":"https://s11.mogucdn.com/mlcdn/c45406/180928_77831kj2ekijk16c8ahhh8aea6415_640x960.jpg","iid":"1m953mc","clientUrl":"//h5.mogujie.com/detail-normal/index.html?itemId=1m953mc&acm=3.ms.1_4_1m953mc.46.1194-68998.f6VZ2r7ngdOcR.sd_117-swt_46-imt_6-t_f6VZ2r7ngdOcR-lc_17-pit_1-qid_73215-dit_31","link":"//h5.mogujie.com/detail-normal/index.html?itemId=1m953mc&acm=3.ms.1_4_1m953mc.46.1194-68998.f6VZ2r7ngdOcR.sd_117-swt_46-imt_6-t_f6VZ2r7ngdOcR-lc_17-pit_1-qid_73215-dit_31","itemMarks":"352 351","acm":"3.ms.1_4_1m953mc.46.1194-68998.f6VZ2r7ngdOcR.sd_117-swt_46-imt_6-t_f6VZ2r7ngdOcR-lc_17-pit_1-qid_73215-dit_31","price_taglist":[],"title":"2018秋季新款韩版宽松背后贴布刺绣字母开衫卫衣棒球服外套女上衣","type":2,"orgPrice":143,"props":["棒球服","字母","宽松","秋季","新款","韩版"],"hasSimilarity":true,"lefttop_taglist":[],"cfav":442,"price":89,"leftbottom_taglist":[],"similarityUrl":"//m.mogujie.com/wall/relative?pid=8872&iid=1m953mc&acm=3.ms.1_4_1m953mc.46.1194-68998.f6VZ2r7ngdOcR.sd_117-swt_46-imt_6-t_f6VZ2r7ngdOcR-lc_17-pit_1-qid_73215-dit_31&itemType=6"},{"tradeItemId":"1lrd9x0","img":"https://s11.mogucdn.com/mlcdn/c45406/180203_7a69k52i566glb8fgj7h435jgklgi_640x960.jpg","iid":"1lrd9x0","clientUrl":"//h5.mogujie.com/detail-normal/index.html?itemId=1lrd9x0&acm=3.ms.1_4_1lrd9x0.46.1194-68998.f6VZ2r7ngdOcR.sd_117-swt_46-imt_6-t_f6VZ2r7ngdOcR-lc_17-pit_1-qid_73215-dit_31","link":"//h5.mogujie.com/detail-normal/index.html?itemId=1lrd9x0&acm=3.ms.1_4_1lrd9x0.46.1194-68998.f6VZ2r7ngdOcR.sd_117-swt_46-imt_6-t_f6VZ2r7ngdOcR-lc_17-pit_1-qid_73215-dit_31","itemMarks":"1232","acm":"3.ms.1_4_1lrd9x0.46.1194-68998.f6VZ2r7ngdOcR.sd_117-swt_46-imt_6-t_f6VZ2r7ngdOcR-lc_17-pit_1-qid_73215-dit_31","price_taglist":[],"title":"薄款韩版春秋季新款原宿风字母印花棒球服女宽松外套学生宽松显瘦复古短款棒球衣夹克衫女装潮","type":2,"orgPrice":128,"props":["印花棒球服","原宿风","短款","字母","春秋季","宽松显瘦","薄款","复古","新款","韩版"],"hasSimilarity":true,"lefttop_taglist":[],"cfav":12002,"price":89.6,"leftbottom_taglist":[],"similarityUrl":"//m.mogujie.com/wall/relative?pid=8872&iid=1lrd9x0&acm=3.ms.1_4_1lrd9x0.46.1194-68998.f6VZ2r7ngdOcR.sd_117-swt_46-imt_6-t_f6VZ2r7ngdOcR-lc_17-pit_1-qid_73215-dit_31&itemType=6"},{"tradeItemId":"1lrle9s","img":"https://s11.mogucdn.com/mlcdn/c45406/180808_2961ada2f5d267di1fc91e16lk000_640x960.jpg","iid":"1lrle9s","clientUrl":"//h5.mogujie.com/detail-normal/index.html?itemId=1lrle9s&acm=3.ms.1_4_1lrle9s.46.1194-68998.f6VZ2r7ngdOcR.sd_117-swt_46-imt_6-t_f6VZ2r7ngdOcR-lc_17-pit_1-qid_73215-dit_31","link":"//h5.mogujie.com/detail-normal/index.html?itemId=1lrle9s&acm=3.ms.1_4_1lrle9s.46.1194-68998.f6VZ2r7ngdOcR.sd_117-swt_46-imt_6-t_f6VZ2r7ngdOcR-lc_17-pit_1-qid_73215-dit_31","itemMarks":"1525 1964 82","acm":"3.ms.1_4_1lrle9s.46.1194-68998.f6VZ2r7ngdOcR.sd_117-swt_46-imt_6-t_f6VZ2r7ngdOcR-lc_17-pit_1-qid_73215-dit_31","price_taglist":[],"title":"棒球服女2018新款外套宽松显瘦学生春秋短款韩版刺绣花原宿BF风长袖薄外套百搭夹克","type":2,"orgPrice":99.9,"props":["棒球服","原宿bf风","短款","长袖","宽松显瘦","春秋","韩版"],"hasSimilarity":true,"lefttop_taglist":[],"cfav":2347,"price":69.93,"leftbottom_taglist":[],"similarityUrl":"//m.mogujie.com/wall/relative?pid=8872&iid=1lrle9s&acm=3.ms.1_4_1lrle9s.46.1194-68998.f6VZ2r7ngdOcR.sd_117-swt_46-imt_6-t_f6VZ2r7ngdOcR-lc_17-pit_1-qid_73215-dit_31&itemType=6"},{"tradeItemId":"1m6fr9s","img":"https://s11.mogucdn.com/mlcdn/c45406/180726_82i31l1l0dclilili546al04l4106_640x960.jpg","iid":"1m6fr9s","clientUrl":"//h5.mogujie.com/detail-normal/index.html?itemId=1m6fr9s&acm=3.ms.1_4_1m6fr9s.46.1194-68998.f6VZ2r7ngdOcR.sd_117-swt_46-imt_6-t_f6VZ2r7ngdOcR-lc_17-pit_1-qid_73215-dit_31","link":"//h5.mogujie.com/detail-normal/index.html?itemId=1m6fr9s&acm=3.ms.1_4_1m6fr9s.46.1194-68998.f6VZ2r7ngdOcR.sd_117-swt_46-imt_6-t_f6VZ2r7ngdOcR-lc_17-pit_1-qid_73215-dit_31","itemMarks":"1525 352 351","acm":"3.ms.1_4_1m6fr9s.46.1194-68998.f6VZ2r7ngdOcR.sd_117-swt_46-imt_6-t_f6VZ2r7ngdOcR-lc_17-pit_1-qid_73215-dit_31","price_taglist":[],"title":"2018秋装新款韩范bf原宿风ulzzang棒球服外套女装短款飞行员夹克学生","type":2,"orgPrice":146.66,"props":["棒球服","bf原宿风","短款","韩范","新款"],"hasSimilarity":true,"lefttop_taglist":[],"cfav":1327,"price":88,"leftbottom_taglist":[],"similarityUrl":"//m.mogujie.com/wall/relative?pid=8872&iid=1m6fr9s&acm=3.ms.1_4_1m6fr9s.46.1194-68998.f6VZ2r7ngdOcR.sd_117-swt_46-imt_6-t_f6VZ2r7ngdOcR-lc_17-pit_1-qid_73215-dit_31&itemType=6"},{"tradeItemId":"1m7l0um","img":"https://s11.mogucdn.com/mlcdn/c45406/180823_7j55k2egf11ag6b1kal38452ij2i5_640x960.jpg","iid":"1m7l0um","clientUrl":"//h5.mogujie.com/detail-normal/index.html?itemId=1m7l0um&acm=3.ms.1_4_1m7l0um.46.1194-68998.f6VZ2r7ngdOcR.sd_117-swt_46-imt_6-t_f6VZ2r7ngdOcR-lc_17-pit_1-qid_73215-dit_31","link":"//h5.mogujie.com/detail-normal/index.html?itemId=1m7l0um&acm=3.ms.1_4_1m7l0um.46.1194-68998.f6VZ2r7ngdOcR.sd_117-swt_46-imt_6-t_f6VZ2r7ngdOcR-lc_17-pit_1-qid_73215-dit_31","itemMarks":"1525 352 351","acm":"3.ms.1_4_1m7l0um.46.1194-68998.f6VZ2r7ngdOcR.sd_117-swt_46-imt_6-t_f6VZ2r7ngdOcR-lc_17-pit_1-qid_73215-dit_31","price_taglist":[],"title":"秋装长袖刺绣字母宽松复古原宿棒球服上衣潮2018秋季新款韩版港风飞行员夹克外套女","type":2,"orgPrice":165,"props":["棒球服","原宿","字母宽松","长袖","港风","复古","秋季","新款","韩版"],"hasSimilarity":true,"lefttop_taglist":[],"cfav":355,"price":109.8,"leftbottom_taglist":[],"similarityUrl":"//m.mogujie.com/wall/relative?pid=8872&iid=1m7l0um&acm=3.ms.1_4_1m7l0um.46.1194-68998.f6VZ2r7ngdOcR.sd_117-swt_46-imt_6-t_f6VZ2r7ngdOcR-lc_17-pit_1-qid_73215-dit_31&itemType=6"},{"tradeItemId":"1m7jyyq","img":"https://s11.mogucdn.com/mlcdn/17f85e/180822_77af0ii6lhi8di0lled7c7i5i7lla_640x960.jpg","iid":"1m7jyyq","clientUrl":"//h5.mogujie.com/detail-normal/index.html?itemId=1m7jyyq&acm=3.ms.1_1_1m7jyyq.46.85483-68998.f6VZ2r7ngdOcR.ct_4403-sd_117-swt_46-imt_7-c_2_17_429070622_2028715_7_0-t_f6VZ2r7ngdOcR-lc_17-pit_2-c1_1682505_nil_nil_0_2028715_30_0-dit_31&cparam=MTU0MDM2MzAxMl8xZWYzZXBxX2NhYmRjYjg3Njg4ZTkwODQ1MjRhZWM0MzgzZTA1OTQ1XzE3XzZfNDI5MDcwNjIyXzRmODhfMjAyODcxNV83XzBfMTgwXzFfMF9ycy0xNjgyNTA1LnJ0LTEud3QtMQ==","link":"//h5.mogujie.com/detail-normal/index.html?itemId=1m7jyyq&acm=3.ms.1_1_1m7jyyq.46.85483-68998.f6VZ2r7ngdOcR.ct_4403-sd_117-swt_46-imt_7-c_2_17_429070622_2028715_7_0-t_f6VZ2r7ngdOcR-lc_17-pit_2-c1_1682505_nil_nil_0_2028715_30_0-dit_31&cparam=MTU0MDM2MzAxMl8xZWYzZXBxX2NhYmRjYjg3Njg4ZTkwODQ1MjRhZWM0MzgzZTA1OTQ1XzE3XzZfNDI5MDcwNjIyXzRmODhfMjAyODcxNV83XzBfMTgwXzFfMF9ycy0xNjgyNTA1LnJ0LTEud3QtMQ==","itemMarks":"-1","acm":"3.ms.1_1_1m7jyyq.46.85483-68998.f6VZ2r7ngdOcR.ct_4403-sd_117-swt_46-imt_7-c_2_17_429070622_2028715_7_0-t_f6VZ2r7ngdOcR-lc_17-pit_2-c1_1682505_nil_nil_0_2028715_30_0-dit_31","price_taglist":[],"title":"女士棒球服外套新品2018春秋韩版宽松版短款棒球服蝙蝠袖外套女薄款夹克开衫显瘦","type":2,"cparam":"MTU0MDM2MzAxMl8xZWYzZXBxX2NhYmRjYjg3Njg4ZTkwODQ1MjRhZWM0MzgzZTA1OTQ1XzE3XzZfNDI5MDcwNjIyXzRmODhfMjAyODcxNV83XzBfMTgwXzFfMF9ycy0xNjgyNTA1LnJ0LTEud3QtMQ==","orgPrice":139,"props":["棒球服","短款","宽松版","女士","显瘦","春秋","韩版"],"hasSimilarity":true,"lefttop_taglist":[],"cfav":"33","price":97.3,"leftbottom_taglist":[{"color":"#FFFFFF","bgColor":"#FF743C","content":"热卖"}],"similarityUrl":"//m.mogujie.com/wall/relative?pid=8872&iid=1m7jyyq&acm=3.ms.1_1_1m7jyyq.46.85483-68998.f6VZ2r7ngdOcR.ct_4403-sd_117-swt_46-imt_7-c_2_17_429070622_2028715_7_0-t_f6VZ2r7ngdOcR-lc_17-pit_2-c1_1682505_nil_nil_0_2028715_30_0-dit_31&itemType=7"},{"tradeItemId":"1kjzwrg","img":"https://s11.mogucdn.com/mlcdn/17f85e/180909_3df2g6c58h1k25b4d636figll0470_640x960.jpg","iid":"1kjzwrg","clientUrl":"//h5.mogujie.com/detail-normal/index.html?itemId=1kjzwrg&acm=3.ms.1_1_1kjzwrg.46.85483-68998.f6VZ2r7ngdOcR.ct_4403-sd_117-swt_46-imt_7-c_2_17_435939843_2035023_8_0-t_f6VZ2r7ngdOcR-lc_17-pit_2-c1_1682505_nil_nil_0_2035023_30_0-dit_31&cparam=MTU0MDM2MzAxMl8xZWYzZzF5XzUzNDU5MmY3MjcxNjNkNTE4M2U0MGEwOWEzODc3YzNlXzE3XzdfNDM1OTM5ODQzXzRmODlfMjAzNTAyM184XzBfMTgwXzFfMF9ycy0xNjgyNTA1LnJ0LTEud3QtMQ==","link":"//h5.mogujie.com/detail-normal/index.html?itemId=1kjzwrg&acm=3.ms.1_1_1kjzwrg.46.85483-68998.f6VZ2r7ngdOcR.ct_4403-sd_117-swt_46-imt_7-c_2_17_435939843_2035023_8_0-t_f6VZ2r7ngdOcR-lc_17-pit_2-c1_1682505_nil_nil_0_2035023_30_0-dit_31&cparam=MTU0MDM2MzAxMl8xZWYzZzF5XzUzNDU5MmY3MjcxNjNkNTE4M2U0MGEwOWEzODc3YzNlXzE3XzdfNDM1OTM5ODQzXzRmODlfMjAzNTAyM184XzBfMTgwXzFfMF9ycy0xNjgyNTA1LnJ0LTEud3QtMQ==","itemMarks":"1525 1907","acm":"3.ms.1_1_1kjzwrg.46.85483-68998.f6VZ2r7ngdOcR.ct_4403-sd_117-swt_46-imt_7-c_2_17_435939843_2035023_8_0-t_f6VZ2r7ngdOcR-lc_17-pit_2-c1_1682505_nil_nil_0_2035023_30_0-dit_31","price_taglist":[],"title":"短外套女2018春秋韩版修身短款棒球服外套女薄款夹克开衫显瘦","type":2,"cparam":"MTU0MDM2MzAxMl8xZWYzZzF5XzUzNDU5MmY3MjcxNjNkNTE4M2U0MGEwOWEzODc3YzNlXzE3XzdfNDM1OTM5ODQzXzRmODlfMjAzNTAyM184XzBfMTgwXzFfMF9ycy0xNjgyNTA1LnJ0LTEud3QtMQ==","orgPrice":139,"props":["棒球服","短款","显瘦","修身","春秋","韩版"],"hasSimilarity":true,"lefttop_taglist":[],"cfav":"247","price":97.3,"leftbottom_taglist":[{"color":"#FFFFFF","bgColor":"#FF743C","content":"热卖"}],"similarityUrl":"//m.mogujie.com/wall/relative?pid=8872&iid=1kjzwrg&acm=3.ms.1_1_1kjzwrg.46.85483-68998.f6VZ2r7ngdOcR.ct_4403-sd_117-swt_46-imt_7-c_2_17_435939843_2035023_8_0-t_f6VZ2r7ngdOcR-lc_17-pit_2-c1_1682505_nil_nil_0_2035023_30_0-dit_31&itemType=7"},{"tradeItemId":"1lswrwg","img":"https://s11.mogucdn.com/mlcdn/c45406/180413_810i8cj1aa4la0fhcklk1i29jb971_640x960.jpg","iid":"1lswrwg","clientUrl":"//h5.mogujie.com/detail-normal/index.html?itemId=1lswrwg&acm=3.ms.1_4_1lswrwg.46.1194-68998.f6VZ2r7ngdOcR.sd_117-swt_46-imt_6-t_f6VZ2r7ngdOcR-lc_17-pit_1-qid_73215-dit_31","link":"//h5.mogujie.com/detail-normal/index.html?itemId=1lswrwg&acm=3.ms.1_4_1lswrwg.46.1194-68998.f6VZ2r7ngdOcR.sd_117-swt_46-imt_6-t_f6VZ2r7ngdOcR-lc_17-pit_1-qid_73215-dit_31","itemMarks":"1525 352 351","acm":"3.ms.1_4_1lswrwg.46.1194-68998.f6VZ2r7ngdOcR.sd_117-swt_46-imt_6-t_f6VZ2r7ngdOcR-lc_17-pit_1-qid_73215-dit_31","price_taglist":[],"title":"飞行员夹克上衣2018秋季新款韩版bf原宿风学生两侧迷彩拼色长袖休闲短款宽松棒球服外套女","type":2,"orgPrice":126.86,"props":["棒球服","bf原宿风","短款","拼色","长袖","宽松","迷彩","休闲","秋季","新款","韩版"],"hasSimilarity":true,"lefttop_taglist":[],"cfav":6215,"price":78.8,"leftbottom_taglist":[],"similarityUrl":"//m.mogujie.com/wall/relative?pid=8872&iid=1lswrwg&acm=3.ms.1_4_1lswrwg.46.1194-68998.f6VZ2r7ngdOcR.sd_117-swt_46-imt_6-t_f6VZ2r7ngdOcR-lc_17-pit_1-qid_73215-dit_31&itemType=6"},{"tradeItemId":"1m7lh36","img":"https://s11.mogucdn.com/mlcdn/c45406/180823_3gik5452hkbkg5e48ek0h4hcjic52_640x960.jpg","iid":"1m7lh36","clientUrl":"//h5.mogujie.com/detail-normal/index.html?itemId=1m7lh36&acm=3.ms.1_4_1m7lh36.46.1194-68998.f6VZ2r7ngdOcR.sd_117-swt_46-imt_6-t_f6VZ2r7ngdOcR-lc_17-pit_1-qid_73215-dit_31","link":"//h5.mogujie.com/detail-normal/index.html?itemId=1m7lh36&acm=3.ms.1_4_1m7lh36.46.1194-68998.f6VZ2r7ngdOcR.sd_117-swt_46-imt_6-t_f6VZ2r7ngdOcR-lc_17-pit_1-qid_73215-dit_31","itemMarks":"-1","acm":"3.ms.1_4_1m7lh36.46.1194-68998.f6VZ2r7ngdOcR.sd_117-swt_46-imt_6-t_f6VZ2r7ngdOcR-lc_17-pit_1-qid_73215-dit_31","price_taglist":[],"title":"外套女春秋2018新款宽松ulzzang长袖纯色原宿风立领棒球服夹克潮","type":2,"orgPrice":59,"props":["棒球服","原宿风","立领","长袖","宽松","纯色","春秋","新款"],"hasSimilarity":true,"lefttop_taglist":[],"cfav":77,"price":59,"leftbottom_taglist":[],"similarityUrl":"//m.mogujie.com/wall/relative?pid=8872&iid=1m7lh36&acm=3.ms.1_4_1m7lh36.46.1194-68998.f6VZ2r7ngdOcR.sd_117-swt_46-imt_6-t_f6VZ2r7ngdOcR-lc_17-pit_1-qid_73215-dit_31&itemType=6"},{"tradeItemId":"1m754os","img":"https://s11.mogucdn.com/mlcdn/c45406/180811_304721ldb3fh68jj8cd726gchfh1d_640x960.jpg","iid":"1m754os","clientUrl":"//h5.mogujie.com/detail-normal/index.html?itemId=1m754os&acm=3.ms.1_4_1m754os.46.1194-68998.f6VZ2r7ngdOcR.sd_117-swt_46-imt_6-t_f6VZ2r7ngdOcR-lc_17-pit_1-qid_73215-dit_31","link":"//h5.mogujie.com/detail-normal/index.html?itemId=1m754os&acm=3.ms.1_4_1m754os.46.1194-68998.f6VZ2r7ngdOcR.sd_117-swt_46-imt_6-t_f6VZ2r7ngdOcR-lc_17-pit_1-qid_73215-dit_31","itemMarks":"1525 352 351","acm":"3.ms.1_4_1m754os.46.1194-68998.f6VZ2r7ngdOcR.sd_117-swt_46-imt_6-t_f6VZ2r7ngdOcR-lc_17-pit_1-qid_73215-dit_31","price_taglist":[],"title":"港风chic撞色棒球服女秋季新款2018韩版休闲BF宽松显瘦撞色连帽外套女学生潮","type":2,"orgPrice":158,"props":["撞色棒球服","bf宽松","撞色","休闲","港风","显瘦","秋季","新款","韩版"],"hasSimilarity":true,"lefttop_taglist":[],"cfav":983,"price":105,"leftbottom_taglist":[],"similarityUrl":"//m.mogujie.com/wall/relative?pid=8872&iid=1m754os&acm=3.ms.1_4_1m754os.46.1194-68998.f6VZ2r7ngdOcR.sd_117-swt_46-imt_6-t_f6VZ2r7ngdOcR-lc_17-pit_1-qid_73215-dit_31&itemType=6"},{"tradeItemId":"1lteql6","img":"https://s11.mogucdn.com/mlcdn/c45406/180315_095gjjadbcj28c53l6cca26lcef0e_640x960.jpg","iid":"1lteql6","clientUrl":"//h5.mogujie.com/detail-normal/index.html?itemId=1lteql6&acm=3.ms.1_4_1lteql6.46.1194-68998.f6VZ2r7ngdOcR.sd_117-swt_46-imt_6-t_f6VZ2r7ngdOcR-lc_17-pit_1-qid_73215-dit_31","link":"//h5.mogujie.com/detail-normal/index.html?itemId=1lteql6&acm=3.ms.1_4_1lteql6.46.1194-68998.f6VZ2r7ngdOcR.sd_117-swt_46-imt_6-t_f6VZ2r7ngdOcR-lc_17-pit_1-qid_73215-dit_31","itemMarks":"352 351","acm":"3.ms.1_4_1lteql6.46.1194-68998.f6VZ2r7ngdOcR.sd_117-swt_46-imt_6-t_f6VZ2r7ngdOcR-lc_17-pit_1-qid_73215-dit_31","price_taglist":[],"title":"学生短款外套女装春秋韩版抽绳收腰棒球服长袖薄款风衣休闲夹克潮","type":2,"orgPrice":78.99,"props":["棒球服","短款","长袖","收腰","抽绳","春秋","韩版"],"hasSimilarity":true,"lefttop_taglist":[],"cfav":6375,"price":76.99,"leftbottom_taglist":[],"similarityUrl":"//m.mogujie.com/wall/relative?pid=8872&iid=1lteql6&acm=3.ms.1_4_1lteql6.46.1194-68998.f6VZ2r7ngdOcR.sd_117-swt_46-imt_6-t_f6VZ2r7ngdOcR-lc_17-pit_1-qid_73215-dit_31&itemType=6"},{"tradeItemId":"1m755zc","img":"https://s11.mogucdn.com/mlcdn/c45406/180811_70cbjkhak94kfe8lbge3701i97g50_640x960.jpg","iid":"1m755zc","clientUrl":"//h5.mogujie.com/detail-normal/index.html?itemId=1m755zc&acm=3.ms.1_4_1m755zc.46.1194-68998.f6VZ2r7ngdOcR.sd_117-swt_46-imt_6-t_f6VZ2r7ngdOcR-lc_17-pit_1-qid_73215-dit_31","link":"//h5.mogujie.com/detail-normal/index.html?itemId=1m755zc&acm=3.ms.1_4_1m755zc.46.1194-68998.f6VZ2r7ngdOcR.sd_117-swt_46-imt_6-t_f6VZ2r7ngdOcR-lc_17-pit_1-qid_73215-dit_31","itemMarks":"1525 352 82 351","acm":"3.ms.1_4_1m755zc.46.1194-68998.f6VZ2r7ngdOcR.sd_117-swt_46-imt_6-t_f6VZ2r7ngdOcR-lc_17-pit_1-qid_73215-dit_31","price_taglist":[],"title":"秋季新款棒球服外套秋季韩版百搭宽松小个子短款绣花夹克春秋小外套","type":2,"orgPrice":127.15,"props":["棒球服","短款","绣花","宽松","百搭","秋季","新款","韩版"],"hasSimilarity":true,"lefttop_taglist":[],"cfav":1232,"price":88,"leftbottom_taglist":[],"similarityUrl":"//m.mogujie.com/wall/relative?pid=8872&iid=1m755zc&acm=3.ms.1_4_1m755zc.46.1194-68998.f6VZ2r7ngdOcR.sd_117-swt_46-imt_6-t_f6VZ2r7ngdOcR-lc_17-pit_1-qid_73215-dit_31&itemType=6"},{"tradeItemId":"1m6tv2k","img":"https://s11.mogucdn.com/mlcdn/c45406/180803_5gbh32l6kh70adg2adlee03101g8k_800x1199.jpg","iid":"1m6tv2k","clientUrl":"//h5.mogujie.com/detail-normal/index.html?itemId=1m6tv2k&acm=3.ms.1_4_1m6tv2k.46.1194-68998.f6VZ2r7ngdOcR.sd_117-swt_46-imt_6-t_f6VZ2r7ngdOcR-lc_17-pit_1-qid_73215-dit_31","link":"//h5.mogujie.com/detail-normal/index.html?itemId=1m6tv2k&acm=3.ms.1_4_1m6tv2k.46.1194-68998.f6VZ2r7ngdOcR.sd_117-swt_46-imt_6-t_f6VZ2r7ngdOcR-lc_17-pit_1-qid_73215-dit_31","itemMarks":"1525 352 351","acm":"3.ms.1_4_1m6tv2k.46.1194-68998.f6VZ2r7ngdOcR.sd_117-swt_46-imt_6-t_f6VZ2r7ngdOcR-lc_17-pit_1-qid_73215-dit_31","price_taglist":[],"title":"双面穿嘻哈少女bf外套秋季新款宽松百搭短款休闲连帽棒球服夹克女","type":2,"orgPrice":198.58,"props":["棒球服","短款","宽松","双面","百搭","嘻哈","秋季","新款"],"hasSimilarity":true,"lefttop_taglist":[],"cfav":1641,"price":127.99,"leftbottom_taglist":[],"similarityUrl":"//m.mogujie.com/wall/relative?pid=8872&iid=1m6tv2k&acm=3.ms.1_4_1m6tv2k.46.1194-68998.f6VZ2r7ngdOcR.sd_117-swt_46-imt_6-t_f6VZ2r7ngdOcR-lc_17-pit_1-qid_73215-dit_31&itemType=6"},{"tradeItemId":"1lsfbdq","img":"https://s11.mogucdn.com/mlcdn/17f85e/180308_47bj7ck76cicjhjb26db5l11f8528_640x960.jpg","iid":"1lsfbdq","clientUrl":"//h5.mogujie.com/detail-normal/index.html?itemId=1lsfbdq&acm=3.ms.1_1_1lsfbdq.46.85483-68998.f6VZ2r7ngdOcR.ct_4403-sd_117-swt_46-imt_7-c_2_17_435940711_2035027_9_0-t_f6VZ2r7ngdOcR-lc_17-pit_2-c1_1682505_nil_nil_0_2035027_30_0-dit_31&cparam=MTU0MDM2MzAxMl8xZHh5eWJlXzdjY2NhZjc3MWYyMzg5ZGUxZGNlZDRmMmE2NGZiZmYzXzE3XzhfNDM1OTQwNzExXzRkXzIwMzUwMjdfOV8wXzE4MF8xXzBfcnMtMTY4MjUwNS5ydC0xLnd0LTE=","link":"//h5.mogujie.com/detail-normal/index.html?itemId=1lsfbdq&acm=3.ms.1_1_1lsfbdq.46.85483-68998.f6VZ2r7ngdOcR.ct_4403-sd_117-swt_46-imt_7-c_2_17_435940711_2035027_9_0-t_f6VZ2r7ngdOcR-lc_17-pit_2-c1_1682505_nil_nil_0_2035027_30_0-dit_31&cparam=MTU0MDM2MzAxMl8xZHh5eWJlXzdjY2NhZjc3MWYyMzg5ZGUxZGNlZDRmMmE2NGZiZmYzXzE3XzhfNDM1OTQwNzExXzRkXzIwMzUwMjdfOV8wXzE4MF8xXzBfcnMtMTY4MjUwNS5ydC0xLnd0LTE=","itemMarks":"-1","acm":"3.ms.1_1_1lsfbdq.46.85483-68998.f6VZ2r7ngdOcR.ct_4403-sd_117-swt_46-imt_7-c_2_17_435940711_2035027_9_0-t_f6VZ2r7ngdOcR-lc_17-pit_2-c1_1682505_nil_nil_0_2035027_30_0-dit_31","price_taglist":[],"title":"春秋装新品大码短外套韩版修身短款棒球服外套女薄款夹克显瘦开衫","type":2,"cparam":"MTU0MDM2MzAxMl8xZHh5eWJlXzdjY2NhZjc3MWYyMzg5ZGUxZGNlZDRmMmE2NGZiZmYzXzE3XzhfNDM1OTQwNzExXzRkXzIwMzUwMjdfOV8wXzE4MF8xXzBfcnMtMTY4MjUwNS5ydC0xLnd0LTE=","orgPrice":139,"props":["棒球服","短款","大码","修身","韩版"],"hasSimilarity":true,"lefttop_taglist":[],"cfav":"183","price":97.3,"leftbottom_taglist":[{"color":"#FFFFFF","bgColor":"#FF743C","content":"热卖"}],"similarityUrl":"//m.mogujie.com/wall/relative?pid=8872&iid=1lsfbdq&acm=3.ms.1_1_1lsfbdq.46.85483-68998.f6VZ2r7ngdOcR.ct_4403-sd_117-swt_46-imt_7-c_2_17_435940711_2035027_9_0-t_f6VZ2r7ngdOcR-lc_17-pit_2-c1_1682505_nil_nil_0_2035027_30_0-dit_31&itemType=7"},{"tradeItemId":"1m6om82","img":"https://s11.mogucdn.com/mlcdn/17f85e/180731_6b8h1jb9ck99kg7c5l26bj6i42c5i_640x960.jpg","iid":"1m6om82","clientUrl":"//h5.mogujie.com/detail-normal/index.html?itemId=1m6om82&acm=3.ms.1_1_1m6om82.46.85483-68998.f6VZ2r7ngdOcR.ct_4403-sd_117-swt_46-imt_7-c_2_17_421559169_2021177_10_0-t_f6VZ2r7ngdOcR-lc_17-pit_2-c1_1682505_nil_nil_0_2021177_30_0-dit_31&cparam=MTU0MDM2MzAxMl8xMWtfNGMzNzBmYmRjZGI2MWNkYjhiYTM0ZDUyZWFlMWE2MzhfMTdfOV80MjE1NTkxNjlfNGU4Zl8yMDIxMTc3XzEwXzBfMTgwXzFfMF9ycy0xNjgyNTA1LnJ0LTEud3QtMA==","link":"//h5.mogujie.com/detail-normal/index.html?itemId=1m6om82&acm=3.ms.1_1_1m6om82.46.85483-68998.f6VZ2r7ngdOcR.ct_4403-sd_117-swt_46-imt_7-c_2_17_421559169_2021177_10_0-t_f6VZ2r7ngdOcR-lc_17-pit_2-c1_1682505_nil_nil_0_2021177_30_0-dit_31&cparam=MTU0MDM2MzAxMl8xMWtfNGMzNzBmYmRjZGI2MWNkYjhiYTM0ZDUyZWFlMWE2MzhfMTdfOV80MjE1NTkxNjlfNGU4Zl8yMDIxMTc3XzEwXzBfMTgwXzFfMF9ycy0xNjgyNTA1LnJ0LTEud3QtMA==","itemMarks":"-1","acm":"3.ms.1_1_1m6om82.46.85483-68998.f6VZ2r7ngdOcR.ct_4403-sd_117-swt_46-imt_7-c_2_17_421559169_2021177_10_0-t_f6VZ2r7ngdOcR-lc_17-pit_2-c1_1682505_nil_nil_0_2021177_30_0-dit_31","price_taglist":[],"title":"秋装新品女士棒球外套大码短外套韩版修身短款棒球服外套女薄款夹克显瘦开衫","type":2,"cparam":"MTU0MDM2MzAxMl8xMWtfNGMzNzBmYmRjZGI2MWNkYjhiYTM0ZDUyZWFlMWE2MzhfMTdfOV80MjE1NTkxNjlfNGU4Zl8yMDIxMTc3XzEwXzBfMTgwXzFfMF9ycy0xNjgyNTA1LnJ0LTEud3QtMA==","orgPrice":139,"props":["棒球外套","短款","大码","女士","修身","韩版"],"hasSimilarity":true,"lefttop_taglist":[],"cfav":"236","price":97,"leftbottom_taglist":[{"color":"#FFFFFF","bgColor":"#FF743C","content":"热卖"}],"similarityUrl":"//m.mogujie.com/wall/relative?pid=8872&iid=1m6om82&acm=3.ms.1_1_1m6om82.46.85483-68998.f6VZ2r7ngdOcR.ct_4403-sd_117-swt_46-imt_7-c_2_17_421559169_2021177_10_0-t_f6VZ2r7ngdOcR-lc_17-pit_2-c1_1682505_nil_nil_0_2021177_30_0-dit_31&itemType=7"},{"tradeItemId":"1kezr7q","img":"https://s11.mogucdn.com/mlcdn/c45406/170705_8fb78ej4b0k2icc241i013bk4adcl_640x960.jpg","iid":"1kezr7q","clientUrl":"//h5.mogujie.com/detail-normal/index.html?itemId=1kezr7q&acm=3.ms.1_4_1kezr7q.46.1194-68998.f6VZ2r7ngdOcR.sd_117-swt_46-imt_6-t_f6VZ2r7ngdOcR-lc_17-pit_1-qid_73215-dit_31","link":"//h5.mogujie.com/detail-normal/index.html?itemId=1kezr7q&acm=3.ms.1_4_1kezr7q.46.1194-68998.f6VZ2r7ngdOcR.sd_117-swt_46-imt_6-t_f6VZ2r7ngdOcR-lc_17-pit_1-qid_73215-dit_31","itemMarks":"1525 352 351","acm":"3.ms.1_4_1kezr7q.46.1194-68998.f6VZ2r7ngdOcR.sd_117-swt_46-imt_6-t_f6VZ2r7ngdOcR-lc_17-pit_1-qid_73215-dit_31","price_taglist":[],"title":"两面穿2018秋装新款韩版BF风原宿风字母印花休闲宽松夹克棒球衫棒球服外套女","type":2,"orgPrice":128,"props":["棒球服","两面穿","bf风","原宿风","休闲宽松","字母印花","新款","韩版"],"hasSimilarity":true,"lefttop_taglist":[],"cfav":2000,"price":79.3,"leftbottom_taglist":[],"similarityUrl":"//m.mogujie.com/wall/relative?pid=8872&iid=1kezr7q&acm=3.ms.1_4_1kezr7q.46.1194-68998.f6VZ2r7ngdOcR.sd_117-swt_46-imt_6-t_f6VZ2r7ngdOcR-lc_17-pit_1-qid_73215-dit_31&itemType=6"},{"tradeItemId":"1m9rv8w","img":"https://s11.mogucdn.com/mlcdn/55cf19/181012_8eg0i80k7a6jj9e32034hei85giaf_640x960.jpg","iid":"1m9rv8w","clientUrl":"//h5.mogujie.com/detail-normal/index.html?itemId=1m9rv8w&acm=3.ms.1_4_1m9rv8w.46.1194-68998.f6VZ2r7ngdOcR.sd_117-swt_46-imt_6-t_f6VZ2r7ngdOcR-lc_17-pit_1-qid_73215-dit_31","link":"//h5.mogujie.com/detail-normal/index.html?itemId=1m9rv8w&acm=3.ms.1_4_1m9rv8w.46.1194-68998.f6VZ2r7ngdOcR.sd_117-swt_46-imt_6-t_f6VZ2r7ngdOcR-lc_17-pit_1-qid_73215-dit_31","itemMarks":"1525 352 351","acm":"3.ms.1_4_1m9rv8w.46.1194-68998.f6VZ2r7ngdOcR.sd_117-swt_46-imt_6-t_f6VZ2r7ngdOcR-lc_17-pit_1-qid_73215-dit_31","price_taglist":[],"title":"秋装bf原宿原宿字母印花棒球服女2018新款韩版学生宽松休闲上衣时尚小清新外套潮","type":2,"orgPrice":120,"props":["印花棒球服","bf原宿","原宿","字母","宽松","时尚","新款","韩版"],"hasSimilarity":true,"lefttop_taglist":[],"cfav":29,"price":83.9,"leftbottom_taglist":[],"similarityUrl":"//m.mogujie.com/wall/relative?pid=8872&iid=1m9rv8w&acm=3.ms.1_4_1m9rv8w.46.1194-68998.f6VZ2r7ngdOcR.sd_117-swt_46-imt_6-t_f6VZ2r7ngdOcR-lc_17-pit_1-qid_73215-dit_31&itemType=6"},{"tradeItemId":"1koik60","img":"https://s11.mogucdn.com/mlcdn/c45406/171024_6f6ge1hf2ki3bcb05l687ajf7k269_640x960.jpg","iid":"1koik60","clientUrl":"//h5.mogujie.com/detail-normal/index.html?itemId=1koik60&acm=3.ms.1_4_1koik60.46.1194-68998.f6VZ2r7ngdOcR.sd_117-swt_46-imt_6-t_f6VZ2r7ngdOcR-lc_17-pit_1-qid_73215-dit_31","link":"//h5.mogujie.com/detail-normal/index.html?itemId=1koik60&acm=3.ms.1_4_1koik60.46.1194-68998.f6VZ2r7ngdOcR.sd_117-swt_46-imt_6-t_f6VZ2r7ngdOcR-lc_17-pit_1-qid_73215-dit_31","itemMarks":"352 351","acm":"3.ms.1_4_1koik60.46.1194-68998.f6VZ2r7ngdOcR.sd_117-swt_46-imt_6-t_f6VZ2r7ngdOcR-lc_17-pit_1-qid_73215-dit_31","price_taglist":[],"title":"原宿长袖夹克纯色棒球服bf蝙蝠袖情侣短外套女春秋宽松韩版学生","type":2,"orgPrice":127.92,"props":["棒球服","原宿","蝙蝠袖","宽松","纯色","春秋","韩版"],"hasSimilarity":true,"lefttop_taglist":[],"cfav":740,"price":82.98,"leftbottom_taglist":[],"similarityUrl":"//m.mogujie.com/wall/relative?pid=8872&iid=1koik60&acm=3.ms.1_4_1koik60.46.1194-68998.f6VZ2r7ngdOcR.sd_117-swt_46-imt_6-t_f6VZ2r7ngdOcR-lc_17-pit_1-qid_73215-dit_31&itemType=6"},{"tradeItemId":"1k22fbe","img":"https://s11.mogucdn.com/p2/160909/11joyz_78jb8e45i6jc2e6kieae75kj8bj62_640x960.jpg","iid":"1k22fbe","clientUrl":"//h5.mogujie.com/detail-normal/index.html?itemId=1k22fbe&acm=3.ms.1_4_1k22fbe.46.1194-68998.f6VZ2r7ngdOcR.sd_117-swt_46-imt_6-t_f6VZ2r7ngdOcR-lc_17-pit_1-qid_73215-dit_31","link":"//h5.mogujie.com/detail-normal/index.html?itemId=1k22fbe&acm=3.ms.1_4_1k22fbe.46.1194-68998.f6VZ2r7ngdOcR.sd_117-swt_46-imt_6-t_f6VZ2r7ngdOcR-lc_17-pit_1-qid_73215-dit_31","itemMarks":"1525 82 72","acm":"3.ms.1_4_1k22fbe.46.1194-68998.f6VZ2r7ngdOcR.sd_117-swt_46-imt_6-t_f6VZ2r7ngdOcR-lc_17-pit_1-qid_73215-dit_31","price_taglist":[],"title":"江疏影明星同款2017秋季新款韩版休闲棒球服女夹克棒球外套女","type":2,"orgPrice":98.58,"props":["棒球外套","明星同款","秋季","新款","韩版"],"hasSimilarity":true,"lefttop_taglist":[],"cfav":14335,"price":69,"leftbottom_taglist":[],"similarityUrl":"//m.mogujie.com/wall/relative?pid=8872&iid=1k22fbe&acm=3.ms.1_4_1k22fbe.46.1194-68998.f6VZ2r7ngdOcR.sd_117-swt_46-imt_6-t_f6VZ2r7ngdOcR-lc_17-pit_1-qid_73215-dit_31&itemType=6"},{"tradeItemId":"1m9nr3u","img":"https://s11.mogucdn.com/mlcdn/c45406/181012_37e9f699cc34197c1f5j7226e5eec_640x960.jpg","iid":"1m9nr3u","clientUrl":"//h5.mogujie.com/detail-normal/index.html?itemId=1m9nr3u&acm=3.ms.1_4_1m9nr3u.46.1194-68998.f6VZ2r7ngdOcR.sd_117-swt_46-imt_6-t_f6VZ2r7ngdOcR-lc_17-pit_1-qid_73215-dit_31","link":"//h5.mogujie.com/detail-normal/index.html?itemId=1m9nr3u&acm=3.ms.1_4_1m9nr3u.46.1194-68998.f6VZ2r7ngdOcR.sd_117-swt_46-imt_6-t_f6VZ2r7ngdOcR-lc_17-pit_1-qid_73215-dit_31","itemMarks":"1525 352 351","acm":"3.ms.1_4_1m9nr3u.46.1194-68998.f6VZ2r7ngdOcR.sd_117-swt_46-imt_6-t_f6VZ2r7ngdOcR-lc_17-pit_1-qid_73215-dit_31","price_taglist":[],"title":"2018秋短款外套女2018新款时尚休闲棒球服外衣韩版百搭短装秋季夹克","type":2,"orgPrice":124.4,"props":["休闲棒球服","百搭","新款时尚","韩版"],"hasSimilarity":true,"lefttop_taglist":[],"cfav":3,"price":87,"leftbottom_taglist":[],"similarityUrl":"//m.mogujie.com/wall/relative?pid=8872&iid=1m9nr3u&acm=3.ms.1_4_1m9nr3u.46.1194-68998.f6VZ2r7ngdOcR.sd_117-swt_46-imt_6-t_f6VZ2r7ngdOcR-lc_17-pit_1-qid_73215-dit_31&itemType=6"},{"tradeItemId":"1m624qo","img":"https://s11.mogucdn.com/mlcdn/c45406/180717_5ed467hf3757gj8l52kdle8ajg0l6_640x960.jpg","iid":"1m624qo","clientUrl":"//h5.mogujie.com/detail-normal/index.html?itemId=1m624qo&acm=3.ms.1_4_1m624qo.46.1194-68998.f6VZ2r7ngdOcR.sd_117-swt_46-imt_6-t_f6VZ2r7ngdOcR-lc_17-pit_1-qid_73215-dit_31","link":"//h5.mogujie.com/detail-normal/index.html?itemId=1m624qo&acm=3.ms.1_4_1m624qo.46.1194-68998.f6VZ2r7ngdOcR.sd_117-swt_46-imt_6-t_f6VZ2r7ngdOcR-lc_17-pit_1-qid_73215-dit_31","itemMarks":"1525 352 1232 1990 82 351","acm":"3.ms.1_4_1m624qo.46.1194-68998.f6VZ2r7ngdOcR.sd_117-swt_46-imt_6-t_f6VZ2r7ngdOcR-lc_17-pit_1-qid_73215-dit_31","price_taglist":[],"title":"2018早秋新款chic韩版宽松单排扣港风棒球服立领短款学生外套潮","type":2,"orgPrice":140,"props":["棒球服","立领","短款","单排扣","宽松","港风","新款","韩版"],"hasSimilarity":true,"lefttop_taglist":[],"cfav":5363,"price":97,"leftbottom_taglist":[],"similarityUrl":"//m.mogujie.com/wall/relative?pid=8872&iid=1m624qo&acm=3.ms.1_4_1m624qo.46.1194-68998.f6VZ2r7ngdOcR.sd_117-swt_46-imt_6-t_f6VZ2r7ngdOcR-lc_17-pit_1-qid_73215-dit_31&itemType=6"}],"offset":30,"title":"搜索图强","isEnd":false},"priceList":[{"minPrice":60,"maxPrice":80},{"minPrice":80,"maxPrice":100},{"minPrice":100,"maxPrice":200}]},"success":true}